502975176;1;-7;-165;-517;-564;12;52;-80;
502976269;-8;2;-170;-620;-570;-101;31;-71;
502977302;3;9;-170;-608;-565;12;45;-80;
502978397;-14;-14;-169;-629;-578;-12;18;-97;
502979466;23;0;-166;-623;-567;10;40;-77;
502980528;9;1;-165;-618;-564;9;52;-88;
502981578;-124;5;-161;-613;-567;0;38;-107;
502982613;9;-5;-153;-614;-563;-18;50;-76;
502983665;-13;-21;-175;-628;-581;-8;27;-101;
502984691;7;1;-159;-606;-563;8;41;-70;
502985774;-2;-16;-181;-623;-574;-18;24;-92;
502986894;-16;7;-169;-622;-572;-5;46;-102;
502987997;4;-8;-126;-618;-562;-10;42;-97;
502989098;10;4;-159;-630;-553;2;32;-76;
502990200;-8;-8;-229;-622;-588;0;37;-94;
502991309;3;12;-164;-608;-566;10;49;-77;
502992419;7;-18;-169;-625;-570;7;33;-85;
502993534;4;-6;-165;-627;-570;0;31;-95;
502994613;-4;0;-162;-618;-567;15;36;-115;
502995718;5;-3;-158;-621;-570;5;45;-81;
502996817;13;-8;-156;-615;-553;2;42;-79;
502997924;-8;-12;-168;-630;-574;-25;26;-115;
502999051;2;0;-159;-618;-564;8;52;-86;
503000145;4;-3;-156;-618;-568;14;38;-62;
503001244;5;-2;-162;-635;-564;6;32;-80;
503002362;3;-9;-205;-616;-572;0;34;-92;
503003474;13;3;-163;-613;-571;14;48;-80;
503004582;-8;-12;-154;-615;-560;-5;34;-87;
503005698;-118;15;-175;-613;-561;6;68;-92;
503006782;-28;-30;-297;-640;-591;-24;15;-96;
503007885;-6;-1;-163;-604;-568;11;47;-78;
503008977;-8;-3;-179;-625;-574;-5;37;-103;
503010083;3;0;-166;-632;-564;-4;39;-84;
503011187;-2;9;-166;-611;-541;15;39;-77;
503012217;3;4;-165;-612;-546;0;39;-75;
503013292;5;18;-152;-606;-558;16;41;-78;
503014398;-29;-25;-176;-636;-584;-17;21;-108;
503015528;-8;-14;-165;-624;-565;-12;47;-83;
503016626;-4;0;-176;-632;-570;-2;31;-93;
503017710;-11;-8;-178;-609;-578;-16;44;-85;
503018790;-13;-9;-172;-641;-447;2;41;-96;
503019811;0;-7;-170;-629;-565;41;40;-89;
503020832;-3;-11;-167;-614;-556;10;35;-90;
503021859;-15;-1;-196;-616;-572;-9;47;-82;
503022878;-6;-8;-183;-637;-547;-12;23;-104;
503023901;-3;-5;-166;-621;-569;1;4;-88;
503024923;8;6;-162;-616;-567;1;53;-83;
503025948;3;-2;-158;-601;-564;0;38;-91;
503026989;-2;-1;-166;-624;-569;1;46;-90;
503028018;-13;2;-172;-629;-574;-5;47;-83;
503029044;13;42;-161;-617;-556;-2;46;-92;
503030076;-5;-5;-167;-613;-572;-6;37;-94;
503031103;-18;-11;-258;-627;-575;-11;24;-110;
503032189;5;3;-157;-615;-555;7;43;-86;
503033221;-15;-19;-169;-633;-575;-10;28;-99;
503034242;3;7;-169;-620;-569;0;39;-96;
503035265;50;0;-166;-622;-555;9;52;-78;
503036285;5;0;-145;-618;-556;21;56;-75;
503037306;0;2;-160;-633;-553;1;51;-79;
503038324;2;2;-157;-614;-580;0;47;-78;
503039346;-5;1;-175;-623;-572;8;46;-83;
503040373;-15;-18;-166;-633;-574;3;29;-98;
503041399;-4;14;-170;-606;-550;4;39;-89;
503042436;-4;-3;-170;-672;-565;0;35;-84;
503043470;5;-4;-171;-610;-556;3;42;-97;
503044502;-14;-14;-180;-628;-575;-11;44;-107;
503045530;-6;9;-173;-698;-564;11;36;-94;
503046558;-60;-51;-222;-680;-627;-60;-29;-196;
503047589;5;0;-165;-598;-558;0;37;-95;
503048658;-5;10;-162;-623;-563;9;47;-95;
503049679;-1;-14;-186;-629;-565;-39;47;-97;
503050702;-8;-1;-159;-618;-559;-8;46;-93;
503051724;126;4;-160;-618;-562;3;48;-90;
503062978;-9;-13;-163;-625;-576;7;44;-100;
503064111;-108;-6;-172;-639;-576;-9;35;-88;
503065203;-15;-14;-177;-636;-574;-5;36;-96;
503066286;2;10;-178;-606;-555;20;41;-94;
503067343;-1;5;-225;-619;-572;1;47;-86;
503068365;9;-1;-150;-618;-564;0;45;-95;
503069387;-7;-5;-177;-626;-575;-8;30;-103;
503070412;9;-5;-168;-623;-572;-5;45;-96;
503071439;-5;-1;-162;-619;-568;-5;42;-96;
503072460;29;-6;-173;-659;-570;-1;41;-96;
503073481;2;-7;-180;-627;-570;-9;28;-92;
503074518;0;0;-171;-606;-562;5;38;-95;
503075559;-4;-9;-167;-623;-565;-6;34;-93;
503076585;9;12;-174;-623;-561;3;42;-95;
503077614;9;-5;-168;-623;-569;-4;53;-91;
503078642;-16;-16;-178;-625;-577;0;37;-101;
503079660;-9;4;-172;-627;-560;11;30;-91;
503080691;11;11;-170;-608;-567;15;42;-92;
503081760;8;-2;-156;-608;-567;12;41;-85;
503082825;12;13;-167;-617;-549;3;40;-86;
503083858;-5;-5;-160;-623;-572;-2;25;-105;
503084888;-12;-10;-162;-622;-556;17;47;-84;
503085971;-5;1;-159;-616;-566;11;49;-92;
503086997;-6;-7;-172;-623;-557;-5;56;-106;
503088077;48;1;-169;-620;-567;-2;42;-82;
503089106;15;-1;-168;-633;-566;4;41;-86;
503090159;0;4;-166;-614;-568;4;47;-83;
503091214;-8;-7;-176;-623;-568;2;38;-94;
503092258;77;5;-161;-612;-562;11;53;-92;
503093347;-13;3;-175;-628;-572;0;33;-92;
503094461;18;-8;-161;-612;-563;6;58;-72;
503095565;-13;-14;-195;-645;-574;-54;39;-104;
503096664;20;30;-130;-596;-540;42;77;-66;
503097778;-4;-16;-184;-627;-592;-15;27;-103;
503098882;-6;-8;-175;-625;-568;9;42;-99;
503099997;6;4;-174;-648;-554;-4;34;-85;
503101096;-10;-3;-166;-626;-574;4;48;-93;
503102199;5;-11;-171;-619;-571;-4;48;-94;
503103282;9;2;-169;-617;-558;2;49;-79;
503104399;-3;-8;-162;-615;-571;-1;47;-92;
503105518;-2;-4;-152;-620;-558;14;47;-67;
503106621;16;-3;-175;-621;-571;2;44;-139;
503107709;-5;3;-160;-611;-550;27;42;-84;
503108810;4;15;-131;-624;-556;0;50;-81;
503109923;-4;1;-159;-617;-570;17;44;-93;
503111024;-4;-12;-171;-621;-572;7;38;-95;
503112084;25;13;-144;-601;-554;19;64;-64;
503113180;-2;3;-167;-620;-464;8;35;-88;
503114284;-4;9;-155;-615;-552;-4;32;-81;
503115390;7;-7;-163;-620;-555;4;24;-93;
503116508;-19;-14;-177;-625;-577;-22;35;-106;
503117610;6;0;-157;-624;-567;5;41;-85;
503118698;-11;18;-177;-626;-565;6;48;-81;
503119783;-3;-9;-163;-627;-576;-7;32;-91;
503120867;-6;-2;-173;-632;-571;4;36;-85;
503121983;12;-3;-166;-634;-552;6;46;-68;
503123088;-6;-13;-166;-629;-578;-22;29;-101;
503124196;-10;-7;-166;-625;-570;11;35;-72;
503125322;0;-3;-174;-621;-555;-2;32;-77;
503126410;-17;6;-166;-620;-564;-23;39;-86;
503127521;0;-12;-166;-632;-561;0;43;-103;
503128624;11;-15;-178;-614;-569;-5;35;-82;
503129732;-2;-3;-159;-636;-561;2;149;-92;
503130806;0;-3;-161;-620;-568;16;42;-83;
503131890;1;6;-167;-634;-553;-118;48;-79;
503132981;-3;-1;-169;-623;-575;-14;20;-90;
503134076;-18;-19;-169;-636;-582;-18;35;-99;
503135187;-132;-29;-185;-650;-596;-11;19;-119;
503136278;-2;-1;-166;-617;-563;-9;37;-83;
503137370;15;11;-165;-609;-564;2;50;-82;
503138490;-10;-14;-167;-638;-550;17;34;-90;
503139588;14;19;-152;-607;-537;18;57;-68;
503140690;-10;-20;-172;-633;-585;-2;81;-89;
503141806;-9;-8;-164;-635;-570;3;36;-92;
503142909;-2;6;-171;-628;-564;-16;61;-83;
503144010;-50;-55;-214;-672;-612;-58;-13;-138;
503145100;-3;-5;-176;-631;-561;4;49;-97;
503146216;-7;-5;-157;-632;-564;2;50;-77;
503147329;17;-5;-158;-626;-571;-3;33;-98;
503148440;-10;-2;-169;-640;-570;-24;37;-80;
503149467;-4;-8;-160;-613;-581;-10;51;-86;
503150551;13;-3;-148;-613;-550;9;36;-75;
503151665;21;4;-158;-616;-570;13;40;-75;
503152772;10;12;-142;-600;-532;11;41;-83;
503153875;1;-6;-148;-637;-560;-5;30;-83;
503154975;0;-5;-169;-630;-577;3;33;-91;
503156102;3;-1;-163;-622;-567;4;32;-84;
503157212;5;5;-160;-613;-551;16;45;-90;
503158313;19;15;-166;-614;-572;4;54;-79;
503159445;2;-1;-170;-619;-564;15;37;-80;
503160543;-10;-9;-172;-632;-578;-10;31;-50;
503161636;-1;-4;-171;-622;-565;-29;46;-82;
503162732;-37;-25;-190;-641;-593;-26;9;-110;
503163827;0;-8;-166;-614;-567;-8;38;-77;
503164945;-22;-1;-156;-626;-558;-2;46;-88;
503166055;0;5;-166;-531;-567;1;55;-89;
503167164;-3;2;-164;-617;-572;8;46;-98;
503168295;10;-9;-160;-625;-572;2;42;-92;
503169372;6;5;-156;-632;-567;17;48;-81;
503170455;8;2;-164;-512;-567;16;44;-84;
503171589;2;23;-140;-607;-552;50;61;-70;
503172693;-4;-16;-191;-635;-586;-18;13;-103;
503173804;1;-1;-158;-634;-570;-2;43;-94;
503174903;9;4;-157;-615;-562;4;54;-85;
503176003;-1;9;-173;-632;-548;-5;58;-95;
503177086;8;-2;-142;-633;-560;8;41;-92;
503178116;-1;-9;-171;-624;-568;3;37;-108;
503179136;-1;2;-170;-632;-567;19;43;-98;
503180156;-2;-7;-169;-622;-572;2;45;-90;
503181178;12;0;-167;-620;-566;8;44;-78;
503182201;-1;-25;-144;-617;-568;-1;56;-86;
503183224;-56;-54;-213;-691;-627;-57;-20;-161;
503184247;-7;3;-171;-622;-574;4;41;-96;
503185270;-6;-3;-165;-618;-559;-6;44;-86;
503186293;12;-1;-155;-642;-565;-5;25;-104;
503187319;2;-9;-123;-613;-575;-4;29;-98;
503188354;-3;1;-150;-619;-561;1;38;-84;
503189387;0;10;-162;-605;-558;5;41;-85;
503190450;-14;-20;-177;-634;-577;-10;42;-110;
503191560;-8;-6;-183;-639;-582;-14;26;-101;
503192687;-1;-3;-152;-621;-585;-5;31;-85;
503193802;1;1;-155;-621;-567;46;38;-98;
503194904;2;0;-156;-632;-562;0;46;-88;
503195998;0;0;-166;-623;-569;-6;48;-79;
503197020;-7;-15;-178;-627;-567;-8;56;-99;
503198042;11;0;-172;-611;-567;2;45;-99;
503199063;5;1;-152;-617;-566;4;36;-93;
503200085;13;9;-161;-620;-567;2;46;-86;
503201101;-1;-2;-156;-624;-559;3;46;-91;
503202122;-8;0;-167;-634;-562;-2;35;-98;
503203156;-20;10;-169;-630;-580;-4;41;-106;
503204192;10;11;-156;-615;-538;9;47;-68;
503205216;4;2;-168;-633;-564;-1;37;-116;
503206248;0;-6;-172;-625;-586;-6;36;-101;
503207281;-3;-8;-164;-605;-566;8;48;-94;
503208311;10;3;-169;-627;-647;3;45;-95;
503209326;0;3;-159;-623;-573;-15;34;-99;
503210350;-1;15;-165;-623;-568;10;42;-88;
503211374;-2;-5;-168;-618;-563;3;38;-85;
503212397;-2;-2;-149;-616;-557;3;36;-79;
503213422;0;-8;-184;-619;-567;0;45;-77;
503214444;-10;-7;-162;-632;-572;6;39;-78;
503215465;10;11;-155;-620;-568;-2;36;-83;
503216491;6;-4;-161;-610;-560;0;32;-91;
503217513;-4;3;-154;-622;-554;3;45;-84;
503218540;65;62;-94;-556;-499;68;97;-30;
503219565;-20;-11;-174;-630;-572;-19;38;-102;
503220602;1;12;-151;-617;-564;3;3;-57;
503221631;0;0;-167;-623;-570;0;50;-97;
503222662;-29;-3;-171;-622;-575;4;38;-44;
503223691;-2;3;-172;-613;-566;-10;32;-84;
503224719;-7;-8;-167;-618;-565;-2;38;-95;
503225749;-9;-9;-167;-632;-577;0;38;-87;
503226771;12;16;-149;-602;-545;22;60;-63;
503227792;4;6;-154;-617;-571;-7;48;-114;
503228821;-2;-3;-168;-635;-566;-3;35;-94;
503260989;-5;-2;-157;-614;-563;5;44;-73;
503262089;-18;-23;-182;-613;-573;-16;32;-123;
503263193;-4;6;-168;-634;-552;13;35;-79;
503264293;-1;-3;-122;-628;-573;-13;25;-90;
503265401;-8;5;-154;-632;-567;10;45;-85;
503266533;-11;-2;-169;-619;-572;-1;31;-84;
503267633;1;-29;-159;-637;-557;-3;29;-85;
503268755;0;1;-159;-622;-584;-3;39;-88;
503269859;-4;19;-157;-625;-567;-4;34;-85;
503270951;-7;-7;-175;-629;-580;3;33;-88;
503272081;-27;-18;-180;-627;-576;3;32;-90;
503273180;-1;10;-164;-625;-571;-7;51;-84;
503274292;-2;20;-155;-636;-565;-1;40;-71;
503275379;-15;3;-179;-646;-572;3;41;-87;
503276447;82;71;-95;-563;-494;73;112;-2;
503277472;-2;2;-159;-620;-568;2;50;-77;
503278505;-2;9;-156;-724;-572;3;41;-72;
503279620;-6;6;-155;-599;-577;16;83;-73;
503280726;15;7;-147;-664;-567;-3;56;-67;
503281832;1;-3;-151;-628;-563;0;33;-79;
503282930;-14;0;-170;-621;-569;-1;41;-78;
503284036;-4;-5;-166;-623;-579;4;38;-79;
503285151;9;7;-167;-620;-562;18;50;-65;
503286268;-21;-8;-174;-623;-566;-9;46;-74;
503287376;-2;6;-156;-620;-569;3;31;-76;
503288487;13;10;-161;-632;-571;5;53;-68;
503289600;0;12;-145;-633;-565;0;42;-76;
503290708;-1;-9;-169;-610;-572;0;54;-73;
503291809;-23;-10;-176;-639;-583;-6;28;-84;
503292904;-17;-19;-180;-626;-591;-21;19;-89;
503294010;-3;-7;-165;-625;-550;2;41;-70;
503295096;0;5;-155;-611;-564;7;49;-58;
503296200;-15;-11;-171;-634;-579;68;-90;-107;
503297253;-109;-4;-172;-633;-575;-9;15;-76;
503298318;-8;1;-154;-614;-561;4;39;-72;
503299447;-26;3;-174;-632;-571;2;43;-70;
503300561;-2;1;-154;-618;-691;1;53;-70;
503301667;3;25;-151;-623;-563;4;47;-76;
503302750;-8;-1;-169;-622;-567;-4;53;-68;
503303874;0;4;-172;-623;-567;0;47;-80;
503304981;-3;-8;-160;-614;-586;-6;89;-67;
503306075;-14;-2;-156;-624;-574;-2;45;-73;
503307145;3;-3;-157;-635;-552;6;43;-67;
503308255;-9;-32;-169;-641;-559;6;25;-71;
503309343;1;-8;-185;-618;-553;-1;35;-72;
503310463;24;22;-150;-604;-551;11;52;-53;
503311570;-3;10;-159;-625;-570;-10;38;-73;
503312658;-11;-10;-167;-631;-577;-12;32;-83;
503313757;10;-1;-161;-619;-573;9;55;-63;
503314876;-7;-2;-161;-641;-560;-6;32;-83;
503315984;-9;-5;-154;-619;-566;-11;38;-21;
503317084;-3;-3;-168;-625;-559;0;38;-69;
503318176;4;-5;-162;-627;-572;13;47;-71;
503319283;-4;0;-163;-627;-571;-4;42;-81;
503320399;-1;-2;-155;-604;-568;-4;41;-74;
503321517;53;51;-98;-562;-509;57;99;-8;
503322608;1;15;-171;-607;-680;0;31;-62;
503323700;9;12;-147;-601;-564;3;53;-63;
503324825;8;-2;-146;-624;-544;8;55;-69;
503325937;-35;-22;-169;-644;-576;-7;31;-89;
503327039;2;0;-164;-606;-561;5;52;-64;
503328140;-12;-21;-171;-629;-575;-9;40;-71;
503329235;-1;16;-160;-612;-564;-1;40;-77;
503330279;7;3;-150;-611;-556;7;45;-62;
503331308;6;-8;-162;-623;-562;8;38;-51;
503332335;3;0;-156;-614;-567;0;47;-64;
503333372;0;-1;-161;-610;-559;0;42;-65;
503334417;-20;-7;-165;-629;-571;-13;26;-70;
503335447;40;50;-115;-568;-517;50;90;-12;
503336481;-7;-8;-160;-629;-574;-4;16;-86;
503337505;5;2;-178;-629;-562;8;34;-101;
503338540;-11;-106;-168;-619;-578;-6;28;-76;
503339576;0;-4;-155;-618;-570;0;26;-58;
503340607;-22;-27;-184;-646;-586;-14;38;-67;
503341635;-10;-12;-167;-621;-564;6;-11;-74;
503342664;12;4;-158;-603;-556;20;41;-65;
503343692;59;8;-161;-616;-554;51;0;-58;
503344721;3;1;-166;-616;-552;31;35;-68;
503345759;4;-2;-168;-621;-557;8;55;-66;
503346783;-9;-10;-176;-627;-573;-62;30;-68;
503347814;-6;0;-173;-640;-567;13;45;-69;
503348844;-2;-6;-165;-623;-557;12;44;-61;
503349873;9;27;-171;-610;-560;11;38;-57;
503350908;22;-3;-170;-621;-558;-8;32;-69;
503351943;13;-3;-168;-620;-568;11;38;-70;
503352972;-1;3;-161;-625;-568;0;99;-72;
503354007;-1;-1;-186;-620;-559;0;35;-69;
503355036;-6;-13;-176;-622;-570;3;42;-77;
503356072;-10;-13;-182;-645;-566;-10;29;-75;
503357176;-22;-9;-182;-627;-582;-12;20;-81;
503358217;-7;-5;-162;-621;-570;6;48;-75;
503359283;9;-8;-161;-632;-561;8;41;-68;
503360319;9;-4;-179;-618;-576;-5;32;-65;
503361353;-6;-18;-180;-629;-575;4;38;-78;
503362382;-8;-5;-165;-618;-559;6;52;-69;
503374795;-3;3;-161;-615;-545;-2;27;-59;
503375898;2;-6;-169;-608;-563;-6;54;-75;
503376992;-24;-26;-172;-634;-577;-10;14;-80;
503378100;-5;-9;-171;-625;-561;8;29;-71;
503379214;-4;-2;-165;-632;-567;5;40;-84;
503380335;-6;-5;-168;-637;-560;0;33;-82;
503381458;-4;-1;-154;-618;-562;0;38;-66;
503382570;-17;-1;-171;-622;-577;-6;44;-62;
503383677;35;-23;-177;-626;-574;-4;22;-71;
503384795;-3;-11;-168;-635;-581;-10;28;-78;
503385893;-4;-5;-166;-623;-560;-5;40;-63;
503386956;-5;-2;-153;-611;-561;2;56;-47;
503388029;-14;-24;-174;-630;-580;-4;14;-72;
503389067;9;-2;-165;-622;-561;-6;29;-57;
503390120;-10;-15;-171;-633;-577;-15;25;-74;
503391171;-7;-8;-165;-618;-527;0;44;-63;
503392198;25;-6;-176;-617;-548;4;40;-63;
503393243;9;-5;-166;-618;-555;-3;42;-56;
503394269;5;-17;-168;-623;-558;4;41;-55;
503395302;1;-6;-157;-570;-560;-2;45;-88;
503396354;13;1;-144;-611;-547;18;65;-35;
503397487;-1;-17;-165;-616;-545;-3;27;-61;
503398595;-17;-25;-171;-633;-566;-12;19;-75;
503399709;5;-13;-152;-611;-557;15;42;-52;
503400816;54;-8;-163;-624;-549;1;32;-64;
503401869;16;1;-160;-613;-558;15;38;-37;
503402904;44;-5;-159;-618;-565;0;34;-55;
503403940;9;-20;-158;-616;-552;5;40;-51;
503404971;0;-12;-154;-607;-556;-4;34;-64;
503405996;-4;-15;-170;-607;-552;6;38;-60;
503407039;-12;82;-182;-627;-567;-10;33;-49;
503408067;2;10;-154;-622;-454;1;41;-51;
503409098;-14;-16;-162;-623;-571;-4;12;-54;
503410134;-25;-36;-184;-642;-585;-24;28;-78;
503411168;11;-6;-173;-617;-554;11;43;-56;
503412197;-9;-13;-174;-627;-555;-13;31;-46;
503413221;-10;-22;-173;-629;-575;-21;29;-59;
503414288;1;-13;-157;-633;-562;2;28;-147;
503415374;-5;-33;-175;-623;-556;-1;26;-51;
503416414;-3;-23;-152;-612;-566;0;32;-45;
503417497;-13;-22;-163;-628;-578;-14;38;-51;
503418530;-12;-19;-161;-640;-557;-11;32;-50;
503419561;6;-24;-173;-641;-561;-14;32;-64;
503420592;-17;-27;-164;-645;-584;-12;24;-72;
503421653;3;-18;-168;-621;-578;4;37;-53;
503422725;-12;-25;-170;-630;-574;-7;26;-64;
503423765;-18;-26;-174;-634;-575;-13;24;-48;
503424800;-9;-64;-175;-642;-588;-7;39;-48;
503425861;-2;-20;-154;-618;-564;3;31;-58;
503426888;-13;-20;-171;-629;-574;1;32;-62;
503427918;-11;-17;-170;-622;-583;-6;18;-56;
503428957;5;-6;-151;-628;-575;-4;35;-54;
503430002;-10;-6;-156;-642;-581;11;40;-59;
503431115;-7;-17;-158;-627;-571;-3;32;-56;
503432233;-8;-17;-162;-633;-565;2;40;-62;
503433334;-11;-23;-168;-635;-575;6;21;-62;
503434460;12;-14;-154;-619;-568;4;45;-50;
503435564;-9;-24;-162;-625;-574;2;29;-66;
503436661;9;-41;-169;-648;-562;5;32;-45;
503437703;5;-7;-172;-618;-556;6;42;-45;
503438785;-2;-9;-150;-643;-571;5;36;-54;
503439871;-6;-13;-159;-620;-565;3;39;-43;
503440908;-5;-17;-159;-630;-580;-5;36;-66;
503441974;-10;-17;-147;-623;-557;11;43;-52;
503443020;1;-11;-154;-635;-563;6;36;-49;
503444050;-20;-10;-180;-595;-578;-13;30;-64;
503445085;-4;-8;-161;-640;-563;7;37;-51;
503446120;30;5;-139;-610;-539;26;65;-26;
503447205;-2;-19;-172;-634;-576;14;29;0;
503448309;-13;-5;-169;-625;-566;-32;43;-58;
503449442;-2;-7;-157;-631;-567;8;39;-50;
503450528;0;0;-163;-617;-562;-2;40;-90;
503451628;-3;-3;-157;-618;-579;-3;36;-58;
503452705;1;-11;-149;-620;-547;8;36;-49;
503453735;-5;-16;-170;-623;-572;-4;36;-82;
503454763;3;-10;-172;-638;-583;4;23;-57;
503455837;-62;-64;-205;-688;-619;-54;-13;-106;
503456893;-21;-25;-166;-641;-581;-9;41;-49;
503457918;-8;-13;-174;-631;-566;-8;29;-67;
503458957;7;4;-159;-624;-552;17;45;-43;
503459984;-1;-1;-154;-624;-567;0;41;-50;
503461024;-6;-20;-172;-641;-573;-1;35;-58;
503462054;36;-9;-162;-628;-576;-9;25;-53;
503463081;-6;-15;-160;-639;-571;-4;34;-59;
503464110;-15;-26;-165;-633;-581;-4;33;-64;
503465138;3;0;-146;-631;-554;17;55;-41;
503466173;-9;-49;-162;-645;-584;3;30;-63;
503467208;12;-7;-155;-619;-568;-1;40;-58;
503468244;-5;-4;-156;-642;-570;9;38;-52;
503469278;6;-4;-150;-636;-568;4;50;-29;
503470318;110;-14;-157;-630;-565;2;37;-56;
503471385;47;-15;-163;-639;-574;-7;34;29;
503472421;-13;-22;-158;-641;-586;1;33;-61;
503473461;0;-6;-168;-639;-586;-3;31;-59;
503474496;-20;-33;-166;-647;-577;-13;32;-66;
503475525;-23;-25;-168;-660;-583;-2;33;-60;
503476561;-11;3;-155;-624;-571;1;46;-51;
503477609;14;-14;-145;-626;-558;24;57;-26;
503478659;-13;-18;-186;-633;-568;-104;34;-52;
503479687;-26;-18;-150;-642;-568;-1;51;-48;
503480790;-5;-18;-157;-646;-577;5;47;-44;
503481902;0;-51;-156;-637;-568;3;32;-41;
503482997;-2;-21;-147;-646;-585;7;31;-52;
503484097;-9;-22;-158;-649;-594;-3;31;-46;
503485203;-9;-30;-161;-644;-575;0;17;-50;
503486232;-12;-29;-166;-652;-583;-10;26;-45;
503487329;-49;-50;-183;-673;-618;-33;10;-67;
503488367;-26;-29;-163;-658;-600;-11;20;-69;
503489409;-47;-5;-159;-641;-587;-3;30;-40;
503490446;-4;-16;-153;-644;-578;5;37;-37;
503491504;-8;-16;-168;-657;-596;-9;33;-50;
503492576;-12;-16;-154;-651;-581;-3;37;-45;
503493639;-17;-34;-167;-657;-610;-13;25;-33;
503494674;-1;-3;-152;-652;-584;11;41;-51;
503495755;-10;-29;-158;-653;-585;-10;24;-54;
503496789;-9;-5;-156;-649;-586;-13;43;-41;
503497822;-9;-12;-158;-637;-581;-5;34;-52;
503498855;-14;-20;-161;-676;-580;-4;29;-60;
503499887;-5;-8;-149;-632;-563;4;43;-45;
503500917;-34;-12;-153;-636;-579;1;38;-49;
503501943;-6;-16;-155;-655;-581;0;41;-58;
503503009;-18;-20;-157;-649;-585;-9;30;-60;
503504098;-10;-12;-164;-630;-584;-9;35;-61;
503505193;0;-22;-149;-622;-548;-4;39;-53;
503506277;8;2;-148;-628;-570;17;52;-35;
503507396;-14;-17;-182;-647;-596;-6;32;-59;
503508496;-5;-28;-179;-652;-584;-23;30;-73;
503509615;-18;-36;-166;-784;-586;-9;34;-63;
503510706;5;-7;-147;-647;-562;8;54;-46;
503511818;6;-16;-153;-643;-571;-2;31;-54;
503512935;-1;-20;-161;-650;-582;-10;40;-51;
503514037;0;-22;-160;-635;-564;16;34;-45;
503515164;-10;-30;-164;-645;-581;-6;37;-51;
503516270;13;8;-128;-616;-546;25;52;-26;
503517385;-12;-12;-154;-643;-559;-2;48;-31;
503518505;-7;-12;-166;-646;-573;3;42;-33;
503519600;7;-8;-154;-632;-557;7;46;-30;
503520718;-5;-20;-160;-638;-581;-10;35;-43;
503521825;9;-16;-157;-636;-565;0;35;-25;
503522927;0;-1;-127;-644;-568;5;45;-46;
503524027;6;-8;-154;-633;-568;0;31;-33;
503525139;-6;-4;-152;-641;-572;8;40;-43;
503526236;-4;-12;-164;-643;-579;-4;38;-55;
503527271;-12;-12;-160;-615;-582;0;24;-55;
503528306;-4;-10;-160;-643;-578;-1;45;-44;
503529371;-1;-11;-190;-645;-576;12;28;-33;
503530487;-6;-12;-155;-639;-571;-2;36;-40;
503531548;-6;-13;-165;-672;-566;0;41;-41;
503532604;-5;-6;-154;-634;-568;-1;31;-44;
503533664;-1;-14;-160;-639;-563;0;42;-39;
503534710;6;0;-145;-625;-562;17;42;-34;
503535778;-17;-17;-170;-656;-573;-17;12;-51;
503536890;-14;27;-170;-636;-571;2;42;-37;
503537984;-10;-27;-163;-648;-576;14;27;-56;
503539091;0;-17;-167;-632;-556;0;41;-29;
503540189;-29;-34;-186;-657;-593;-17;5;-58;
503541216;-5;-20;-158;-684;-583;-7;36;-36;
503542250;-13;-25;-167;-655;-582;-13;17;-47;
503543282;4;-3;-163;-628;-563;7;32;-44;
503544358;-2;-19;-167;-651;-556;-3;37;-52;
503545435;-16;-27;-174;-656;-570;-3;29;-59;
503546460;-21;-27;-161;-646;-579;-22;28;-54;
503547494;-7;-17;-166;-637;-577;1;34;-44;
503548528;7;-1;-147;-617;-560;9;44;-36;
503549556;90;-6;-168;-648;-581;-3;34;-73;
503550582;-9;-21;-154;-622;-566;0;37;-38;
503551618;-8;-12;-161;-618;-567;0;31;-87;
503552657;68;-18;-158;-638;-566;-3;-66;-43;
503553684;5;-4;-154;-622;-593;0;32;-33;
503554716;0;-10;-165;-632;-574;-2;32;-51;
503555752;-14;-16;-170;-652;-583;-16;19;-41;
503556814;-5;-8;-165;-648;-577;-5;50;-53;
503557860;-24;-19;-187;-661;-578;-17;21;-67;
503558907;2;-11;-164;-629;-575;-4;26;-47;
503559971;-9;-5;-170;-652;-576;-3;36;-44;
503561011;0;-5;-163;-649;-574;-5;47;-59;
503562040;-8;-17;-161;-640;-571;-4;30;-50;
503563067;-6;-13;-129;-637;-581;1;34;-56;
503564103;-9;-13;-174;-652;-577;-3;33;-45;
503565141;-30;-27;-172;-658;-593;-14;13;-63;
503566215;0;0;-165;-644;-568;-8;35;-62;
503567244;0;-10;-176;-632;-541;6;31;-46;
503568318;-3;-2;-162;-635;-573;13;43;-38;
503569449;11;5;-146;-610;-549;10;50;-28;
503570558;-19;-25;-174;-565;-573;-7;23;-61;
503571657;3;-9;-158;-621;-573;3;29;-42;
503572758;-11;-5;-147;-633;-556;-1;43;-47;
503573873;-13;-38;-173;-656;-581;-10;37;-48;
503574992;-1;0;-166;-542;-558;-9;31;-45;
503576073;-3;-9;-169;-644;-569;-1;-1;-34;
503577102;-2;-14;-161;-635;-569;7;35;-44;
503578191;-12;-4;-159;-640;-607;8;47;-50;
503579246;-3;8;-157;-652;-572;-3;42;-48;
503580315;-9;-17;-168;-643;-570;-14;14;-50;
503581387;4;-5;-196;-644;-558;0;38;-38;
503582497;-3;-7;-152;-623;-568;10;32;-47;
503583611;-3;-3;-167;-647;-565;-13;29;-44;
503584710;0;4;-163;-612;-559;10;41;-38;
503585821;0;-14;-181;-632;-580;-1;13;-54;
503586903;-11;-26;-177;-646;-578;-14;21;-53;
503588007;-1;-6;-162;-642;-560;5;40;-37;
503589126;-8;-15;-175;-650;-574;-6;20;-55;
503590229;-11;9;-154;-622;-550;6;35;5;
503591339;-7;-7;-168;-635;-562;-1;34;-40;
503592460;-7;-2;-165;-625;-566;10;43;-46;
503593550;1;0;-179;-639;-546;-1;41;-41;
503594672;-14;-6;-158;-627;-559;-7;32;-57;
503595780;2;-7;-158;-628;-566;13;38;-42;
503596894;-5;-8;-154;-644;-571;-9;43;-55;
503597987;-12;-9;-149;-639;-567;20;38;-46;
503599101;-5;-2;-159;-637;-570;-7;34;-33;
503600197;-17;-19;-161;-645;-573;-4;20;-49;
503601292;-6;-9;-165;-621;-569;10;43;-37;
503602413;13;-2;-156;-630;-562;17;32;-35;
503603533;-13;-30;-175;-648;-565;-6;26;-56;
503604638;-5;-18;-156;-626;-573;3;34;-39;
503605737;0;1;-161;-619;-564;9;37;-42;
503606838;-14;0;-155;-640;-561;10;38;-51;
503607946;-13;-24;-179;-629;-591;-6;28;-69;
503609045;3;-19;-173;-651;-567;-16;53;-90;
503610140;3;-6;-162;-619;-553;-21;30;-52;
503611251;-9;-12;-175;-644;-568;-5;43;-56;
503612348;0;-10;-157;-640;-568;57;27;-51;
503613390;-9;-16;-173;-645;-578;0;36;-55;
503614435;-13;-8;-166;-642;-572;-5;22;-54;
503615462;-4;-145;-167;-636;-576;11;48;-45;
503616511;-20;-8;-164;-635;-577;-11;28;-47;
503617547;-13;-2;-173;-624;-564;-1;83;-57;
503618577;-8;-3;-163;-622;-568;-5;29;-54;
503619607;-25;-21;-180;-647;-577;-13;18;-62;
503620639;-15;-9;-171;-661;-573;4;23;-56;
503621672;-5;-17;-163;-639;-575;4;27;-52;
503622703;-2;-1;-156;-637;-558;7;36;-47;
503623725;-8;-1;-165;-641;-570;-8;48;-50;
503624847;-21;-17;-171;-679;-568;-4;28;-58;
503625878;-8;-8;-173;-630;-577;-7;32;-59;
503626906;-21;-23;-217;-646;-582;-14;6;-66;
503627947;-11;-2;-173;-626;-576;-6;20;-45;
503628983;-12;-3;-159;-634;-569;-1;36;-35;
503630015;0;0;-165;-632;-568;12;35;-39;
503631054;-3;-11;-164;-639;-566;5;46;-49;
503632103;-4;-9;-174;-641;-588;2;41;-35;
503633131;0;-27;-160;-637;-554;0;37;-77;
503634166;-17;-2;-171;-616;-574;-7;25;-42;
503635208;-1;-5;-157;-625;-567;0;28;-38;
503636262;-1;0;-167;-616;-570;-1;32;-47;
503637292;-6;-9;-160;-646;-570;-2;37;-48;
503638320;10;4;-158;-635;-563;17;45;-39;
503639388;-5;-20;-167;-634;-576;-5;35;-74;
503640452;-4;-5;-168;-637;-572;0;44;-55;
503641481;-1;-9;-177;-659;-563;-24;42;-47;
503642514;-14;-1;-173;-647;-578;-15;23;-22;
503643547;6;-3;-160;-626;-579;-7;32;-46;
503644619;-7;0;-160;-637;-561;16;40;-38;
503648082;-13;-5;-179;-650;-573;4;31;-54;
503649186;-8;2;-180;-635;-554;8;44;-49;
503650280;-6;1;-169;-634;-569;-14;33;-46;
503651376;0;-5;-154;-635;-561;6;41;-49;
503652480;-4;8;-161;-632;-567;1;38;-31;
503653520;-1;-1;-137;-610;-572;10;43;-41;
503654574;0;2;-158;-635;-567;11;39;-36;
503655635;-3;3;-163;-612;-568;18;31;-43;
503656708;-13;0;-158;-615;-566;-2;29;-39;
503657770;-36;-6;-179;-646;-569;-2;24;-60;
503658806;-9;-6;-173;-641;-578;4;32;-35;
503659838;-20;-12;-163;-642;-577;-21;23;-53;
503660900;-9;-10;-177;-645;-577;-8;36;-46;
503661940;-12;-1;-167;-635;-548;1;34;-51;
503663008;-2;0;-151;-643;-551;0;40;-33;
503664131;-9;-9;-168;-647;-575;-1;37;-47;
503665241;12;23;-154;-628;-543;-13;42;-15;
503666350;-3;2;-163;-620;-551;2;44;-30;
503667452;-1;-2;-165;-634;-571;2;28;-39;
503668482;-6;-3;-174;-630;-577;-7;32;-49;
503669567;-13;-18;-188;-640;-586;1;24;-54;
503670629;-9;-23;-179;-642;-583;-13;26;-60;
503671661;-8;-6;-172;-638;-568;4;36;-39;
503672723;-14;-14;-188;-632;-582;3;22;-51;
503673775;-1;5;-155;-624;-559;11;39;-52;
503674864;-1;-1;-155;-623;-568;10;37;-49;
503675899;-22;-11;-231;-640;-517;-12;19;-66;
503676965;-17;2;-177;-641;-567;-4;33;-55;
503677991;-6;-9;-172;-648;-569;-10;28;-55;
503679055;-5;-6;-170;-638;-568;-10;21;-43;
503680157;0;0;-154;-644;-570;0;43;-49;
503681256;-7;0;-157;-625;-571;8;34;-52;
503682353;-19;-16;-157;-636;-575;-8;48;-39;
503683487;8;-10;-167;-643;-560;18;33;-55;
503684596;10;-2;-168;-623;-556;2;44;-50;
503685647;-8;3;-173;-630;-572;-6;23;-61;
503686703;4;-16;-166;-618;-564;4;44;-47;
503687777;-9;-5;-174;-625;-526;-34;29;-56;
503688845;8;-5;-166;-637;-567;0;38;-53;
503689873;-6;-4;-172;-637;-569;1;137;-54;
503690907;-22;-17;-188;-640;-584;-21;9;-69;
503691945;-9;-4;-171;-612;-583;-4;26;-54;
503692998;-24;-19;-197;-651;-585;-23;21;-56;
503694071;-12;113;-170;-632;-579;1;17;-46;
503695168;-7;-5;-167;-639;-570;10;30;-58;
503696274;4;-3;-175;-635;-561;-5;25;-54;
503697390;-4;-4;-170;-621;-565;-4;38;-60;
503698497;-3;90;-170;-631;-567;4;48;-24;
503699599;-8;-12;-179;-641;-564;5;29;-50;
503700668;-1;25;-166;-619;-559;-9;37;-50;
503701700;4;0;-168;-640;-569;0;34;-40;
503702742;-6;10;-183;-639;-564;-14;30;-39;
503703849;0;-2;-287;-620;-564;11;42;-48;
503704928;-19;-18;-184;-652;-574;-18;16;-51;
503705968;-3;10;-169;-637;-566;6;37;-48;
503706996;-18;4;-176;-643;-562;-29;25;-48;
503708047;2;13;-161;-632;-559;0;37;-41;
503709101;-4;11;-167;-640;-573;-6;31;-40;
503710133;-12;-13;-173;-630;-577;-11;25;-59;
503711247;-11;-6;-164;-644;-579;-11;17;-56;
503712341;-10;-6;-176;-645;-572;-4;22;-51;
503713452;1;-10;-177;-628;-579;-5;31;-46;
503714564;12;-5;-158;-639;-552;20;37;-22;
503715638;-12;0;-180;-647;-562;3;25;-42;
503716661;-10;-4;-161;-632;-564;11;38;-43;
503717693;-3;-5;-170;-641;-563;3;32;-36;
503718721;4;-1;-168;-634;-568;-2;29;-47;
503719762;0;-2;-171;-630;-574;7;32;-32;
503720802;-3;3;-168;-643;-570;-3;30;-47;
503721831;-4;-4;-179;-645;-580;-12;18;-83;
503722863;3;-1;-167;-637;-564;-3;35;-45;
503723901;-17;-8;-168;-633;-580;-13;20;-39;
503724926;-4;13;-155;-631;-562;9;38;-45;
503725956;0;-5;-162;-637;-573;-4;28;-52;
503726991;16;15;-198;-630;-551;-3;40;-43;
503728018;-11;-7;-161;-620;-566;1;27;-41;
503729045;12;29;-165;-613;-559;1;43;-34;
503730085;-6;-5;-175;-638;-567;-6;22;-43;
503731106;0;-9;-166;-625;-561;6;31;-32;
503732143;-4;-6;-159;-622;-568;-9;26;-45;
503733177;-21;-7;-176;-715;-565;-9;22;-53;
503734207;-12;4;-177;-641;-576;8;28;-47;
503735243;-2;11;-162;-624;-556;13;48;-29;
503736301;-4;18;-170;-643;-557;-16;34;-77;
503737325;-3;2;-169;-636;-577;-6;32;-42;
503738355;-8;-9;-197;-627;-576;9;23;-58;
503739389;-20;-3;-184;-649;-581;-19;33;-58;
503740420;-4;-5;-178;-640;-572;-5;27;-41;
503741447;5;8;-153;-631;-560;4;42;-36;
503742475;-9;7;-179;-635;-577;-10;21;-64;
503743508;-3;-11;-163;-646;-571;9;36;-41;
503744598;-17;-6;-175;-642;-573;-13;22;-46;
503745653;-3;3;-151;-627;-550;11;33;-44;
503746680;-14;-10;-180;-638;-573;-6;21;-43;
503747718;6;7;-159;-634;-570;-3;32;-51;
503757170;11;7;-148;-630;-542;7;37;-38;
503758264;-20;-20;-190;-649;-584;-19;-5;-67;
503759367;-4;1;-178;-644;-556;5;34;-30;
503760454;9;5;-158;-618;-563;11;37;-49;
503761485;-6;2;-170;-627;-570;-1;20;-35;
503762508;-14;-12;-177;-648;-563;-13;19;-47;
503763541;-3;2;-170;-625;-574;-2;36;-32;
503764569;0;0;-161;-635;-567;11;24;-39;
503765592;-11;-5;-174;-644;-579;1;21;-49;
503766627;2;9;-178;-623;-560;8;25;-44;
503767660;7;-2;-174;-645;-574;-6;28;-48;
503768691;-2;-3;-163;-625;-562;1;30;-43;
503769717;0;3;-166;-626;-571;6;42;-42;
503770754;-1;-6;-169;-647;-563;-6;28;-49;
503771786;-4;4;-163;-584;-559;9;32;-44;
503772815;7;7;-161;-614;-546;0;39;-55;
503773845;-11;-20;-186;-643;-575;-11;18;-54;
503774875;0;-28;-165;-601;-566;-7;26;-50;
503775914;-17;-2;-162;-633;-573;-14;29;-46;
503776943;3;0;-154;-618;-569;4;38;-39;
503777972;-8;0;-165;-639;-549;6;34;-51;
503779020;2;5;-164;-591;-560;-8;44;-34;
503780050;-1;1;-172;-617;-557;0;30;-44;
503781085;1;9;-159;-621;-556;13;32;-42;
503782105;-10;-3;-175;-641;-564;-4;22;-49;
503783137;0;3;-156;-614;-561;-4;38;-36;
503784166;-9;-3;-157;-625;-576;19;30;-38;
503785208;-9;-11;-176;-653;-575;0;28;-40;
503786262;9;0;-171;-632;-562;0;26;-44;
503787292;-2;-2;-169;-648;-558;4;35;-42;
503788320;0;5;-167;-637;-557;2;28;-31;
503789350;-4;8;-162;-635;-551;13;46;-36;
503790384;0;12;-179;-637;-569;-5;30;-48;
503791414;14;12;-164;-631;-562;13;38;-22;
503792448;-5;4;-175;-623;-529;-1;36;-58;
503809900;-14;-9;-158;-652;-436;-9;37;-47;
503811016;-7;6;-169;-645;-578;9;29;-69;
503812126;-11;-10;-168;-626;-553;-13;33;72;
503813230;0;13;-167;-622;-556;6;42;-16;
503814351;-5;2;-168;-619;-577;12;37;-38;
503815483;-8;-3;-175;-631;-575;-8;17;-45;
503816580;-14;3;-160;-632;-574;-13;14;-59;
503817682;0;-3;-162;-607;-450;18;27;-39;
503818781;21;9;-163;-636;-566;0;41;-30;
503819880;5;1;-172;-631;-552;1;41;-40;
503820992;5;5;-162;-608;-562;19;34;-45;
503822087;-15;-11;-193;-632;-575;-11;13;-39;
503823209;1;7;-166;-618;-551;1;29;-28;
503824324;-2;-1;-173;-625;-568;8;21;-47;
503825438;-13;-1;-176;-624;-569;2;38;-42;
503826538;1;-3;-161;-619;-559;6;36;-42;
503827644;-3;-5;-178;-625;-556;-16;23;-39;
503828751;-11;-1;-165;-624;-559;-3;-10;-55;
503829857;-24;-19;-200;-638;-569;-9;6;-73;
503830957;0;0;-171;-621;-556;3;26;-38;
503832049;0;14;-161;-621;-560;-7;36;-50;
503833109;-47;6;-183;-626;-572;-9;17;-49;
503834212;25;18;-154;-586;-542;35;59;-19;
503835318;-11;-8;-192;-637;-562;-4;24;-36;
503836447;0;1;-176;-640;-557;-7;32;-43;
503837569;-4;9;-158;-640;-563;4;28;-27;
503838681;8;10;-175;-632;-564;6;30;-32;
503839717;1;6;-157;-619;-554;-1;25;-45;
503840815;-4;-9;-170;-641;-576;-4;74;-34;
503841852;-32;-33;-200;-648;-590;-29;2;-59;
503842882;-1;-5;-171;-619;-571;0;42;-28;
503843916;0;0;-165;-614;-568;3;26;-37;
503845003;0;12;-174;-623;-569;8;45;-30;
503846034;-55;-9;-177;-615;-571;-4;33;-39;
503847117;-4;0;-178;-621;-567;6;32;-30;
503848141;-5;4;-166;-614;-550;3;60;-25;
503849185;-8;1;-183;-623;-562;7;30;-44;
503850288;-9;-4;-171;-618;-570;-4;37;-46;
503851399;-4;-3;-171;-641;-565;-12;20;-37;
503852516;6;-3;-174;-635;-554;-7;34;-38;
503853629;19;1;-156;-625;-566;10;26;-35;
503854737;8;6;-165;-623;-564;5;30;-41;
503855772;2;0;-185;-632;-569;85;30;-37;
503856799;-25;-13;-191;-647;-566;-7;22;-48;
503857835;0;-1;-168;-634;-550;14;48;-25;
503858881;-5;-9;-171;-640;-558;19;34;-31;
503859977;0;-8;-167;-621;-559;0;38;-45;
503861018;-23;-43;-178;-632;-581;-14;12;-40;
503862068;3;-10;-186;-639;-561;11;44;-31;
503863095;0;6;-166;-616;-566;-19;26;-28;
503864125;0;-1;-163;-632;-555;3;30;-25;
503865162;-4;0;-176;-621;-556;1;38;-25;
503866197;6;6;-174;-621;-564;-7;34;-28;
503867233;-4;12;-171;-618;-556;12;39;-37;
503868282;0;-17;-182;-641;-569;0;100;-45;
503869338;13;15;-157;-597;-542;19;55;-32;
503870372;-12;-5;-179;-652;-555;4;37;-45;
503871423;9;-2;-167;-622;-563;4;34;-42;
503872534;2;-10;-175;-624;-573;-85;20;-33;
503873647;-4;-1;-169;-623;-563;-1;30;-36;
503874763;0;13;-166;-613;-552;3;41;-39;
503875872;-1;-6;-183;-641;-571;-14;28;-47;
503876967;-2;2;-158;-636;-564;-8;22;-31;
503878065;-6;1;-169;-629;-557;-13;29;-50;
503879111;12;18;-172;-620;-562;16;33;-37;
503880176;-2;0;-171;-627;-575;4;25;-70;
503881246;15;9;-162;-630;-561;3;45;-25;
503882323;5;-5;-179;-630;-572;0;14;-33;
503883397;-13;-5;-179;-627;-572;-9;13;-54;
503884519;2;25;-167;-622;-554;17;39;-34;
503885627;-8;1;-162;-608;-566;-1;37;-27;
503886740;-15;-18;-174;-632;-565;3;19;-52;
503887854;-17;-12;-174;-633;-571;-15;-23;-53;
503888953;38;47;-134;-590;-536;39;72;-7;
503890048;2;13;-168;-621;-566;11;33;-41;
503891166;5;5;-162;-617;-567;5;42;-38;
503892269;-4;38;-170;-619;-569;-1;32;-34;
503893378;-6;-11;-171;-627;-554;-6;22;-56;
503894491;4;0;-167;-637;-556;3;24;-41;
503895598;5;26;-162;-605;-559;10;56;-49;
503896709;2;0;-175;-618;-562;1;24;-37;
503897820;12;18;-166;-622;-554;25;52;-30;
503898936;0;5;-166;-619;-572;-1;25;-42;
503900055;2;13;-175;-632;-567;-8;54;-33;
503901148;-17;-3;-180;-636;-565;-8;24;-43;
503902265;29;5;-173;-610;-554;2;34;-35;
503903369;-3;3;-175;-621;-546;3;34;-44;
503904479;-1;12;-172;-619;-551;0;45;-36;
503905573;103;8;-167;-619;-553;-7;25;-51;
503906670;-4;4;-181;-609;-548;16;42;-46;
503907779;-25;-3;-177;-629;-562;-5;-116;-48;
503908896;7;-3;-162;-620;-559;124;24;-65;
503909996;-10;-1;-188;-630;-564;-8;53;-36;
503911092;0;14;-180;-618;-561;17;31;-51;
503912194;3;13;-173;-629;-554;-2;21;-57;
503913278;9;20;-164;-613;-549;7;33;-43;
503914390;17;17;-165;-605;-558;7;27;-36;
503915513;4;-4;-183;-633;-552;-8;17;-51;
503916624;-15;-2;-176;-612;-574;-11;21;-44;
503917732;-20;-17;-188;-635;-574;-8;18;-59;
503918828;0;11;-162;-671;-560;6;38;-37;
503919933;-25;9;-140;-608;-567;2;42;-46;
503921039;-8;7;-162;-618;-563;1;28;-50;
503922149;-9;-6;-185;-623;-551;9;16;-65;
503923257;7;19;-166;-607;-554;45;39;-40;
503924366;5;4;-182;-627;-556;1;33;-47;
503925490;-7;-12;-180;-613;-563;-12;25;-49;
503926595;4;9;-164;-617;-537;15;41;-27;
503927701;-1;6;-192;-624;-564;3;28;-47;
503928811;-6;1;-175;-630;-571;-3;15;-45;
503929910;0;14;-166;-620;-550;-22;28;-73;
503931024;-9;3;-182;-577;-561;0;26;-55;
503932115;-9;4;-187;-615;-565;-19;26;-91;
503933235;18;18;-178;-618;-543;0;37;-53;
503934331;5;12;-175;-615;-552;9;45;-41;
503935454;5;9;-228;-606;-554;4;39;-46;
503936528;7;1;-181;-607;-557;17;36;-51;
503937581;-9;33;-191;-626;-575;-6;18;-60;
503938689;1;3;-164;-613;-539;0;29;-46;
503939794;-22;1;-188;-627;-597;-3;24;-55;
503940904;-5;-6;-186;-624;-586;-4;30;-43;
503942009;6;1;-170;-618;-567;13;33;-40;
503943112;4;2;-178;-614;-554;2;58;-40;
503944213;12;4;-176;-634;-542;16;33;-37;
503945331;1;13;-175;-621;-548;-5;37;-43;
503946449;18;14;-170;-607;-547;-22;44;-40;
503947558;-2;17;-169;-610;-553;1;35;-43;
503948657;8;23;-175;-612;-538;1;35;-33;
503949751;-2;13;-156;-612;-558;-1;30;-52;
503950873;7;3;-169;-617;-563;6;30;-47;
503951992;-20;8;-187;-621;-562;0;17;-54;
503953106;-2;28;-165;-607;-551;0;23;-44;
503954211;-13;4;-189;-629;-567;-1;21;-55;
503955312;-12;0;-194;-625;-566;-9;8;-54;
503956419;-12;6;-183;-611;-558;-5;20;-60;
503957522;-11;22;-169;-600;-560;3;25;-42;
503958612;65;84;-94;-545;-494;70;91;55;
503959726;0;21;-173;-674;-545;3;24;-38;
503960834;-14;-2;-178;-626;-570;-16;16;-41;
503961942;-1;11;-172;-614;-538;-7;39;-45;
503963023;-12;-7;-194;-606;-584;-7;9;-45;
503964125;3;16;-184;-603;-541;27;29;-36;
503965244;-3;10;-169;-613;-550;-11;32;-49;
503966344;8;2;-184;-616;-548;14;25;0;
503967466;38;10;-168;-600;-530;23;36;-23;
503968560;10;6;-172;-605;-545;6;32;-43;
503969642;1;-5;-175;-611;-562;-7;29;-37;
503970734;9;15;-179;-604;-537;0;30;-54;
503971837;37;124;-151;-582;-524;34;59;-19;
503972875;-2;14;-178;-615;-554;-7;34;-45;
503973911;-5;8;-179;-609;-547;6;33;-35;
503974938;-4;-39;-194;-624;-560;3;23;-52;
503975977;-9;2;-194;-628;-566;-11;20;-40;
503977021;18;7;-185;-619;-552;-1;27;-55;
503978057;10;5;-170;-588;-536;6;34;-45;
503979094;17;14;-171;-601;-543;1;38;-37;
503980126;11;18;-180;-601;-523;11;44;-30;
503981165;-3;-4;-179;-618;-549;-1;32;-39;
503982213;3;1;-174;-608;-550;9;-99;-45;
503983246;3;-6;-191;-624;-565;-12;23;-44;
503984274;-2;1;-173;-663;-542;10;32;-53;
503985299;-6;-7;-190;-607;-503;-2;33;-56;
503986334;-3;9;-178;-611;-550;2;34;-45;
503987363;-5;-8;-174;-588;-555;-8;18;-59;
503988388;-5;10;-182;-615;-549;3;28;-52;
503989486;-1;-1;-185;-599;-547;7;26;39;
503990552;-60;-62;-247;-688;-623;-76;-37;-118;
503991581;9;1;-192;-595;-535;-10;26;-56;
503992612;22;9;-168;-610;-541;5;37;-50;
503993650;6;0;-181;-597;-542;-2;44;-52;
503994679;12;13;-178;-606;-539;0;29;-49;
503995748;1;0;-180;-590;-544;9;27;-45;
503996786;6;0;-198;-590;-545;-3;24;-65;
503997851;14;4;-228;-593;-534;-2;30;-72;
503998898;15;-3;-183;-592;-543;7;33;-65;
504000004;1;0;-200;-601;-561;-21;29;-77;
504001106;-9;-9;-188;-603;-548;-16;38;-64;
504002226;-5;7;-189;-611;-541;-13;32;-76;
504003328;-2;-17;-212;-624;-561;-10;17;-70;
504004449;-4;4;-191;-594;-583;-8;16;-73;
504005576;0;5;-180;-597;-535;5;30;-74;
504006655;14;1;-190;-593;-545;4;25;-74;
504007688;1;-3;-179;-600;-545;10;40;-69;
504008719;0;2;-183;-596;-544;-7;35;-80;
504009749;-1;-1;-175;-607;-530;0;8;-73;
504010776;7;12;-171;-597;-520;10;35;-74;
504011811;12;-4;-189;-603;-550;0;26;-98;
504012842;-1;-4;-185;-598;-532;-7;21;-87;
504013883;3;-10;-177;-607;-541;-10;15;-96;
504014979;11;2;-172;-608;-543;-6;29;-55;
504016021;10;126;-175;-602;-536;5;47;-69;
504017111;-5;-13;-183;-623;-566;-10;30;-87;
504018211;1;-18;-134;-616;-566;6;36;-84;
504019330;7;-4;-191;-602;-595;4;26;-93;
504020454;0;4;-184;-598;-559;-7;24;-67;
504021547;0;-8;-183;-539;-553;-14;28;-87;
504022641;6;2;-181;-604;-545;11;34;-64;
504023747;28;6;-180;-610;-551;4;38;-76;
504024809;-4;-6;-192;-602;-554;6;9;-79;
504025914;-9;3;-176;-613;-558;-9;25;-91;
504027034;9;-3;-186;-609;-546;10;21;-90;
504028138;4;-1;-184;-604;-546;17;25;-160;
504029250;11;-2;-174;-613;-556;-3;29;-88;
504030372;9;13;-173;-606;-489;6;30;-96;
504031483;-3;-17;-184;-611;-563;-6;36;-92;
504032574;9;-4;-178;-610;-545;-8;28;-85;
504033636;-17;-9;-191;-613;-565;-13;19;-95;
504034717;12;-10;-170;-601;-544;2;22;-128;
504035795;-94;-9;-173;-606;-536;9;36;-84;
504036862;5;-8;-169;-619;-559;-4;22;-76;
504037934;2;-8;-190;-626;-571;-7;28;-92;
504039034;0;1;-167;-618;-567;-5;38;-90;
504040131;-5;-11;-178;-624;-557;-4;17;-85;
504041237;17;4;-160;-616;-557;9;34;-86;
504042347;17;12;-175;-603;-555;66;25;-80;
504043464;0;0;-183;-615;-553;0;29;-103;
504044589;0;7;-179;-614;-558;4;30;-100;
504045690;9;10;-179;-614;-557;10;30;-86;
504046786;-19;-2;-193;-628;-569;-5;16;-111;
504047897;-10;-4;-191;-602;-557;-4;22;-96;
504049006;-1;-1;-177;-620;-578;-10;20;-86;
504050116;7;3;-170;-616;-550;16;27;-90;
504051226;1;-1;-161;-621;-547;-1;28;-79;
504052332;12;0;-167;-606;-560;10;31;-115;
504053460;3;11;-164;-616;-561;11;34;-86;
504054504;26;1;-158;-619;-562;5;43;-80;
504055532;9;1;-179;-626;-558;-9;24;-121;
504056584;-14;-7;-180;-629;-549;7;31;-100;
504057689;-8;4;-180;-641;-563;-4;16;-82;
504058716;47;-2;-175;-635;-559;-4;24;-94;
504059821;-15;-9;-178;-624;-582;-19;15;-88;
504060947;7;-7;-168;-616;-539;-2;38;-82;
504062053;5;-2;-167;-624;-568;-12;22;-96;
504063161;0;-4;-187;-643;-565;-16;26;-97;
504064257;42;42;-125;-591;-509;38;86;-49;
504065369;13;0;-171;-624;-551;17;38;-87;
504066458;0;3;-172;-661;-573;3;21;-106;
504067548;5;-6;-188;-643;-571;-13;31;-106;
504068577;-1;8;-171;-617;-568;-1;24;-104;
504069607;2;-9;-163;-618;-554;18;32;-101;
504070675;4;-1;-174;-624;-569;3;32;-103;
504071761;-7;2;-183;-624;-561;-7;35;-113;
504072820;-12;-8;-174;-640;-559;-3;21;-129;
504073873;5;0;-177;-618;-558;3;42;-116;
504074920;27;-1;-174;-622;-553;0;43;-121;
504075947;1;0;-178;-632;-561;3;40;-125;
504077037;6;8;-162;-628;-555;3;42;-101;
504078137;6;13;-155;-615;-554;21;37;-87;
504079246;-2;-4;-173;-642;-562;-2;16;-128;
504080350;12;14;-174;-618;-552;9;39;-116;
504081462;-8;14;-170;-632;-566;-8;26;-120;
504082563;-15;-9;-193;-631;-570;-15;22;-144;
504083677;0;15;-173;-627;-569;3;38;-150;
504084768;-1;2;-164;-641;-573;-16;24;-142;
504085875;-17;0;-174;-633;-568;-12;16;-149;
504086909;-5;5;-166;-593;-547;-2;26;-138;
504087981;6;14;-179;-637;-566;7;-4;-171;
504089113;-2;0;-172;-637;-567;-5;34;-168;
504090248;-17;-7;-182;-647;-566;-10;25;-195;
504091351;-7;6;-172;-638;-573;-6;39;-186;
504092456;6;4;-168;-639;-567;-7;42;-168;
504093559;-3;-9;-174;-648;-583;5;35;-183;
504094645;-6;-5;-175;-652;-569;-7;33;-188;
504095718;13;3;-158;-634;-562;10;40;-182;
504096755;4;6;-170;-642;-566;1;46;-179;
504097814;-17;7;-183;-662;-573;-14;30;-212;
504098866;-6;13;-155;-647;-568;-4;57;-189;
504099901;-13;-22;-179;-657;-585;0;42;-213;
504100996;6;27;-162;-648;-571;9;50;-176;
504102102;-11;-8;-160;-662;-569;-8;56;-231;
504103205;3;36;-165;-652;-589;-9;52;-211;
504104306;-7;-12;-158;-642;-586;-6;71;-231;
504105402;-6;19;-207;-645;-565;3;47;-226;
504106509;-6;-2;-150;-662;-579;2;67;-231;
504107595;-4;-4;-204;-677;-583;-13;75;-241;
504108637;-2;46;-156;-670;-612;-2;76;-261;
504109721;-2;-9;-147;-634;-595;-6;94;-235;
504110756;11;-9;-141;-687;-602;-8;102;-237;
504111839;26;-4;-149;-687;-587;5;108;-251;
504112946;21;3;-124;-675;-596;7;104;-254;
504114077;-37;-27;-142;-693;-588;-3;105;-231;
504115173;-7;-44;-143;-688;-598;-26;112;-258;
504116281;-10;-22;-128;-696;-610;-6;103;-269;
504117387;-1;-25;-129;-690;-595;-3;107;-274;
504118500;-2;-29;-146;-709;-606;-2;117;-280;
504119605;-4;-29;-139;-691;-601;0;124;-267;
504120698;-16;-7;-153;-696;-615;-10;134;-273;
504121820;0;-21;-128;-705;-593;0;130;-267;
504122922;-15;-46;-131;-708;-606;-15;129;-281;
504124030;-3;-28;-136;-700;-604;4;127;-276;
504125145;-11;-46;-141;-710;-600;-3;120;-287;
504126239;5;-7;-123;-692;-603;8;138;-276;
504127329;-23;-44;-137;-710;-614;43;126;-279;
504128439;-11;-47;-131;-708;-593;5;144;-327;
504129534;-1;-56;-116;-713;-575;1;127;-278;
504130644;-8;-71;-128;-708;-612;12;141;-283;
504131754;-6;-79;-137;-727;-607;-7;86;-254;
504132867;-5;-71;-124;-709;-604;0;137;-265;
504133968;-5;-86;-134;-708;-610;39;133;-276;
504135075;15;-51;-126;-710;-586;8;144;-263;
504136169;0;-84;-141;-705;-614;0;127;-275;
504137286;-8;-93;-147;-722;-616;7;120;-298;
504138389;0;-93;-137;-731;-602;-9;120;-292;
504139486;-28;-70;-139;-729;-611;-15;121;-291;
504140594;1;-53;-129;-714;-608;7;127;-270;
504141699;-18;-72;-135;-707;-599;-4;127;-302;
504142808;3;-64;-223;-700;-603;-4;135;-296;
504143901;-11;-68;-139;-709;-600;9;131;-287;
504145018;-2;-36;-149;-698;-611;2;123;-283;
504146125;-13;-19;-148;-694;-597;-2;134;-289;
504147228;-20;-43;-153;-689;-585;6;129;-313;
504148324;-19;-187;-160;-702;-607;0;136;-287;
504149442;0;-25;-138;-692;-592;14;135;-281;
504150551;8;-35;-152;-670;-580;12;140;-284;
504151651;-5;8;-150;-694;-593;-4;136;-389;
504152783;53;-7;-171;-690;-603;-15;119;-300;
504153880;-12;-2;-141;-670;-594;16;140;-292;
504154958;-7;1;-156;-682;-592;9;147;-282;
504155991;-13;4;-154;-682;-581;-3;132;-288;
504157105;-29;-8;-163;-679;-602;-14;137;-287;
504158219;-18;11;-160;-678;-601;-1;137;-297;
504159320;-7;24;-152;-685;-592;-1;129;-295;
504160452;0;-15;-161;-672;-587;0;135;-285;
504161561;1;24;-164;-669;-579;-4;126;-304;
504162657;17;30;-157;-670;-580;0;138;-305;
504163721;2;16;-166;-680;-586;-2;147;-296;
504164753;-16;9;-169;-683;-581;-4;139;-295;
504165790;12;22;-158;-670;-584;1;143;-290;
504166879;2;25;-180;-674;-578;-6;141;-289;
504167936;10;38;-164;-661;-571;13;148;-268;
504168989;-9;5;-185;-693;-596;-18;122;-299;
504170093;8;172;-190;-698;-598;-19;111;-319;
504171212;27;42;-166;-671;-578;9;132;-283;
504172313;20;20;-176;-676;-583;-11;121;-296;
504173398;26;67;-159;-675;-573;8;156;-280;
504174507;23;38;-162;-688;-580;0;141;-296;
504175631;14;35;-176;-684;-568;-5;126;-290;
504176662;-8;35;-168;-673;-578;0;128;-299;
504177695;20;11;-177;-682;-577;0;140;-296;
504178734;15;26;-167;-685;-568;4;128;-284;
504179818;19;5;-172;-701;-580;-9;126;-289;
504180848;27;9;-167;-684;-576;15;129;-289;
504181879;8;0;-165;-687;-583;11;137;-285;
504182929;29;53;-163;-689;-571;6;132;-285;
504183986;-4;17;-168;-705;-581;-3;121;-303;
504185061;54;25;-161;-680;-576;9;142;-290;
504186148;79;27;-166;-695;-559;2;134;-276;
504187243;66;8;-169;-708;-582;-13;116;-282;
504188338;89;27;-158;-698;-571;13;133;-287;
504189449;83;10;-165;-708;-589;-5;124;-291;
504190566;71;19;-183;-702;-574;-5;132;-283;
504191667;81;17;-177;-697;-581;-1;128;-295;
504192764;87;22;-167;-686;-544;8;147;-272;
504193871;82;22;-173;-702;-567;9;127;-266;
504194990;43;10;-202;-733;-583;-11;113;-302;
504196099;34;-11;-214;-734;-604;-47;80;-332;
504197210;72;4;-171;-718;-566;9;131;-295;
504198305;82;17;-178;-713;-580;1;123;-294;
504199441;82;30;-166;-699;-563;7;148;-269;
504200530;81;47;-169;-703;-567;4;130;-277;
504201642;58;32;-172;-691;-561;-1;147;-281;
504202750;63;25;-180;-712;-573;-1;143;-285;
504203857;60;10;-177;-715;-570;-5;125;-281;
504204959;69;23;-171;-701;-575;9;132;-282;
504205991;61;17;-157;-707;-584;-2;138;-274;
504207103;40;10;-234;-735;-571;-1;119;-295;
504208182;50;12;-180;-711;-573;11;152;-260;
504209304;47;27;-166;-701;-578;13;144;-266;
504210406;48;19;-172;-714;-580;-5;137;-278;
504211513;31;-8;-188;-736;-584;-19;115;-287;
504212637;46;25;-167;-709;-573;4;133;-264;
504213734;48;21;-159;-710;-559;2;128;-287;
504214855;52;38;-167;-709;-567;27;140;-278;
504215928;33;24;-177;-714;-565;1;116;-280;
504217038;64;34;-185;-708;-564;10;141;-256;
504218137;37;34;-166;-717;-570;11;131;-272;
504219245;29;12;-179;-735;-587;-16;111;-282;
504220353;25;6;-179;-735;-580;0;117;-278;
504221467;48;15;-162;-724;-578;0;131;-278;
504222498;34;38;-160;-727;-580;1;129;-275;
504223596;21;0;-171;-730;-584;-16;113;-284;
504224677;26;26;-155;-726;-568;13;122;-278;
504225763;23;4;-175;-733;-576;16;124;-279;
504226816;21;6;-175;-731;-584;-11;133;-278;
504227852;-59;5;-182;-714;-649;0;132;-271;
504228942;32;18;-166;-725;-576;-1;142;-265;
504229986;27;21;-171;-727;-585;6;132;-278;
504231086;24;22;-149;-735;-581;2;152;-271;
504232206;24;26;-144;-733;-564;5;145;-264;
504233292;15;13;-168;-734;-585;-11;132;-280;
504234389;23;13;-164;-738;-583;-2;144;-303;
504235499;25;25;-126;-722;-579;0;145;-273;
504236548;11;40;-153;-737;-584;9;144;-276;
504237599;31;29;-147;-716;-567;1;143;-260;
504238682;6;12;-162;-736;-545;-11;128;-266;
504239719;14;-45;-165;-734;-579;-11;125;-269;
504240756;14;21;-144;-726;-580;10;144;-276;
504241785;51;46;-112;-694;-556;37;161;-233;
504242854;14;14;-148;-730;-577;1;140;-267;
504243914;10;77;-143;-735;-586;45;148;-268;
504244942;28;34;-148;-720;-577;6;145;-256;
504245973;30;38;-146;-731;-576;13;156;-248;
504247007;25;25;-144;-717;-571;10;155;-258;
504248044;16;20;-153;-742;-586;-12;135;-190;
504249091;8;17;-154;-731;-577;-9;120;-280;
504250155;20;8;-158;-739;-578;-12;139;-262;
504251292;-12;4;-149;-749;-584;-12;123;-274;
504252400;18;23;-147;-732;-579;13;142;-274;
504253519;24;21;-150;-723;-582;8;144;-269;
504254633;9;-20;-154;-738;-578;0;145;-265;
504255735;15;11;-150;-741;-588;-2;150;-281;
504256825;9;13;-152;-759;-583;-12;130;-363;
504257940;-22;8;-138;-736;-581;0;146;-262;
504258999;-9;12;-152;-747;-579;-13;143;-326;
504260062;11;10;-148;-741;-583;8;144;-272;
504261099;1;49;-155;-751;-598;-13;137;-284;
504262128;6;21;-158;-756;-587;-13;129;-289;
504263168;15;28;-141;-729;-577;11;157;-266;
504264236;37;23;-153;-762;-585;10;156;-265;
504265345;10;25;-128;-744;-569;0;142;-257;
504266479;-6;22;-145;-742;-588;-9;144;-264;
504267574;-29;30;-139;-724;-561;11;156;-258;
504268670;5;-2;-144;-742;-601;6;146;-273;
504269763;11;17;-143;-742;-577;-2;141;-268;
504270798;-12;-13;-153;-759;-605;-23;121;-290;
504271893;-2;-2;-144;-753;-604;-2;135;-268;
504272929;8;6;-136;-741;-588;3;144;-386;
504273967;23;21;-136;-734;-559;7;146;-264;
504274994;19;14;-150;-739;-571;3;142;-275;
504276023;24;10;-136;-726;-580;14;155;-278;
504277100;3;35;-142;-725;-577;0;144;-270;
504278138;15;17;-154;-752;-588;3;138;-284;
504279168;13;36;-152;-736;-567;11;151;-272;
504280211;11;12;-149;-755;-584;-13;132;-275;
504281257;22;18;-142;-734;-581;0;146;-270;
504282326;17;0;-141;-747;-567;0;145;-278;
504283360;23;19;-151;-739;-570;2;163;-276;
504284458;-5;-11;-169;-753;-602;-28;126;-303;
504285514;-5;4;-156;-733;-579;-3;133;-274;
504286570;16;15;-161;-745;-589;-9;133;-279;
504287604;9;19;-135;-620;-587;-6;145;-278;
504288642;0;2;-141;-751;-581;15;132;-288;
504289721;16;11;-152;-740;-560;-9;150;-277;
504290824;4;9;-154;-743;-565;-4;131;-277;
504291935;11;5;-149;-743;-568;-2;140;-281;
504293036;17;14;-143;-730;-580;16;143;-271;
504294180;134;20;-126;-743;-566;-35;149;-276;
504295289;13;6;-157;-748;-588;-11;131;-285;
504296394;13;3;-144;-739;-587;3;142;-283;
504297517;26;11;-142;-725;-597;1;147;-283;
504298640;11;1;-152;-751;-571;-8;145;-255;
504299739;29;16;-137;-745;-576;9;142;-279;
504300829;27;18;-146;-748;-574;18;145;-274;
504301944;13;26;-132;-747;-580;9;142;-266;
504303031;17;7;-152;-729;-576;17;146;-278;
504304136;22;-88;-155;-730;-529;-4;140;-286;
504305250;29;18;-145;-725;-559;-3;159;-261;
504306359;24;20;-154;-728;-579;-3;129;-285;
504307494;12;6;-166;-771;-585;6;135;-297;
504308599;19;11;-153;-722;-576;0;158;-271;
504309677;6;-9;-162;-741;-575;-15;116;-292;
504310784;33;22;-145;-727;-550;13;158;-251;
504311884;26;18;-139;-730;-561;-10;155;-280;
504312988;2;7;-147;-739;-581;-3;144;-281;
504314086;25;34;-138;-730;-546;0;147;-264;
504315202;3;7;-156;-737;-577;-17;145;-271;
504316319;22;34;-142;-723;-564;12;145;-262;
504317448;26;51;-140;-725;-556;18;157;-254;
504318562;9;11;-143;-734;-567;-4;142;-272;
504319665;14;24;-141;-734;-561;-7;154;-265;
504320776;-1;12;-160;-748;-585;-18;132;-292;
504321897;14;10;-145;-720;-553;11;154;-263;
504323002;2;7;-133;-726;-553;-12;150;-286;
504324092;4;20;-164;-739;-543;-9;136;-288;
504325181;10;18;-147;-725;-563;14;168;-278;
504326281;14;8;-153;-715;-570;-11;118;-277;
504327390;26;18;-135;-733;-567;3;148;-265;
504328513;10;16;-145;-732;-567;2;155;-272;
504329612;12;20;-154;-732;-564;-8;142;-265;
504330699;15;5;-139;-728;-574;-9;136;-272;
504331803;18;38;-130;-726;-569;12;142;-265;
504332924;9;23;-102;-742;-575;-8;139;-273;
504334015;18;22;-139;-713;-558;5;151;-269;
504335125;20;12;-156;-740;-569;-4;141;-283;
504336252;10;4;-152;-716;-557;-5;150;-287;
504337356;15;24;-149;-725;-568;6;146;-269;
504338483;14;22;-157;-740;-574;0;146;-260;
504339586;-6;-5;-152;-747;-571;-10;133;-276;
504340652;-11;9;-137;-740;-572;1;141;-273;
504341737;8;11;-137;-733;-568;-8;127;-277;
504342762;23;22;-141;-729;-570;2;153;-264;
504343782;18;14;-142;-734;-569;-8;147;-265;
504344802;19;16;-134;-740;-571;-5;135;-280;
504345822;7;6;-149;-746;-563;-8;134;-269;
504346843;12;6;-162;-739;-573;-9;120;-286;
504347873;5;57;-135;-722;-561;8;144;-271;
504348897;12;0;-133;-738;-553;-2;133;-268;
504349919;16;11;-146;-734;-570;-2;140;-276;
504350940;-7;-6;-142;-737;-573;-7;133;-280;
504351968;14;19;-143;-721;-669;6;139;-268;
504352994;21;8;-148;-743;-573;12;137;-270;
504354020;12;4;-122;-749;-575;3;146;-281;
504355054;25;29;-125;-717;-556;7;163;-258;
504356085;7;27;-156;-732;-566;13;157;-291;
504357108;46;15;-137;-765;-560;4;140;-275;
504358136;14;17;-140;-742;-563;9;142;-262;
504359192;18;0;-135;-729;-572;-4;132;-272;
504360215;5;24;-139;-741;-572;-5;141;-254;
504361243;16;8;-132;-734;-552;-4;145;-253;
504362272;15;14;-139;-735;-567;-2;140;-269;
504363299;-4;9;-138;-756;-566;2;145;-278;
504364327;10;5;-147;-733;-564;-5;182;-282;
504365357;26;14;-146;-747;-558;5;104;-278;
504366403;21;19;-122;-724;-557;13;152;-259;
504367454;-4;10;-142;-741;-555;-12;131;-292;
504368492;3;10;-143;-750;-574;-9;128;-285;
504369514;9;11;-141;-743;-570;-9;229;-273;
504370542;8;11;-140;-751;-572;-4;150;-272;
504371564;11;6;-220;-733;-561;6;148;-273;
504372586;19;8;-139;-736;-565;10;152;-267;
504384075;10;0;-146;-752;-569;-12;147;-254;
504385164;-2;20;-138;-748;-565;-2;143;-284;
504386264;-6;9;-135;-752;-567;7;149;-275;
504387297;6;5;-136;-746;-569;16;145;-262;
504388319;-1;5;-143;-752;-577;-2;139;-282;
504389341;-45;13;-136;-734;-572;0;135;-281;
504390363;-9;-1;-159;-752;-592;-28;122;-291;
504391384;-21;-12;-148;-759;-589;-25;106;-293;
504392407;-8;-8;-151;-749;-571;0;135;-280;
504393458;10;9;-139;-748;-551;-4;153;-311;
504394491;12;5;-128;-739;-559;0;143;-283;
504395530;-1;6;-149;-755;-565;28;153;-289;
504396555;-2;-1;-137;-751;-580;-17;129;-293;
504397584;-8;5;-142;-747;-577;-9;132;-277;
504398623;6;13;-123;-733;-564;21;148;-251;
504399647;0;21;-126;-744;-565;3;142;-272;
504400679;0;3;-131;-739;-568;10;144;-270;
504401702;6;3;-136;-737;-568;9;154;-271;
504402723;6;24;-143;-738;-564;-4;155;-261;
504403750;-4;2;-150;-738;-573;-4;141;-279;
504404772;9;5;-132;-745;-566;12;152;-260;
504405792;62;78;-71;-671;-486;58;203;-198;
504406813;-3;13;-145;-746;-587;-7;140;-281;
504407834;-1;12;-134;-739;-567;-1;141;-276;
504408864;10;0;-138;-708;-570;4;141;-266;
504409883;17;17;-131;-742;-564;1;144;-273;
504410919;4;12;-160;-735;-559;8;151;-272;
504411956;4;0;-145;-750;-534;5;135;-275;
504412985;-45;2;-128;-745;-567;0;132;-268;
504414011;3;21;-124;-743;-567;1;147;-267;
504415054;15;14;-123;-719;-565;-5;143;-272;
504416088;5;10;-138;-749;-573;-8;140;-284;
504417110;4;-10;-135;-754;-579;-1;130;-292;
504418140;2;4;-131;-744;-569;0;139;-268;
504419166;1;0;-137;-745;-573;-8;136;-276;
504436611;-12;-12;-150;-738;-582;-3;138;-281;
504437734;-9;-9;-152;-756;-694;-10;135;-285;
504438833;17;21;-126;-744;-558;-24;150;-273;
504439928;6;-1;-148;-758;-565;-12;128;-287;
504441034;1;4;-139;-743;-580;-9;126;-283;
504442138;5;6;-131;-832;-566;-3;137;-280;
504443221;-3;-3;-142;-729;-522;10;-327;-449;
504444286;6;2;-228;-668;-463;-7;138;-271;
504445338;5;12;-131;-747;-555;-103;141;-270;
504446381;-10;-4;-135;-751;-572;0;129;-278;
504447450;11;11;-133;-740;-569;-4;126;-266;
504448483;16;10;-139;-705;-566;-7;150;-282;
504449585;-4;5;-140;-748;-563;-21;128;-280;
504450703;6;13;-141;-721;-563;16;146;-258;
504451801;-13;-6;-156;-758;-554;-15;117;-283;
504452898;11;21;-128;-708;-563;5;129;-261;
504453998;-2;2;-139;-745;-547;-5;131;-290;
504455103;-1;7;-145;-748;-572;-18;131;-266;
504456198;-5;11;-131;-748;-566;-5;127;-279;
504457232;13;25;-128;-722;-568;14;141;-270;
504458278;-36;1;-142;-742;-567;7;150;-274;
504459347;-2;-4;-153;-742;-569;-7;124;-244;
504460384;0;0;-128;-736;-556;-4;143;-271;
504461435;4;4;-148;-753;-572;-16;124;-288;
504462460;9;0;-128;-734;-567;12;138;-260;
504463499;5;4;-137;-727;-563;3;129;-271;
504464545;6;18;-144;-742;-559;-4;137;-255;
504465640;9;2;-139;-735;-564;6;155;-270;
504466745;81;85;-60;-671;-492;75;206;-197;
504467861;-3;6;-158;-744;-565;-4;120;-287;
504468956;-8;-9;-147;-745;-567;8;130;-284;
504470069;12;3;-28;-742;-554;3;149;-265;
504471160;14;-1;-122;-732;-560;5;140;-270;
504472265;-4;13;-176;-743;-568;21;142;-270;
504473380;12;9;-134;-733;-556;21;148;-270;
504474446;9;12;-141;-737;-569;-2;140;-270;
504475474;14;11;-126;-730;-567;0;142;-272;
504476504;3;6;-129;-738;-565;4;129;-281;
504477547;-2;19;-138;-734;-554;-2;134;-267;
504478577;2;-4;-145;-746;-576;-13;136;-284;
504479608;-5;-6;-144;-739;-574;-11;142;-275;
504480640;15;18;-128;-732;-562;12;140;-273;
504481693;11;3;-201;-737;-562;2;131;-257;
504482795;-4;5;-128;-743;-569;-4;134;-269;
504483899;-2;2;-143;-747;-570;12;131;-278;
504485017;2;-3;-117;-694;-547;2;133;-282;
504486128;15;16;-139;-740;-560;0;137;-281;
504487237;0;-2;-144;-732;-548;3;143;-269;
504488306;2;10;-126;-742;-562;14;147;-277;
504489327;0;0;-124;-740;-560;3;135;-269;
504490358;-13;-11;-137;-751;-569;-12;120;-283;
504491394;-5;5;-131;-740;-551;7;131;-256;
504492433;9;15;-123;-726;-603;0;133;-260;
504493468;16;9;-132;-744;-568;4;138;-274;
504494491;-69;-54;-195;-801;-632;-63;70;-347;
504495516;-1;2;-262;-597;-406;-3;-389;-459;
504496540;-21;-24;-333;-578;-444;-28;-359;-488;
504497560;-9;4;-312;-576;-406;-9;131;-331;
504498581;-5;8;-133;-749;-574;8;137;-274;
504499605;-1;-8;-129;-738;-561;-6;141;-264;
504500626;-1;4;-125;-737;-557;-1;110;-276;
504501650;-2;-1;-138;-724;-543;7;146;-273;
504502672;4;9;-146;-672;-457;-7;-321;-449;
504503693;6;-11;-177;-705;-544;-3;143;-273;
504504715;-10;9;-124;-724;-566;-1;131;-282;
504505737;0;-12;-143;-751;-560;-12;25;-282;
504506761;9;14;-124;-745;-552;8;136;-267;
504507786;0;0;-136;-729;-558;0;135;-259;
504508832;14;5;-133;-777;-572;-5;136;-291;
504509861;-6;4;-129;-743;-572;-8;139;-270;
504510898;9;8;-133;-745;-557;4;137;-272;
504511936;-9;4;-128;-739;-566;-5;133;-277;
504512960;-3;12;-129;-743;-565;-2;132;-272;
504513991;-8;3;-133;-721;-556;13;170;-266;
504515014;17;20;-131;-763;-547;6;145;-266;
504516035;2;3;-128;-745;-565;4;247;-268;
504517056;-68;-77;-201;-824;-640;-77;73;-343;
504518079;2;8;-129;-748;-565;-1;136;-284;
504519101;-10;1;-138;-746;-568;-5;132;-293;
504520122;3;40;-137;-738;-565;0;135;-274;
504559668;-11;-25;-151;-751;-581;-12;120;-274;
504560776;-1;-8;-119;-745;-557;21;130;-257;
504561891;-7;-3;-132;-755;-564;1;138;-278;
504563010;0;-6;-107;-743;-563;-9;155;-253;
504564126;-1;-2;-105;-739;-567;0;132;-272;
504565170;-13;30;-86;-704;-536;21;162;-237;
504566193;13;14;-123;-743;-567;13;150;-263;
504567219;13;0;-124;-734;-564;0;132;-265;
504568251;0;-9;-136;-752;-576;-40;121;-278;
504569282;-6;-6;-119;-744;-582;5;137;-279;
504570312;-18;-6;-122;-755;-580;6;127;-275;
504571349;1;-4;-108;-747;-556;1;141;-268;
504572458;-5;4;-124;-750;-566;8;145;-271;
504573492;1;-8;-118;-751;-575;7;124;-281;
504574528;-55;-48;-172;-777;-615;-45;91;-308;
504575566;-11;0;-116;-739;-560;11;147;-257;
504576591;3;-21;-122;-741;-562;11;144;-267;
504577628;-14;-9;-129;-626;-574;-9;92;-280;
504578655;-13;-10;-133;-765;-565;-17;132;-279;
504579683;4;-1;-129;-743;-572;-2;146;-262;
504580717;7;5;-109;-735;-552;13;152;-251;
504581745;-3;-1;-121;-743;-568;2;139;-263;
504582769;3;-8;-120;-734;-568;12;142;-257;
504583804;-26;-26;-133;-768;-600;-25;116;-281;
504584834;0;-5;-124;-747;-567;9;141;-263;
504585860;2;1;-144;-750;-550;9;135;-260;
504586888;5;0;-116;-742;-572;8;143;-267;
504587919;1;-11;-134;-753;-567;-2;122;-268;
504588945;10;4;-123;-745;-613;1;146;-261;
504589975;4;-5;-120;-774;-574;-2;143;-262;
504591019;-6;-13;-130;-730;-561;1;135;-274;
504592052;-5;-5;-129;-752;-561;-25;127;-262;
504593084;-1;0;-116;-745;-553;9;133;-271;
504594120;-19;-11;-131;-756;-578;-11;130;-274;
504595152;-98;-14;-124;-755;-571;-4;155;-261;
504596178;0;0;-133;-755;-561;0;142;-265;
504643510;-5;-3;-105;-744;-545;10;149;-268;
504644604;-10;0;-119;-745;-571;6;137;-258;
504645700;-9;-8;-121;-748;-582;-5;133;-270;
504646802;9;-6;-124;-729;-569;0;141;-262;
504647833;-10;6;-112;-752;-583;-5;137;-262;
504648869;-14;-7;-113;-734;-569;1;139;-267;
504649899;-8;2;-118;-748;-572;4;134;-259;
504650934;-21;-13;-117;-760;-585;-13;139;-268;
504651966;-4;-2;-116;-734;-569;-6;140;-268;
504653023;-7;-3;-120;-747;-555;6;143;-257;
504654100;-5;-8;-108;-734;-564;-5;124;-266;
504655139;-47;-10;-105;-747;-579;-8;135;-252;
504656173;15;-8;-99;-733;-562;11;146;-255;
504657209;-4;-3;-116;-750;-572;-5;132;-268;
504658245;-9;-25;-125;-754;-575;2;131;-266;
504659280;-20;-13;-109;-759;-582;-11;124;-273;
504660347;-7;-3;-111;-750;-577;-2;147;-260;
504661401;-12;-10;-115;-751;-581;-8;130;-262;
504662435;-16;-9;-112;-768;-588;5;132;-264;
504663504;-12;-5;-113;-745;-572;-1;136;-249;
504664545;1;-5;-110;-752;-572;-5;136;-270;
504665580;2;-9;-102;-747;-580;0;129;-252;
504666611;9;3;-108;-744;-564;-16;148;-250;
504667655;-25;-19;-128;-759;-580;-7;133;-270;
504668688;-5;-9;-108;-742;-571;-4;130;-257;
504669779;-17;-4;-125;-736;-576;4;135;-259;
504670893;0;0;-107;-752;-564;5;142;-257;
504671976;-51;-5;-113;-759;-576;2;132;-248;
504673083;-12;0;-115;-755;-593;1;150;-246;
504674183;-9;-6;-117;-747;-563;-1;139;-256;
504675296;-15;-13;-107;-752;-567;0;137;-252;
504676399;-20;-16;-125;-749;-581;-12;133;-255;
504677516;-15;-5;-127;-766;-591;4;137;-269;
504678627;8;-13;-108;-767;-580;-5;140;-243;
504679732;-7;-77;-113;-740;-570;-8;209;-256;
504680835;-15;-7;-115;-744;-570;39;139;-260;
504681948;-68;-36;-152;-797;-617;-41;82;-305;
504683045;-2;-2;-110;-725;-562;-5;132;-243;
504684148;-39;-2;-146;-752;-587;-2;129;-265;
504685180;-10;5;-107;-743;-527;9;154;-261;
504686211;-10;-6;-107;-741;-570;4;144;-254;
504687253;51;44;-62;-706;-529;157;188;-199;
504688330;-14;-5;-118;-750;-572;-6;132;-256;
504689388;-5;-1;-114;-744;-568;2;145;-249;
504690422;-4;1;-105;-738;-565;7;137;-256;
504691464;-18;-17;-121;-752;-579;10;214;-281;
504692524;0;0;-120;-735;-563;0;140;-220;
504693555;-10;5;-142;-737;-569;6;129;-257;
504694631;-18;-2;-115;-737;-571;2;134;-248;
504695668;-23;-20;-116;-761;-580;-7;120;-268;
504696695;-17;-15;-104;-742;-582;12;140;-257;
504697726;1;0;-107;-747;-569;1;140;-246;
504698751;-15;4;-108;-743;-580;3;124;-247;
504699776;-6;2;-118;-738;-572;3;129;-253;
504700806;0;0;-116;-737;-550;0;122;-265;
504701870;2;-4;-154;-696;-516;0;140;-300;
504702918;-5;-13;-154;-698;-489;3;-335;-426;
504703957;-9;0;-103;-692;-486;10;-109;-341;
504704983;-9;-16;-257;-580;-386;-12;-361;-456;
504706022;-23;-12;-281;-569;-394;-9;-376;-460;
504707050;-8;-6;-287;-560;-383;4;-366;-474;
504708079;-11;-14;-285;-569;-377;-36;-364;-458;
504709107;-19;-15;-289;-570;-384;2;-360;-454;
504710137;-22;-10;-296;-566;-400;-13;-375;-467;
504711170;-15;-10;-301;-576;-398;-10;-366;-452;
504712196;-12;-9;-282;-560;-384;-7;-369;-456;
504713275;-13;-7;-288;-560;-381;11;-363;-453;
504714323;0;-8;-282;-562;-384;0;-365;-439;
504715382;-13;-8;-276;-557;-390;14;-367;-437;
504716485;-9;-5;-330;-559;-388;-1;-375;-462;
504717585;-5;1;-280;-551;-381;-2;-372;-411;
504718681;-21;-5;-289;-556;-401;2;-367;-479;
504719785;-9;5;-273;-551;-375;8;-364;-459;
504720850;-18;-4;-282;-552;-387;11;-360;-456;
504721888;-16;4;-270;-550;-378;7;-365;-449;
504722913;-19;-12;-274;-560;-387;17;-358;-448;
504723945;-16;-4;-283;-567;-386;-7;-373;-465;
504724970;-8;-1;-268;-548;-381;-2;-366;-439;
504726009;-17;-56;-288;-551;-379;-5;-366;-460;
504727048;12;24;-254;-544;-363;33;-337;-432;
504728076;-46;6;-278;-563;-409;6;-322;-448;
504729133;-9;-6;-279;-563;-402;16;-361;-440;
504730243;-9;-13;-268;-571;-395;-7;-369;-452;
504731279;-24;-11;-271;-583;-389;-2;-364;-459;
504732361;-12;-15;-265;-564;-373;-8;-367;-449;
504733411;-11;-25;-267;-563;-382;5;-369;-444;
504734484;1;-15;-285;-582;-393;9;-359;-477;
504735588;-6;-4;-271;-557;-387;-1;-366;-449;
504736682;-33;-14;-294;-581;-396;-10;-381;-470;
504737788;-30;-17;-281;-565;-395;-9;-372;-480;
504738898;-6;-16;-274;-569;-404;4;-363;-449;
504740010;-8;2;-243;-550;-363;10;-354;-451;
504741115;-53;-26;-283;-576;-403;-13;-376;-473;
504742148;-35;-2;-278;-557;-391;-7;-371;-466;
504743180;-39;-6;-273;-573;-385;2;-365;-463;
504744208;-37;-22;-284;-568;-407;-12;-374;-476;
504745249;-31;-13;-283;-583;-394;-10;-374;-477;
504746336;-24;-9;-284;-585;-404;-8;-382;-480;
504747362;36;59;-203;-521;-336;64;-306;-405;
504748446;-22;-19;-195;-582;-394;-4;-352;-461;
504749477;-29;-12;-266;-596;-391;-3;-293;-463;
504750502;-68;-6;-258;-572;-398;-13;-375;-466;
504751528;-37;-6;-258;-573;-385;1;-334;-455;
504752560;-27;-11;-370;-569;-394;12;-360;-465;
504753585;-25;-15;-249;-567;-388;2;-349;-455;
504754684;-48;-27;-268;-601;-424;-11;-362;-469;
504755790;-37;-23;-254;-571;-398;0;-359;-454;
504756891;-32;-23;-267;-595;-407;10;-347;-465;
504757987;-51;-18;-248;-590;-401;3;-363;-412;
504759081;13;-33;-266;-601;-424;-17;-372;-472;
504760206;-33;-25;-264;-586;-407;-4;-364;-456;
504761318;-48;-3;-256;-596;-406;6;-342;-441;
504762345;-46;-25;-254;-595;-394;5;-358;-446;
504763379;-49;-18;-244;-588;-404;0;-344;-455;
504764417;-35;-18;-244;-600;-408;0;-313;-444;
504765481;-51;-12;-244;-593;-407;5;-344;-445;
504766574;-45;-18;-255;-600;-403;-3;-317;-448;
504767633;-61;-30;-249;-599;-411;10;-340;-445;
504768697;-60;-19;-232;-598;-421;1;-336;-456;
504769789;-49;-20;-236;-589;-412;8;-323;-433;
504770885;-62;-25;-233;-618;-419;0;-317;-450;
504771983;-60;-21;-227;-619;-410;-9;-332;-436;
504773083;-58;-32;-228;-607;-419;14;-323;-428;
504774203;-84;-27;-223;-585;-385;1;-335;-460;
504775321;-99;-70;-225;-570;-389;24;-320;-429;
504776444;-78;-110;-281;-646;-444;-41;-372;-477;
504777565;-33;-26;-195;-658;-519;2;145;-239;
504778682;-52;-42;-50;-785;-580;16;155;-223;
504779783;-108;-21;-71;-812;-589;-2;146;-228;
504780875;-108;38;-71;-801;-598;-5;155;-234;
504781972;-98;-27;-63;-799;-596;-3;145;-231;
504782993;-94;-21;-60;-782;-535;4;5;-266;
504784033;-98;-43;-86;-806;-576;-9;155;-233;
504785131;-96;-42;-60;-787;-584;7;154;-221;
504786166;-96;-40;-50;-806;-577;-1;163;-229;
504787207;-93;-62;-68;-808;-589;-6;150;-245;
504788243;-83;-53;-58;-787;-577;4;107;-250;
504789278;-89;-52;-59;-786;-592;1;159;-233;
504790307;-94;-41;-62;-811;-571;-4;151;-236;
504791339;-96;-41;-88;-787;-555;-6;152;-308;
504792378;-81;-49;-174;-703;-462;16;-49;-333;
504793421;-110;2;-85;-812;-599;-3;150;-231;
504794464;-103;-35;-51;-799;-590;0;155;-220;
504795494;-105;-42;-58;-819;-598;-5;158;-225;
504796533;-108;-46;-63;-801;-595;1;152;-201;
504797574;-115;-51;-58;-810;-601;1;142;-211;
504798639;-113;-52;-50;-824;-592;4;149;-159;
504799661;-94;-30;-42;-806;-588;22;145;-190;
504800693;-125;-21;-50;-813;-594;0;136;-192;
504801756;-153;-27;-58;-819;-592;-13;129;-201;
504802812;-132;-13;19;-816;-589;7;124;-189;
504803840;-117;-11;-43;-794;-569;10;62;-180;
504804938;-117;-13;-65;-796;-564;11;104;-178;
504806050;-93;6;-56;-773;-574;9;111;-180;
504807146;-153;-72;-110;-852;-636;-71;24;-248;
504808250;-99;-17;-59;-791;-567;-2;98;-175;
504809344;-96;-5;-54;-784;-569;-5;95;-242;
504810444;-79;-12;-51;-785;-563;1;106;-187;
504811474;-80;-12;-55;-782;-567;3;115;-162;
504812502;-79;-51;-66;-798;-552;8;92;-178;
504813532;-84;-21;-81;-775;-588;9;98;-191;
504814625;-77;-13;-95;-759;-567;1;92;-178;
504815655;-75;-32;-74;-761;-577;2;108;-188;
504816734;-76;-22;-22;-774;-575;4;90;-186;
504817773;-69;-19;-73;-804;-581;0;87;-167;
504818809;-59;-18;-99;-773;-590;5;98;-182;
504819835;-45;-17;-87;-759;-576;17;93;-186;
504820863;-69;-22;-81;-755;-584;0;74;-196;
504821889;-56;-12;-107;-762;-574;-1;73;-166;
504822921;-59;-28;-108;-764;-584;-4;75;-206;
504823949;-44;-15;-96;-764;-567;3;71;-188;
504824976;-28;-14;-104;-749;-569;-5;87;-180;
504826018;-15;-14;-165;-694;-499;12;-404;-361;
504827063;-28;-17;-261;-598;-428;-5;-550;-344;
504828088;-30;50;-105;-738;-561;10;66;-180;
504829123;-42;-19;-116;-762;-562;-12;61;-204;
504830155;1;-2;-104;-742;-568;7;70;-191;
504831183;6;-4;-99;-726;-548;6;62;-188;
504832273;-25;-20;-107;-755;-563;5;76;-203;
504833356;-15;-20;-114;-747;-560;-6;56;-201;
504834492;-20;-8;-103;-747;-556;13;77;-195;
504835584;-35;-22;-120;-742;-557;2;57;-209;
504836689;-18;-16;-95;-744;-560;9;59;-202;
504837799;-27;-8;-121;-733;-567;-6;62;-209;
504838892;-8;29;-113;-733;-559;-10;59;-195;
504839949;-13;-13;-104;-742;-564;-1;58;-193;
504841039;-4;-12;-103;-722;-558;1;68;-194;
504842125;-25;-2;-111;-715;-555;-16;66;-194;
504843189;-27;2;-116;-735;-558;-4;66;-190;
504844223;-33;14;-97;-717;-567;10;75;-223;
504845266;-37;-18;-109;-727;-580;22;69;-226;
504846323;-23;2;-96;-703;-548;2;74;-216;
504847349;-36;-25;-117;-726;-562;-16;55;-208;
504848456;-10;-17;-130;-721;-558;-2;63;-211;
504849541;-24;-23;-129;-729;-570;-5;57;-229;
504850638;-17;-1;-116;-715;-571;1;70;-225;
504851743;-20;-11;-121;-712;-552;-8;67;-206;
504852848;-3;1;-107;-715;-553;6;64;-219;
504853948;-10;3;-116;-707;-544;10;-35;-218;
504855036;-22;-9;-126;-718;-562;0;87;-229;
504856066;-31;-21;-106;-824;-588;-20;207;-233;
504857153;-14;-3;-109;-728;-588;-4;105;-224;
504858191;-21;0;-81;-730;-585;0;129;-224;
504859220;-29;8;-83;-720;-575;-4;103;-218;
504860265;-31;17;-110;-725;-582;-9;112;-240;
504861331;-15;27;-84;-717;-589;5;119;-229;
504862358;-29;4;-96;-707;-600;-13;95;-229;
504863452;-13;-9;-100;-740;-591;-13;95;-241;
504864523;-1;-35;-90;-774;-575;3;106;-229;
504865633;-4;-99;-114;-738;-586;-5;115;-235;
504866744;4;-30;-94;-728;-580;4;121;-220;
504867847;-9;-42;-90;-731;-598;8;116;-237;
504868952;-9;-33;-108;-731;-602;0;120;-229;
504870035;-2;-12;-103;-712;-581;3;155;-229;
504871153;-16;-21;-109;-728;-602;4;112;-226;
504872194;-13;-30;-96;-717;-590;-7;111;-225;
504873256;-32;-34;-105;-721;-598;7;111;-231;
504874293;-5;-24;-94;-718;-595;3;115;-220;
504875319;63;-12;-95;-693;-577;11;133;-220;
504876356;6;-21;-105;-722;-593;0;117;-225;
504877384;13;-4;-90;-722;-584;3;119;-145;
504878488;-24;-34;-116;-714;-601;-1;120;-237;
504879600;0;-13;-90;-715;-594;-2;127;-222;
504880693;-10;-11;-88;-704;-588;0;120;-220;
504881800;2;-20;-97;-717;-643;19;133;-220;
504882890;-10;-15;-104;-723;-599;-10;115;-227;
504883918;21;-2;-89;-708;-580;16;142;-167;
504884945;-12;-9;-103;-718;-606;-8;123;-201;
504885973;5;83;-94;-709;-595;1;119;-220;
504887001;-38;-13;-103;-725;-594;-4;116;-206;
504888028;17;9;-87;-709;-583;6;129;-188;
504889059;0;0;-87;-714;-595;-25;116;-220;
504890087;2;0;-101;-711;-594;6;127;-192;
504891107;-2;-21;-105;-718;-587;-5;114;-225;
504892149;0;-14;-88;-708;-593;-2;124;-220;
504893188;-8;12;-91;-700;-479;6;124;-220;
504894216;29;5;-95;-696;-581;12;130;-197;
504895245;-7;-2;-100;-712;-602;-5;-129;-262;
504896283;-23;1;-199;-601;-472;-2;-355;-358;
504897318;-31;-11;-166;-649;-615;7;138;-221;
504898352;-16;-12;-97;-712;-603;-36;96;-272;
504899388;-3;-1;-129;-686;-572;-3;118;-200;
504900424;-17;10;-78;-684;-582;8;136;-188;
504901461;-2;-7;-107;-709;-586;-4;56;-175;
504902486;-7;-10;-123;-684;-571;-26;84;-173;
504903514;-6;10;-124;-672;-548;7;98;-168;
504904564;-14;-18;-198;-599;-467;-8;-400;-321;
504905593;-10;1;-150;-613;-472;5;-372;-365;
504906625;-4;0;-280;-510;-408;6;-435;-390;
504907655;1;-15;-286;-455;-386;0;-446;-397;
504908690;-12;-21;-312;-512;-400;-19;-454;-417;
504909722;-15;-16;-281;-501;-376;-1;-469;-415;
504910759;-1;-18;-297;-485;-374;-1;-470;-413;
504911789;1;-11;-303;-490;-369;8;-465;-418;
504912816;-13;-21;-309;-535;-479;-4;83;-200;
504913847;-13;16;-128;-670;-567;-6;-149;-307;
504914873;-6;-29;-167;-667;-573;-12;66;-178;
504915917;-8;-15;-206;-681;-577;-13;67;-174;
504944618;13;4;-212;-692;-602;13;137;-170;
504945730;-13;-16;-229;-705;-630;-9;129;-175;
504946836;-11;-5;-214;-704;-633;-15;133;-175;
504947952;-12;-4;-229;-701;-623;-5;126;-180;
504949045;-8;1;-228;-712;-624;-5;121;-182;
504950138;-13;-91;-233;-716;-623;-13;118;-182;
504951252;71;9;-201;-697;-606;6;143;-169;
504952362;-3;8;-222;-711;-622;-14;133;-163;
504953508;-109;-8;-171;-671;-586;-14;20;-226;
504954629;-12;-7;-190;-680;-585;-22;-7;-258;
504955744;-6;1;-179;-664;-588;2;17;-230;
504956849;0;13;-146;-646;-567;-1;-12;-253;
504957953;-3;-3;-131;-626;-548;2;-36;-256;
504959066;-8;-3;-129;-635;-550;4;87;-168;
504960121;4;-1;-137;-643;-557;4;-39;-285;
504961206;-4;-5;-118;-622;-554;9;-73;-275;
504962242;-15;-12;-178;-679;-586;-12;109;-166;
504963278;6;14;-201;-684;-593;-1;83;-167;
504964354;-30;-34;-220;-726;-623;-15;95;-179;
504965409;-4;-15;-225;-688;-613;-7;119;-171;
504966451;3;-5;-163;-692;-596;0;117;-156;
504967476;-1;-3;-221;-686;-615;-1;112;-175;
504968542;-9;-9;-229;-709;-614;4;119;-180;
504969576;-2;-10;-180;-689;-608;9;26;-220;
504970652;-1;-3;-147;-653;-557;-2;-18;-250;
504971751;1;0;-131;-637;-552;-6;-26;-246;
504972878;-2;-8;-140;-648;-558;7;-16;-244;
504973968;21;-108;-216;-577;-481;4;-266;-316;
504975074;-10;-10;-250;-545;-470;-6;-284;-338;
504976102;-6;-9;-256;-545;-472;10;-277;-328;
504977138;-6;-9;-259;-536;-454;-23;-281;-333;
504978177;13;9;-246;-545;-491;16;148;-189;
504979212;-2;0;-117;-691;-618;-5;140;-178;
504980244;2;3;-102;-698;-620;13;137;-199;
504981283;-16;-5;-114;-696;-616;-4;135;-187;
504982309;19;2;-110;-686;-583;10;152;-148;
504983341;0;8;-107;-698;-614;6;146;-178;
504984374;-1;-35;-112;-714;-615;-6;147;-184;
504985404;-8;-24;-104;-702;-621;5;131;-190;
504986445;5;-4;-104;-698;-613;1;138;-181;
504987473;-8;-10;-105;-689;-611;-1;134;-169;
504988511;-8;-1;-113;-688;-607;-6;94;-159;
504989547;1;4;-127;-657;-591;-11;101;-162;
504990575;-6;-7;-148;-670;-592;3;100;-163;
504991608;-10;2;-170;-664;-578;0;90;-152;
504992650;13;5;-140;-663;-584;6;87;-144;
504993679;3;-1;-142;-664;-572;-2;129;-154;
504994714;-17;-17;-150;-655;-572;-2;83;-149;
504995757;-86;-6;-153;-658;-578;8;97;-153;
504996789;-10;-13;-155;-662;-568;-5;96;-162;
504997823;-7;-10;-152;-668;-592;-2;98;-165;
504998855;-5;-12;-138;-669;-602;1;125;-168;
504999882;-1;-11;-127;-687;-604;-1;128;-159;
505000923;-1;-7;-103;-684;-603;-4;129;-179;
505001955;-4;10;-105;-680;-601;13;151;-171;
505002987;-22;-26;-134;-717;-634;29;119;-187;
505004024;0;-2;-102;-685;-604;14;148;-167;
505005056;3;-22;-112;-696;-617;1;124;-185;
505006087;-1;-11;-100;-693;-618;0;137;-171;
505007111;-6;-11;-112;-689;-610;3;135;-163;
505008145;1;-10;-107;-731;-616;4;143;-174;
505046126;-7;-126;-134;-671;-582;-10;47;-142;
505047228;12;-1;-128;-655;-567;9;92;-141;
505048331;3;-2;-142;-666;-573;13;86;-122;
505049455;-9;-1;-131;-656;-576;-12;94;-127;
505050574;1;-3;-173;-659;-574;1;71;-160;
505051622;0;-11;-83;-585;-499;-14;-180;-278;
505052737;10;4;-34;-553;-473;11;-90;-227;
505053839;7;2;-178;-556;-490;2;-267;-285;
505054941;0;-14;-220;-537;-471;-6;-249;-292;
505056068;6;-12;-212;-539;-481;8;-212;-275;
505057177;2;2;-218;-557;-471;11;-221;-270;
505058289;-3;-13;-223;-570;-492;-3;-223;-283;
505059388;-21;-26;-229;-564;-498;-9;-230;-283;
505060457;-17;-18;-230;-575;-503;-20;-230;-292;
505061519;-1;-13;-221;-549;-479;-1;142;-236;
505062576;6;39;-104;-669;-595;13;158;-163;
505063617;9;-9;-107;-646;-559;3;-175;-268;
505064720;6;-4;-104;-561;-479;5;-210;-266;
505065822;-11;-13;-219;-553;-488;7;-219;-282;
505066933;0;-12;-208;-556;-485;14;-230;-286;
505068031;-2;5;-230;-529;-487;5;-222;-272;
505069131;0;-8;-220;-557;-489;0;-228;-291;
505070231;5;-7;-226;-559;-496;0;-224;-286;
505071307;-1;-5;-233;-559;-485;-8;-205;-279;
505072331;-11;-6;-229;-555;-490;3;-215;-307;
505073414;-8;39;-236;-552;-485;-6;-210;-286;
505074512;-2;-6;-218;-548;-508;2;-221;-276;
505075540;13;16;-212;-560;-469;12;-212;-262;
505076587;-21;-23;-239;-570;-505;-16;-236;-300;
505077650;-1;-9;-225;-483;-490;3;-195;-285;
505078695;-1;-7;-200;-561;-484;10;-188;-272;
505079761;8;8;-225;-532;-471;21;-161;-258;
505080827;-9;-21;-235;-552;-494;-1;-199;-285;
505081939;4;-12;-222;-561;-490;0;-183;-387;
505083044;-1;-1;-227;-548;-490;90;-196;-279;
505084149;-2;-17;-220;-544;-479;10;-187;-270;
505085271;0;-1;-223;-546;-474;3;-187;-276;
505086395;-6;-8;-228;-563;-476;-3;-228;-278;
505087516;5;-6;-218;-554;-486;4;-202;-281;
505088608;-4;0;-220;-548;-486;6;-204;-286;
505089720;-22;-24;-251;-579;-505;-46;-296;-309;
505090820;-15;-17;-247;-560;-492;-2;-235;-298;
505091917;-3;-9;-236;-564;-486;-6;-229;-292;
505093022;-11;-5;-221;-544;-482;8;-219;-268;
505094111;-8;-13;-229;-556;-497;-22;-237;-292;
505095152;-6;-17;-234;-553;-495;-6;-226;-273;
505096176;-2;-9;-233;-566;-482;12;-225;-280;
505097209;3;-5;-227;-552;-490;4;-221;-281;
505098246;-26;1;-236;-553;-477;8;-224;-278;
505099281;-4;-3;-226;-560;-485;-17;-232;-273;
505100311;3;-1;-219;-551;-477;3;-217;-276;
505101330;-8;-8;-233;-567;-486;-10;-226;-287;
505102436;-3;-18;-223;-555;-489;0;-231;-282;
505103482;-4;-3;-220;-547;-486;2;-220;-270;
505104514;0;1;-224;-551;-486;5;-220;-268;
505105542;0;-2;-220;-575;-478;5;-220;-281;
505106566;-15;-2;-227;-538;-476;-6;-223;-272;
505107594;-3;57;-222;-547;-486;-4;-222;-262;
505108628;13;-8;-216;-544;-485;17;-223;-252;
505109655;-26;-1;-224;-546;-473;-3;-198;-272;
505110740;-13;-18;-145;-597;-544;-13;-19;-208;
505111789;-5;-6;-133;-621;-548;-4;-29;-227;
505112861;0;4;-137;-623;-548;-5;-27;-225;
505113910;15;11;-135;-622;-545;-2;-26;-222;
505114952;-13;8;-133;-629;-551;-25;42;-189;
505116058;-8;-8;-150;-644;-593;9;118;-133;
505117151;-11;-26;-257;-709;-622;-25;82;-201;
505118250;4;-5;-225;-688;-623;4;124;-141;
505119359;-9;-9;-230;-692;-630;-8;123;-137;
505120473;-12;-7;-207;-671;-591;2;19;-188;
505121577;-1;-2;-155;-641;-551;-2;8;-190;
505122691;-3;-5;-154;-634;-576;5;-21;-232;
505123813;-2;-9;-144;-660;-544;-10;-14;-222;
505124909;3;-2;-135;-620;-555;3;-20;-178;
505125988;9;-6;-137;-607;-546;7;-12;-216;
505127087;-9;-2;-130;-618;-541;18;-33;-220;
505128185;-11;-14;-154;-602;-517;1;-210;-249;
505129294;-10;0;-230;-574;-340;-8;-238;-271;
505130405;0;4;-226;-540;-468;5;-223;-266;
505131535;-20;-10;-239;-552;-487;-19;-302;-294;
505132646;8;18;-242;-519;-456;6;-249;-260;
505133757;-10;-12;-256;-527;-451;-3;-369;-306;
505134868;-13;-10;-281;-507;-427;8;-401;-308;
505135984;-4;-7;-299;-486;-416;-3;-424;-310;
505137081;41;9;-302;-470;-400;-6;-417;-301;
505138178;4;-6;-296;-456;-406;21;-436;-314;
505139266;-3;-3;-294;-464;-401;2;-413;-322;
505140344;-3;4;-304;-464;-408;-1;-434;-325;
505141384;13;9;-292;-464;-403;12;-457;-323;
505142421;-16;-7;-307;-461;-394;9;-446;-314;
505143458;-3;3;-283;-464;-350;-8;-476;-323;
505144548;-2;0;-310;-461;-399;4;-478;-328;
505145580;-10;-25;-324;-480;-399;-13;-487;-336;
505146612;5;1;-309;-459;-392;5;-476;-319;
505147655;-14;3;-317;-458;-391;3;-495;-323;
505148692;-29;-9;-318;-471;-399;-19;-502;-328;
505149768;7;11;-345;-449;-390;7;-483;-315;
505150797;-9;0;-315;-447;-371;-7;-491;-329;
505151898;0;-7;-311;-464;-396;-13;-487;-323;
505153002;-7;-14;-359;-449;-385;-8;-481;-324;
505154112;-6;10;-303;-450;-398;14;-483;-326;
505155239;9;-3;-285;-430;-378;24;-482;-326;
505156335;-5;1;-309;-442;-362;9;-495;-326;
505157446;7;8;-302;-445;-387;3;-475;-307;
505158526;0;5;-384;-455;-390;11;-449;-323;
505159635;-7;-5;-312;-461;-408;8;-493;-328;
505160720;-9;-10;-327;-469;-399;-13;-486;-338;
505161750;-5;0;-313;-448;-388;2;-482;-323;
505162772;-9;-3;-316;-456;-399;-5;-484;-322;
505163812;13;-16;-302;-448;-385;9;-477;-319;
505164839;-3;-2;-305;-452;-393;-12;-493;-329;
505165872;0;-4;-302;-465;-392;-1;-487;-335;
505166929;-12;0;-321;-456;-386;0;-481;-338;
505168025;0;5;-309;-453;-398;2;-466;-331;
505169134;2;53;-309;-454;-394;-32;-481;-317;
505170244;-3;0;-305;-408;-389;3;-485;-322;
505171359;-36;-8;-309;-448;-400;-7;-492;-323;
505172482;1;-16;-317;-467;-400;5;-489;-337;
505173582;0;-23;-320;-424;-398;-2;-492;-323;
505174612;-7;-14;-315;-450;-391;-7;-487;-327;
505175644;4;1;-291;-463;-395;0;-487;-329;
505176662;1;-12;-299;-438;-394;9;-476;-315;
505177695;-13;-34;-312;-453;-399;-9;-507;-330;
505178718;-13;-11;-297;-441;-389;-10;-477;-329;
505179755;3;-9;-304;-461;-396;1;-478;-328;
505180797;2;-5;-304;-453;-390;2;-503;-317;
505181880;12;-8;-302;-446;-382;15;-483;-331;
505182918;-16;-9;-316;-471;-401;-13;-496;-338;
505183945;-12;-8;-305;-461;-391;-5;-490;-326;
505184974;12;-10;-313;-452;-392;5;-475;-316;
505186028;-8;-5;-316;-459;-393;5;-497;-338;
505187056;-20;-13;-313;-465;-397;-8;-502;-336;
505188080;7;-1;-330;-460;-377;5;-474;-322;
505189141;1;33;-313;-441;-388;1;-470;-321;
505190210;-7;-2;-309;-458;-386;3;-481;-317;
505191267;2;-13;-318;-469;-386;-4;-451;-288;
505192340;-10;-5;-289;-482;-410;-5;-379;-315;
505193374;-25;-5;-278;-497;-446;-4;-346;-311;
505194485;4;-12;-258;-544;-445;-10;-314;-296;
505195586;3;0;-252;-507;-450;0;-313;-284;
505196712;13;17;-220;-505;-433;15;-310;-271;
505197816;-25;-17;-270;-532;-452;-16;-365;-299;
505198918;2;-7;-263;-523;-451;-1;-335;-295;
505200006;-3;10;-255;-492;-437;2;-437;-307;
505201120;-3;10;-282;-465;-389;-16;-445;-310;
505202234;-6;-13;-317;-468;-370;1;-459;-330;
505203338;-6;-16;-300;-470;-413;-4;-478;-321;
505204458;-15;-2;-305;-466;-388;1;-464;-316;
505205574;3;-11;-300;-480;-413;-7;-107;-268;
505206662;-8;-4;-104;-565;-500;4;-100;-230;
505207752;-11;1;-86;-587;-517;-7;-91;-234;
505208859;2;2;-95;-595;-527;17;-73;-228;
505209971;18;13;-90;-586;-540;12;-44;-191;
505211082;-12;-12;-133;-619;-554;-1;-61;-232;
505212121;-16;-21;-120;-612;-532;-16;-45;-229;
505213189;-20;6;-150;-623;-548;-4;-36;-229;
505214244;-1;0;-116;-606;-556;1;-33;-259;
505215283;-5;1;-122;-613;-535;-10;-48;-225;
505216355;-4;-11;-132;-611;-556;-6;-62;-224;
505217386;8;-13;-113;-611;-532;4;-42;-200;
505218498;-1;-4;-128;-601;-541;0;-51;-228;
505219619;-1;-9;-125;-610;-550;-4;-53;-229;
505220713;-36;1;-119;-615;-546;-3;-54;-225;
505221832;-3;6;-98;-602;-541;19;-32;-213;
505222924;7;-3;-110;-613;-547;-1;-48;-210;
505223962;-4;1;-124;-601;-541;-3;-50;-220;
505224997;-18;-16;-134;-621;-553;-13;-54;-215;
505226026;7;-13;-114;-603;-554;1;-53;-222;
505227064;4;-4;-126;-615;-524;-9;-60;-229;
505228095;-13;-6;-121;-606;-557;-10;-48;-205;
505229161;2;-9;-124;-586;-537;8;-42;-170;
505230233;-3;3;-118;-609;-558;-8;-72;-210;
505231277;4;8;-114;-588;-546;8;-37;-196;
505232358;-1;7;-129;-612;-542;-5;-42;-221;
505233399;4;9;-120;-602;-544;7;-31;-216;
505234451;1;-8;-123;-610;-539;17;-37;-193;
505235476;-7;0;-124;-593;-555;0;-51;-220;
505236520;-1;-1;-117;-594;-503;-1;-40;-221;
505237555;13;1;-116;-605;-552;0;-39;-200;
505238584;-3;-8;-122;-602;-565;2;-48;-202;
505239614;2;78;-112;-593;-553;3;-49;-190;
505240690;-21;-17;-131;-623;-556;-17;-55;-210;
505241718;8;-32;-130;-609;-545;13;-49;-206;
505242781;-42;-42;-158;-647;-595;-39;-94;-237;
505243880;-6;-2;-122;-597;-529;-2;-57;-222;
505244974;8;-8;-122;-611;-545;6;-55;-193;
505246089;-70;-18;-123;-595;-569;13;-42;-220;
505247206;-9;-5;-128;-626;-544;-7;-59;-229;
505248311;-10;-7;-118;-587;-549;0;-65;-226;
505249403;6;0;-126;-602;-552;2;-44;-220;
505250442;-24;0;-115;-593;-534;2;-44;-198;
505251481;11;-13;-131;-608;-554;-6;-47;-201;
505252515;9;4;-120;-590;-535;0;-53;-220;
505253548;-6;-4;-120;-589;-544;2;-135;-201;
505254577;-6;-8;-122;-606;-564;-12;-51;-229;
505255608;-11;-14;-122;-604;-536;-2;-114;-202;
505256637;-13;-11;-154;-650;-595;-7;120;-161;
505257665;0;-16;-189;-670;-612;-10;-38;-187;
505258693;3;2;-139;-587;-520;-5;-219;-227;
505259725;-15;-16;-228;-539;-488;-16;-257;-251;
505260764;6;-1;-222;-532;-466;10;-252;-255;
505261796;-12;-20;-232;-543;-490;-6;-258;-265;
505262825;-27;-34;-247;-564;-499;-26;-290;-298;
505263869;-5;-9;-229;-530;-467;8;-258;-250;
505264896;-1;2;-221;-536;-466;5;-251;-258;
505265928;-1;-11;-221;-513;-468;-4;-273;-268;
505266959;-5;32;-231;-544;-474;-2;-300;-279;
505267990;4;-4;-228;-515;-455;14;-280;-263;
505269016;9;-7;-226;-527;-458;5;-302;-266;
505270051;-2;-16;-243;-511;-458;-3;-313;-266;
505271087;-9;-13;-244;-520;-448;1;-329;-225;
505272111;-17;-26;-260;-524;-465;0;-357;-289;
505273138;-3;-9;-255;-506;-472;-9;-349;-279;
505274170;-10;-9;-264;-493;-449;-2;-356;-279;
505275205;7;-5;-262;-494;-434;-2;-396;-287;
505276233;-1;2;-257;-474;-423;-2;-408;-291;
505277280;12;-8;-270;-465;-427;2;-415;-294;
505278371;1;-8;-287;-472;-416;-15;-449;-299;
505279442;-19;-4;-292;-465;-399;-10;-486;-297;
505280473;0;3;-284;-449;-387;11;-486;-304;
505281504;18;10;-290;-441;-367;29;-467;-284;
505282546;-6;-9;-307;-464;-408;-3;-494;-306;
505310293;14;-3;-290;-440;-364;6;-467;-300;
505311396;-6;-6;-302;-464;-378;-5;-494;-314;
505312510;-4;0;-303;-463;-403;5;-489;-313;
505313580;4;4;-289;-440;-404;3;-485;-294;
505314610;-16;-17;-306;-452;-390;16;-493;-303;
505315642;-4;-11;-309;-460;-390;0;-485;-316;
505316693;0;-12;-294;-453;-387;0;-471;-280;
505317779;32;20;-270;-423;-367;33;-452;-281;
505318820;4;6;-298;-453;-398;1;-485;-316;
505319886;-5;-21;-296;-469;-407;-9;-473;-317;
505320916;-7;-11;-294;-448;-386;10;-464;-311;
505322013;9;-5;-307;-457;-390;0;-477;-301;
505323119;2;-2;-307;-453;-384;2;-583;-307;
505324218;-9;-8;-295;-440;-403;0;-496;-301;
505325318;-5;-16;-300;-451;-383;4;-479;-311;
505326439;4;3;-298;-461;-396;1;-494;-320;
505327532;-7;-14;-309;-447;-379;-5;-489;-336;
505328627;-12;-14;-322;-451;-403;-10;-486;-330;
505329743;-11;-10;-300;-446;-381;0;-494;-335;
505330839;-2;-2;-300;-457;-389;-12;-491;-335;
505331906;0;1;-304;-445;-385;0;-490;-344;
505332947;-5;-21;-312;-457;-391;-7;-503;-328;
505333983;9;-8;-303;-439;-387;-4;-497;-331;
505335028;-18;-3;-318;-466;-394;-8;-495;-327;
505336135;-4;-12;-317;-454;-411;-12;-501;-348;
505337236;2;13;-269;-442;-365;17;-463;-305;
505338332;-31;9;-293;-505;-419;-24;-506;-360;
505339439;14;-9;-283;-440;-393;15;-489;-331;
505340530;-2;1;-290;-458;-380;-6;-477;-333;
505341592;-2;-4;-298;-460;-396;-8;-493;-340;
505342669;-5;3;-288;-461;-383;16;-487;-319;
505343733;-5;-13;-307;-439;-282;-1;-493;-335;
505344811;2;-11;-262;-477;-431;5;-427;-316;
505345846;-4;-18;-291;-474;-401;-9;-481;-352;
505346875;6;1;-294;-438;-375;19;-439;-315;
505347927;-11;-17;-246;-544;-520;2;101;-155;
505348999;-8;-2;-148;-625;-568;-2;93;-147;
505350023;-15;-3;-126;-644;-686;1;99;-146;
505351134;1;-18;-125;-653;-592;-5;162;-133;
505352256;5;50;-133;-647;-588;5;105;-131;
505353363;-5;4;-133;-656;-582;-3;114;-146;
505354491;-10;-14;-114;-648;-567;7;125;-141;
505355591;-9;-23;-208;-660;-589;-13;108;-152;
505356705;-16;-16;-140;-666;-594;-9;120;-145;
505357732;3;-4;-125;-658;-589;-4;95;-150;
505358765;-10;-5;-104;-658;-582;-1;112;-129;
505359791;-9;-14;-60;-654;-599;5;94;-150;
505360835;6;-15;-123;-665;-597;-8;96;-140;
505361865;1;1;-116;-651;-585;-9;113;-128;
505362889;11;14;-105;-639;-582;16;127;-123;
505363931;-13;-6;-116;-655;-586;-5;102;-135;
505364955;0;9;-114;-640;-597;-1;115;-128;
505365990;7;-6;-105;-651;-572;16;122;-109;
505367029;-52;-17;-133;-647;-576;4;99;-132;
505368058;0;1;-104;-645;-577;-1;108;-128;
505369131;-6;-8;-136;-677;-591;-1;100;-122;
505370234;0;1;-132;-644;-578;4;117;-127;
505371316;56;2;-126;-646;-578;-5;119;-123;
505372351;0;0;-117;-651;-584;11;111;-124;
505373433;-3;-20;-126;-655;-596;-2;111;-126;
505374465;-1;-3;-119;-658;-597;-7;102;-134;
505375494;7;4;-123;-659;-578;15;106;-126;
505376526;-1;-4;-138;-600;-507;3;-363;-262;
505377551;7;4;-269;-480;-422;4;-398;-279;
505378583;-16;-11;-297;-498;-415;-3;-417;-303;
505379614;6;2;-283;-484;-410;3;-430;-296;
505380676;-6;-4;-281;-487;-414;-6;-442;-313;
505381780;-4;-20;-292;-438;-407;-1;-426;-316;
505382878;5;2;-293;-480;-407;8;-420;-309;
505383978;-26;-1;-283;-466;-405;2;-415;-302;
505385076;8;11;-288;-466;-390;2;-376;-308;
505386182;3;-9;-279;-470;-398;14;-456;-320;
505387320;-20;-15;-320;-476;-403;-16;-476;-330;
505388450;13;13;-294;-449;-378;13;-434;-298;
505389560;3;-15;-317;-472;-400;-10;-465;-325;
505390682;21;5;-283;-436;-337;19;-438;-299;
505391804;-2;-13;-298;-458;-398;2;-464;-335;
505392908;5;2;-287;-465;-399;3;-452;-329;
505394030;-18;-27;-315;-469;-391;-20;-480;-347;
505395135;14;-1;-295;-460;-296;-2;-476;-339;
505396230;7;-17;-320;-456;-395;0;-470;-340;
505397318;5;-10;-295;-448;-378;7;-480;-330;
505398362;6;-5;-305;-438;-388;0;-477;-348;
505399447;-5;26;-309;-460;-394;3;-483;-339;
505400476;-4;-15;-302;-454;-394;-1;-493;-339;
505401541;-3;0;-298;-436;-386;5;-489;-346;
505402637;-7;0;-280;-516;-387;0;-477;-336;
505403755;-11;-3;-319;-453;-377;4;-477;-349;
505404861;-14;-9;-323;-375;-396;-1;-487;-361;
505405958;4;-14;-311;-461;-357;-2;-491;-350;
505407053;-4;-2;-313;-340;-384;-7;-496;-340;
505408118;-9;-13;-322;-461;-407;-14;-500;-351;
505409220;6;-4;-305;-451;-380;-1;-486;-335;
505410282;-4;-9;-307;-458;-390;-2;-489;-369;
505411356;-7;0;-307;-441;-388;3;-492;-348;
505412386;-2;1;-308;-443;-379;11;-461;-392;
505413477;-6;0;-312;-458;-386;15;-487;-351;
505414509;-1;-35;-323;-444;-400;-10;-498;-361;
505415543;-3;6;-312;-451;-380;-7;-497;-350;
505416596;-9;-5;-303;-453;-391;-4;-483;-352;
505417711;-9;2;-306;-441;-387;1;-488;-360;
505418838;-12;-18;-331;-467;-404;-95;-507;-373;
505419943;-7;-4;-319;-439;-382;13;-494;-343;
505421051;-2;-2;-311;-436;-384;0;-486;-340;
505422154;-12;-18;-332;-462;-389;-101;-493;-358;
505423207;-9;-19;-314;-407;-393;-10;-486;-357;
505424236;1;1;-306;-455;-386;0;-497;-344;
505425267;6;-14;-303;-437;-384;6;-473;-369;
505426297;21;11;-297;-428;-371;9;-490;-333;
505427325;3;-12;-309;-442;-377;2;-493;-347;
505428393;0;-11;-322;-460;-382;13;-489;-361;
505429472;10;-1;-310;-445;-404;-1;-501;-348;
505430514;-5;1;-327;-447;-368;-5;-486;-343;
505431561;-10;-7;-312;-448;-377;-5;-505;-355;
505432621;-46;-17;-323;-451;-384;-5;-494;-356;
505433650;0;-8;-232;-464;-377;9;-489;-358;
505434750;0;4;-308;-443;-368;-6;-489;-343;
505435860;9;5;-313;-439;-359;8;-484;-357;
505436984;11;9;-319;-448;-378;-8;-399;-342;
505438096;-12;-17;-308;-455;-396;-14;-503;-350;
505439198;-13;-16;-313;-454;-389;-5;-508;-348;
505440272;3;4;-306;-444;-377;6;-485;-341;
505441295;-13;2;-308;-438;-386;1;-503;-336;
505442324;4;1;-301;-440;-382;4;-498;-340;
505443357;13;10;-315;-447;-388;5;-489;-344;
505444476;4;9;-313;-449;-367;2;-489;-335;
505445544;0;-1;-315;-453;-378;4;-507;-338;
505446606;0;9;-319;-447;-399;2;-485;-352;
505447641;10;-1;-308;-433;-370;10;-492;-340;
505448701;0;0;-319;-449;-386;3;-493;-352;
505449780;1;-8;-317;-446;-384;-5;-509;-356;
505450808;1;3;-314;-440;-384;4;-501;-350;
505451881;-16;-9;-341;-470;-412;-23;-508;-372;
505452999;-11;-7;-318;-449;-382;-18;-507;-361;
505454095;-3;-3;-321;-453;-390;-3;-509;-343;
505455195;-2;-4;-319;-449;-386;10;-506;-349;
505456304;-5;12;-295;-443;-377;-1;-501;-333;
505457406;8;-17;-301;-433;-378;8;-490;-324;
505458508;-5;-9;-312;-448;-385;4;-505;-347;
505459629;-4;-6;-315;-461;-386;3;-494;-349;
505460721;-1;-8;-322;-448;-386;0;-502;-344;
505461840;4;0;-317;-450;-387;5;-523;-352;
505462938;-4;-1;-309;-435;-392;9;-513;-352;
505464056;-7;-10;-264;-461;-383;-6;-495;-361;
505465187;3;-3;-317;-448;-389;-25;-518;-342;
505466295;-11;5;-314;-445;-380;-3;-506;-355;
505467423;1;-2;-304;-438;-390;0;-479;-340;
505468539;-5;-9;-286;-439;-389;10;-253;-310;
505469638;-13;-37;-87;-488;-427;-6;-388;-320;
505470751;0;-8;-36;-494;-425;-5;-267;-313;
505471853;31;25;1;-467;-390;36;-284;-297;
505472946;0;5;-51;-487;-427;8;-283;-311;
505474062;-14;-4;-87;-494;-446;11;-444;-345;
505475163;0;-4;-117;-486;-413;-17;-447;-323;
505476251;12;5;-178;-457;-386;14;-448;-329;
505477343;4;6;-129;-464;-398;10;-433;-333;
505478372;2;4;-148;-450;-394;15;-469;-331;
505479451;-11;3;-163;-467;-400;3;-490;-342;
505480558;6;1;-271;-456;-386;-8;-481;-442;
505481674;7;0;-283;-452;-372;-5;-493;-344;
505482787;-8;11;-269;-436;-371;-5;-487;-340;
505483892;7;0;-269;-450;-384;7;-482;-340;
505484980;3;0;-154;-593;-542;-3;88;-139;
505486090;24;74;-53;-569;-491;88;146;-53;
505487119;-19;-16;-151;-656;-583;-9;63;-135;
505488217;6;11;-131;-622;-556;11;87;-128;
505489256;-13;-16;-152;-633;-578;-13;76;-143;
505490299;-8;8;-158;-566;-537;6;-163;-229;
505491368;-7;6;-155;-544;-480;-1;-72;-181;
505492396;11;11;-120;-556;-457;17;-226;-254;
505493503;17;4;-116;-524;-473;2;-29;-155;
505494628;-15;-12;-152;-635;-567;-6;80;-123;
505495744;0;-16;-170;-628;-566;-4;70;-139;
505496847;0;0;-159;-619;-557;-9;75;-104;
505497933;0;0;-160;-633;-569;12;81;-127;
505499029;-6;-14;-170;-635;-566;-19;81;-133;
505500133;16;-6;-160;-630;-571;-2;68;-131;
505501225;-1;5;-167;-615;-550;-5;75;-125;
505502269;-2;10;-161;-625;-546;-6;78;-126;
505503298;1;0;-166;-623;-556;13;75;-116;
505504367;-13;-7;-177;-626;-569;-20;65;-136;
505505441;1;-4;-163;-630;-573;-13;79;-124;
505506538;0;3;-159;-626;-548;1;86;-139;
505507632;10;-6;-162;-614;-536;4;83;-124;
505508728;0;-5;-147;-624;-558;1;78;-126;
505509842;9;7;-149;-618;-563;0;71;-168;
505510935;12;32;-137;-586;-533;27;128;-98;
505512035;4;0;-177;-576;-500;0;-247;-276;
505513142;5;4;-166;-502;-423;7;-242;-284;
505514282;1;2;-50;-487;-416;2;-325;-296;
505515392;6;-7;-180;-475;-426;3;-347;-311;
505516511;0;5;-186;-456;-404;0;-332;-311;
505517597;20;10;-142;-476;-410;14;-264;-293;
505518707;-4;9;-105;-501;-407;-8;-356;-316;
505519803;0;8;-223;-474;-395;0;-422;-335;
505520910;-21;-5;-270;-460;-388;-5;-445;-335;
505522005;-4;-9;-269;-455;-392;3;-447;-337;
505523117;-10;-8;-273;-463;-377;6;-452;-337;
505524229;-9;-33;-284;-470;-403;-9;-469;-340;
505525322;8;0;-284;-456;-408;1;-452;-332;
505526439;11;-12;-274;-472;-406;-3;-249;-316;
505527549;2;-4;-238;-453;-396;-4;-450;-331;
505528632;5;6;-276;-454;-381;6;-443;-326;
505529661;3;0;-162;-481;-415;1;-376;-319;
505530695;-9;-11;-133;-477;-423;2;-268;-318;
505531722;-13;-4;-121;-494;-424;-7;-454;-361;
505532778;0;-7;-222;-462;-392;-2;-448;-350;
505533890;23;20;-239;-444;-383;37;-418;-303;
505534927;6;-4;-199;-464;-391;13;-452;-348;
505535978;6;4;-255;-445;-374;9;-465;-355;
505537011;-1;-7;-284;-463;-394;-4;-470;-355;
505538096;9;4;-268;-440;-382;17;-469;-334;
505539168;0;6;-271;-438;-377;0;-474;-348;
505540234;-7;6;-275;-442;-375;0;-475;-355;
505541261;-6;-8;-303;-454;-398;-6;-495;-364;
505542333;6;4;-285;-446;-377;5;-474;-351;
505543415;4;-15;-283;-445;-371;-2;-486;-355;
505544533;15;5;-288;-444;-376;11;-475;-337;
505545637;-2;3;-303;-434;-381;0;-464;-354;
505546765;-12;-9;-313;-454;-393;-12;-486;-352;
505547884;8;0;-278;-428;-373;4;-478;-338;
505548994;13;0;-283;-446;-376;6;-513;-348;
505550102;-43;-25;-321;-472;-407;-28;-523;-383;
505551166;-10;-5;-313;-444;-391;6;-489;-353;
505552198;18;25;-292;-484;-369;9;-485;-344;
505553304;17;12;-266;-422;-373;13;-468;-344;
505554407;8;11;-296;-443;-401;-13;-482;-350;
505555516;72;84;-222;-355;-293;87;-414;-271;
505556643;-1;7;-301;-450;-393;-4;-478;-352;
505557760;-9;-11;-321;-456;-382;-12;-491;-361;
505558872;0;-4;-294;-446;-376;14;-492;-355;
505559907;-43;0;-324;-445;-391;-10;-498;-366;
505560946;-4;-10;-298;-458;-386;-4;-477;-352;
505561976;-6;-14;-311;-442;-385;-2;-493;-365;
505562996;0;1;-307;-438;-381;5;-490;-335;
505564042;0;-10;-293;-464;-364;-3;-489;-355;
505565147;-7;10;-301;-437;-309;4;-492;-401;
505566189;8;6;-283;-433;-364;9;-479;-328;
505567248;-5;-9;-303;-336;-368;6;-507;-353;
505568297;10;1;-287;-444;-373;11;-491;-302;
505569365;2;13;-292;-439;-378;-1;-497;-358;
505570407;-5;-8;-315;-454;-385;-10;-502;-366;
505571469;8;8;-288;-440;-361;-4;-490;-348;
505572577;1;4;-258;-438;-373;10;-486;-343;
505573688;3;-6;-313;-446;-429;-6;-501;-338;
505574788;16;29;-299;-423;-374;10;-481;-331;
505575887;0;-7;-316;-431;-377;1;-503;-361;
505576975;-6;-6;-315;-451;-387;-13;-512;-417;
505578075;10;7;-301;-436;-368;18;-484;-331;
505579179;-3;3;-314;-435;-389;3;-513;-337;
505580283;4;-22;-318;-457;-393;-3;-502;-362;
505581387;-3;-9;-312;-464;-409;-12;-517;-357;
505582516;14;12;-287;-430;-364;8;-477;-325;
505583601;5;-8;-319;-434;-394;-9;-497;-360;
505584710;-13;-17;-320;-447;-390;4;-520;-361;
505585820;-1;7;-298;-439;-381;9;-493;-348;
505586936;2;-3;-322;-438;-377;-1;-456;-343;
505588028;1;2;-300;-444;-368;0;-504;-340;
505589123;-5;-25;-301;-450;-395;-9;-507;-350;
505590229;-10;-5;-302;-458;-387;-10;-516;-359;
505591345;-9;-16;-318;-447;-374;-9;-507;-357;
505592467;-28;-16;-322;-451;-398;-13;-512;-349;
505593570;12;21;-282;-422;-370;25;-473;-328;
505594671;-5;1;-311;-440;-391;-5;-515;-365;
505595774;5;-2;-307;-459;-374;1;-491;-370;
505596806;8;21;-305;-448;-366;8;-496;-345;
505597846;1;-6;-305;-448;-385;-3;-504;-368;
505598881;9;-1;-290;-433;-374;1;-504;-344;
505599910;-3;-3;-303;-446;-385;-14;-496;-366;
505600944;0;-2;-316;-516;-373;1;-510;-352;
505602057;3;-7;-299;-452;-376;-3;-508;-364;
505603121;-10;8;-315;-439;-367;-3;-508;-365;
505604181;9;2;-310;-435;-381;5;-498;-360;
505605246;12;-2;-311;-337;-363;3;-497;-363;
505606318;2;2;-315;-445;-375;2;-506;-350;
505607355;-2;8;-318;-447;-384;-5;-452;-365;
505608438;4;12;-136;-466;-415;1;-320;-360;
505609464;-2;24;-241;-465;-387;0;-484;-367;
505610555;2;16;-284;-438;-382;2;-495;-372;
505611657;-15;14;-283;-448;-399;-5;-500;-382;
505612753;0;-2;-289;-438;-377;-1;-495;-387;
505613849;12;16;-298;-431;-374;10;-501;-341;
505614956;2;7;-297;-431;-376;7;-493;-338;
505616066;-2;14;-302;-444;-363;-3;-496;-442;
505617187;-17;5;-176;-481;-420;2;-284;-317;
505618292;9;13;-28;-498;-420;5;-285;-321;
505619407;8;4;-26;-498;-436;0;-441;-340;
505620492;11;2;-221;-459;-386;0;-477;-390;
505621524;6;15;-283;-451;-375;2;-488;-360;
505622581;-1;-1;-280;-446;-367;-6;-495;-363;
505623697;-18;-16;-304;-453;-385;-12;-509;-379;
505624815;-4;-7;-296;-456;-375;-8;-511;-382;
505625915;5;-42;-284;-448;-374;9;-489;-339;
505627029;0;11;-335;-433;-373;-4;-504;-355;
505628128;8;30;-277;-420;-359;19;-476;-342;
505629222;5;-1;-300;-453;-376;9;-505;-360;
505630313;-18;-68;-321;-465;-389;-27;-528;-385;
505631346;55;67;-239;-382;-310;55;-446;-306;
505632384;3;15;-292;-437;-392;-6;-499;-365;
505633412;-1;8;-299;-447;-373;3;-507;-355;
505634512;15;7;-288;-418;-375;-2;-467;-350;
505635602;2;10;-265;-438;-372;-5;-485;-356;
505636669;-1;16;-272;-470;-378;-1;-490;-351;
505637769;4;1;-305;-324;-366;8;-489;-340;
505638880;-2;9;-272;-425;-389;-1;-500;-354;
505639989;13;5;-253;-434;-361;9;-448;-377;
505641079;1;11;-265;-423;-372;7;-496;-360;
505642184;-7;3;-307;-451;-385;-13;-515;-377;
505643276;16;8;-272;-437;-365;-1;-489;-354;
505644381;-5;12;-296;-433;-375;1;-491;-370;
505645501;5;4;-301;-439;-372;13;-498;-366;
505646596;11;16;-310;-425;-358;0;-442;-361;
505647703;-3;13;-317;-427;-364;-3;-516;-368;
505648818;-6;15;-304;-441;-362;106;-504;-381;
505649925;5;15;-299;-438;-366;4;-496;-374;
505651040;6;6;-305;-424;-369;-1;-515;-362;
505652151;-8;9;-315;-436;-362;19;-514;-378;
505653257;12;15;-308;-425;-364;0;-501;-374;
505654362;10;8;-322;-438;-379;-10;-521;-386;
505655484;0;11;-273;-448;-374;6;-477;-365;
505656601;29;-1;-234;-473;-397;-10;-293;-344;
505657722;13;19;-25;-482;-402;20;-283;-322;
505658822;5;5;-29;-489;-416;-5;-313;-339;
505659886;2;25;-76;-465;-387;-1;-467;-361;
505660917;9;27;-231;-440;-371;-15;-498;-382;
505661955;8;9;-250;-437;-378;14;-492;-376;
505662981;-11;14;-388;-367;-380;-11;-526;-376;
505664018;13;12;-274;-432;-365;-7;-518;-384;
505665058;-9;5;-344;-449;-383;-9;-532;-381;
505666090;-6;5;-286;-440;-377;-6;-524;-384;
505667116;4;33;-282;-423;-359;8;-501;-360;
505668142;0;8;-265;-423;-376;0;-369;-337;
505669162;-5;11;-61;-474;-406;5;-373;-340;
505670185;13;21;-66;-491;-409;3;-345;-340;
505671203;0;7;-30;-495;-409;-7;-392;-367;
505672225;4;19;-125;-452;-372;9;-506;-368;
505673247;-5;12;-252;-447;-370;4;-485;-368;
505674268;6;11;-191;-466;-401;-3;-479;-376;
505675293;-41;-34;-281;-492;-423;-49;-499;-419;
505676313;-2;-5;-177;-459;-387;-11;-520;-383;
505677334;-1;10;-258;-436;-357;5;-513;-371;
505678363;11;9;-271;-442;-361;4;-529;-386;
505679397;0;14;-280;-441;-366;-7;-533;-376;
505680433;2;2;-267;-434;-372;-7;-544;-384;
505681470;10;13;-278;-433;-373;13;-516;-365;
505682507;-3;10;-285;-447;-367;-3;-534;-377;
505683535;-4;15;-280;-444;-383;-8;-534;-338;
505684558;2;28;-280;-423;-373;2;-537;-370;
505685583;4;15;-286;-436;-361;-33;-532;-367;
505686604;6;14;-294;-438;-366;-1;-539;-374;
505687624;-13;0;-292;-421;-377;-6;-538;-369;
505688650;3;13;-289;-437;-368;-2;-545;-370;
505689663;3;9;-300;-433;-361;-2;-552;-395;
505690683;31;12;-292;-431;-367;-10;-556;-417;
505691710;-8;10;-302;-436;-368;-6;-566;-410;
505729671;-4;-12;-291;-461;-378;-6;-426;-497;
505730783;-5;-5;-295;-478;-391;-5;-432;-498;
505731913;-3;-30;-293;-473;-379;-9;-432;-506;
505733011;61;40;-249;-415;-336;49;-367;-439;
505734078;60;32;-214;-412;-326;58;-335;-454;
505735104;4;-23;-281;-482;-392;3;-383;-511;
505736137;49;-38;-285;-474;-388;3;-396;-508;
505737167;2;-13;-225;-490;-382;4;-395;-513;
505738213;-2;-23;-286;-477;-384;6;-400;-527;
505739242;11;-23;-270;-454;-371;23;-386;-512;
505740270;6;-3;-284;-465;-367;18;-406;-522;
505741306;-19;-33;-310;-478;-379;-13;-459;-567;
505742324;0;-25;-293;-459;-364;13;-430;-552;
505743356;-3;-21;-289;-476;-379;3;-416;-545;
505744377;-20;-34;-294;-478;-383;3;-424;-544;
505745398;-25;-47;-303;-483;-387;-33;-412;-533;
505746422;0;-27;-298;-478;-372;0;-403;-545;
505747443;-4;-45;-294;-469;-373;4;-396;-541;
505748465;0;-51;-293;-475;-385;-4;-403;-548;
505749492;-18;-76;-308;-491;-371;1;-371;-558;
505750516;-16;-65;-318;-475;-373;2;-411;-577;
505751540;-5;-73;-311;-461;-375;0;-416;-557;
505752567;-14;-66;-298;-471;-389;6;-410;-502;
505753591;-16;-91;-322;-480;-379;-13;-427;-578;
505754621;-16;-70;-327;-481;-377;-10;-433;-575;
505755655;-14;-50;-315;-463;-351;15;-413;-571;
505756693;-4;-90;-330;-465;-364;-11;-420;-669;
505757759;-23;-71;-334;-462;-380;-18;-448;-590;
505758848;-11;-86;-323;-461;-368;5;-423;-585;
505759876;0;-128;-326;-468;-355;0;-439;-593;
505760912;10;-6;-316;-450;-343;7;-426;-572;
505761977;3;-36;-318;-443;-347;16;-427;-583;
505763048;-12;-53;-336;-465;-369;-8;-451;-589;
505764107;5;-26;-315;-434;-346;14;-423;-575;
505765151;-7;-26;-329;-442;-359;15;-432;-604;
505766250;-7;-26;-341;-441;-356;-1;-438;-535;
505767838;-1;-39;-336;-435;-351;-7;-439;-583;
505768949;-1;-21;-328;-538;-349;-22;-424;-584;
505770060;9;13;-219;-425;-325;30;-435;-574;
505771168;8;0;-332;-426;-344;0;-432;-579;
505772259;10;-6;-357;-433;-345;7;-435;-595;
505773293;9;-17;-351;-442;-352;-4;-430;-589;
505774326;-48;-21;-349;-431;-343;-10;-439;-598;
505775383;7;-6;-356;-440;-352;0;-443;-596;
505776455;2;13;-353;-471;-456;-2;174;-348;
505777495;-2;17;-281;-683;-573;-8;-42;-379;
505778555;16;-3;-286;-664;-580;-2;137;-310;
505779581;-1;15;-288;-672;-591;-5;140;-304;
505780607;5;1;-293;-673;-572;-6;149;-299;
505781646;20;14;-308;-669;-589;-3;137;-302;
505782685;6;-1;-293;-683;-588;16;138;-290;
505783715;14;0;-294;-660;-577;1;144;-301;
505784755;6;-9;-293;-677;-588;-5;135;-197;
505785878;3;9;-294;-664;-577;1;142;-298;
505786996;17;9;-291;-671;-582;10;133;-298;
505788091;2;5;-295;-675;-543;8;140;-296;
505789179;-16;-25;-314;-711;-603;-28;120;-314;
505790296;20;18;-291;-673;-589;5;143;-298;
505791333;9;5;-285;-676;-585;-14;133;-313;
505792359;5;19;-295;-684;-590;0;147;-288;
505793384;0;4;-314;-688;-595;-3;132;-306;
505794414;14;19;-300;-668;-570;-8;139;-299;
505795441;10;10;-290;-686;-582;9;153;-290;
505796464;26;13;-284;-688;-590;0;135;-307;
505797490;23;-16;-295;-684;-576;0;150;-287;
505798512;7;69;-299;-690;-566;2;146;-295;
505799540;1;69;-310;-690;-575;-3;145;-285;
505800561;5;71;-303;-680;-568;13;159;-298;
505801582;12;45;-237;-699;-579;-1;166;-286;
505802602;-1;35;-299;-694;-577;-3;145;-300;
505803622;9;48;-300;-691;-566;-4;135;-282;
505804653;29;56;-288;-700;-568;54;161;-288;
505805696;14;35;-297;-685;-579;-30;146;-299;
505806721;-13;47;-302;-702;-584;-3;142;-289;
505807761;36;36;-298;-697;-576;8;132;-296;
505808795;30;122;-306;-706;-591;0;144;-291;
505809835;35;37;-296;-702;-578;-6;138;-284;
505810863;41;34;-299;-707;-567;7;171;-265;
505811892;34;129;-299;-689;-581;-5;154;-279;
505812914;26;29;-308;-721;-581;0;152;-288;
505813935;23;32;-305;-718;-573;0;164;-288;
505814958;17;11;-307;-705;-576;-4;162;-290;
505815981;29;43;-294;-717;-569;9;164;-277;
505817004;33;34;-282;-697;-600;6;154;-280;
505818024;25;25;-289;-706;-579;-7;150;-278;
505819046;31;29;-284;-714;-583;-9;183;-282;
505820070;9;18;-298;-732;-590;-12;143;-291;
505821099;39;26;-298;-710;-580;1;159;-270;
505822129;50;28;-288;-722;-579;9;157;-282;
505823168;60;30;-270;-710;-565;12;168;-267;
505919945;21;7;-141;-716;-552;8;160;-288;
505921057;40;41;-138;-702;-552;13;172;-266;
505922177;23;27;-138;-727;-549;-2;159;-277;
505923262;36;25;-134;-709;-542;-1;164;-271;
505924358;37;19;-130;-712;-564;-5;156;-285;
505925482;27;26;-132;-699;-558;3;162;-277;
505926593;31;28;-125;-714;-565;-8;174;-279;
505927627;16;7;-148;-727;-565;-20;148;-302;
505928651;18;-2;-145;-639;-585;-8;133;-301;
505929688;17;22;-137;-713;-572;-9;153;-292;
505930717;18;25;-137;-718;-564;-13;158;-292;
505931742;38;21;-136;-702;-564;8;153;-288;
505932780;25;21;-137;-710;-559;-2;161;-286;
505933803;54;34;-128;-700;-552;-4;182;-275;
505934834;27;20;-122;-706;-558;0;153;-279;
505935872;38;16;-134;-713;-558;3;151;-276;
505936900;96;90;-62;-643;-485;65;221;-207;
505937938;-8;-11;-172;-756;-591;-36;119;-322;
505938972;26;18;-117;-708;-552;0;155;-283;
505939994;12;12;-143;-729;-574;-16;139;-295;
505941027;4;20;-134;-703;-570;-9;148;-280;
505942118;-28;0;-149;-727;-574;-23;143;-299;
505943246;26;27;-155;-713;-551;1;155;-278;
505944345;0;19;-137;-716;-565;-15;147;-291;
505945484;14;6;-133;-723;-565;-12;143;-295;
505946595;26;18;-128;-693;-528;2;160;-290;
505947713;27;24;-128;-701;-557;1;152;-260;
505948738;21;8;-134;-702;-556;-1;158;-277;
505949775;20;21;-134;-711;-565;-6;145;-280;
505950807;29;23;-132;-704;-550;-89;156;-282;
505951842;17;17;-137;-717;-555;-11;144;-287;
505952876;29;17;-127;-713;-556;1;162;-280;
505953912;12;14;-144;-723;-559;-17;138;-299;
505954939;18;8;-154;-729;-560;-2;138;-294;
505955971;19;12;-135;-713;-562;11;149;-287;
505957002;8;16;-137;-719;-561;-7;145;-296;
505958033;11;15;-142;-720;-556;3;147;-293;
505959059;-6;-14;-171;-664;-426;-36;-436;-540;
505960094;26;13;-350;-488;-346;-7;-429;-528;
505961129;15;23;-320;-489;-328;9;-426;-511;
505962180;13;26;-339;-493;-337;12;-433;-526;
505963210;14;18;-326;-494;-339;-3;-441;-496;
505964243;15;15;-309;-508;-346;-12;-436;-541;
505965282;13;26;-328;-481;-325;12;-430;-533;
505966308;3;26;-335;-491;-335;-4;-427;-529;
505967335;12;19;-343;-497;-340;-6;-444;-547;
505968374;22;18;-335;-487;-341;12;-444;-520;
505969417;19;3;-335;-528;-330;4;-438;-537;
505970463;14;26;-361;-489;-339;-7;-427;-537;
505971495;-1;21;-334;-505;-345;-7;-442;-536;
505972522;24;19;-333;-509;-329;-18;-300;-495;
505973551;8;21;-222;-499;-404;2;-124;-430;
505974577;26;18;-213;-524;-349;-2;-438;-533;
505975604;7;19;-228;-545;-347;-4;-428;-529;
505976633;9;25;-313;-482;-336;0;-412;-524;
505977665;91;103;-214;-438;-273;93;-309;-420;
505978690;5;20;-139;-602;-418;7;-133;-425;
505979791;12;-2;-141;-621;-440;-11;-153;-407;
505980824;22;24;-115;-587;-424;6;-152;-427;
505992112;3;25;-106;-696;-556;17;156;-285;
505993225;2;24;-117;-719;-558;-1;169;-268;
505994321;25;17;-180;-641;-421;10;163;-310;
505995440;0;26;-141;-719;-561;12;158;-287;
505996540;9;4;-195;-626;-482;-2;-225;-416;
505997568;-3;26;-136;-722;-555;0;164;-283;
505998596;3;11;-133;-732;-583;2;167;-275;
505999683;5;12;-129;-727;-538;8;139;-320;
506000737;5;44;-218;-588;-408;-2;-360;-472;
506001775;10;17;-243;-536;-368;-3;-329;-488;
506002800;8;16;-260;-527;-358;-1;-422;-490;
506003855;-9;1;-274;-531;-360;5;-354;-510;
506004882;11;32;-241;-526;-361;8;-353;-503;
506005909;2;24;-266;-519;-344;-7;-386;-522;
506006993;10;5;-252;-528;-372;1;-332;-505;
506008108;13;-8;-269;-539;-364;-8;-390;-518;
506009202;4;4;-310;-524;-344;-9;-429;-541;
506010326;-13;6;-262;-552;-388;4;-287;-498;
506011417;5;24;-220;-552;-386;0;-317;-481;
506012533;6;2;-193;-564;-398;-1;-269;-478;
506013577;-14;9;-174;-574;-413;-4;-220;-464;
506014666;38;25;-157;-575;-413;-1;-221;-464;
506015706;4;55;-154;-586;-417;-2;-256;-479;
506016737;6;8;-194;-552;-393;10;-334;-506;
506017780;9;17;-220;-556;-391;0;-257;-471;
506018817;-1;-1;-131;-588;-407;6;-157;-449;
506019845;6;14;-118;-608;-423;-2;-158;-455;
506020878;3;13;-267;-507;-341;3;-446;-556;
506021919;9;3;-299;-505;-326;9;-454;-555;
506022959;-5;3;-303;-508;-333;-11;-446;-511;
506023995;0;0;-294;-504;-339;-3;-439;-528;
506025025;12;13;-295;-498;-346;2;-407;-539;
506026096;52;13;-276;-517;-362;6;170;-332;
506027127;-12;2;-194;-582;-384;-17;-449;-556;
506028179;-50;-50;-361;-557;-390;-57;-507;-597;
506029215;5;3;-295;-497;-332;8;-449;-539;
506030249;16;7;-304;-490;-319;12;-433;-540;
506031287;18;13;-305;-489;-330;1;-441;-536;
506032323;0;14;-316;-511;-345;105;-436;-625;
506033362;-8;5;-311;-505;-342;-11;-462;-543;
506034394;15;13;-335;-498;-337;-3;-446;-531;
506035484;-5;14;-165;-584;-455;13;150;-335;
506036538;7;17;-105;-733;-516;8;166;-287;
506037562;2;15;-176;-717;-565;-1;161;-308;
506038628;6;3;-109;-723;-586;-2;152;-289;
506039674;18;6;-102;-735;-566;-3;157;-306;
506040740;6;0;-122;-746;-573;10;149;-304;
506041789;4;10;-107;-728;-569;-7;164;-303;
506042826;8;13;-104;-717;-562;-12;155;-286;
506043944;2;1;-115;-721;-573;2;160;-299;
506045070;8;21;-95;-726;-556;19;169;-279;
506046189;29;19;-102;-721;-568;-7;167;-280;
506047296;0;7;-109;-724;-558;0;153;-308;
506048406;-22;2;-114;-731;-565;-9;141;-309;
506049498;16;1;-112;-734;-564;-5;149;-299;
506050528;88;81;-20;-653;-479;70;232;-209;
506051557;0;3;-114;-724;-564;26;164;-282;
506052583;0;9;-113;-723;-557;-4;160;-288;
506053611;13;6;-120;-731;-555;-5;145;-314;
506054642;-5;9;-111;-730;-564;-6;152;-288;
506055667;24;13;-116;-715;-556;-1;158;-286;
506056697;22;31;-99;-710;-550;12;160;-275;
506057727;13;15;-120;-724;-563;6;159;-285;
506058760;15;22;-118;-733;-552;3;122;-286;
506059790;-12;5;-124;-739;-576;-82;140;-312;
506060875;11;1;-114;-722;-567;-10;229;-279;
506061906;6;17;-102;-725;-567;1;162;-283;
506062943;20;16;-100;-719;-552;15;168;-301;
506063978;10;12;-103;-709;-564;8;171;-278;
506065007;-11;7;-114;-733;-571;-24;139;-299;
506066079;-3;4;-119;-742;-565;-3;140;-297;
506067128;-4;-9;-114;-732;-562;0;150;-312;
506068202;1;-3;-116;-729;-566;2;156;-291;
506069321;3;15;-119;-727;-577;-2;142;-284;
506070418;12;19;-110;-735;-566;-9;139;-288;
506071530;7;8;-129;-769;-563;-8;146;-300;
506072629;26;12;-110;-715;-560;99;237;-287;
506073663;18;17;-107;-726;-558;18;163;-284;
506074688;9;0;-120;-724;-556;8;145;-295;
506075719;16;6;-58;-725;-560;4;151;-304;
506076749;13;18;-132;-732;-566;9;155;-281;
506077780;14;13;-106;-720;-559;-1;156;-287;
506078803;4;4;-117;-722;-556;2;152;-293;
506079834;7;11;-114;-731;-565;56;148;-291;
506080872;6;5;-117;-724;-565;6;147;-282;
506081901;-5;8;-129;-722;-572;-5;137;-250;
506082941;-4;1;-124;-677;-572;-14;133;-295;
506083973;-1;3;-119;-727;-553;10;145;-290;
506085008;2;14;-117;-719;-541;2;153;-321;
506086039;-13;4;-129;-739;-581;-4;137;-311;
506087068;0;6;-119;-741;-558;7;140;-300;
506088097;16;5;-127;-730;-556;9;151;-282;
506089133;16;7;-122;-718;-554;28;150;-300;
506090165;-20;3;-116;-735;-578;0;157;-280;
506091190;-4;-4;-121;-727;-554;4;145;-293;
506092221;-3;7;-130;-732;-552;-3;141;-298;
506093258;-15;3;-141;-737;-581;-56;148;-298;
506094285;0;-1;-118;-732;-565;3;142;-294;
506095316;3;11;-119;-724;-520;-2;148;-293;
506096343;-2;-1;-144;-707;-539;-6;149;-296;
506097371;4;6;-110;-720;-564;-3;-13;-406;
506098410;23;9;-321;-515;-350;-6;-425;-535;
506099463;3;3;-327;-514;-335;0;-445;-527;
506100492;5;5;-321;-514;-320;1;-438;-527;
506101559;2;4;-318;-508;-333;17;-438;-533;
506102643;6;13;-327;-509;-335;11;-452;-539;
506103715;60;-5;-319;-520;-349;-10;-457;-539;
506104801;-8;12;-311;-500;-335;5;-439;-533;
506105846;1;15;-310;-488;-339;-41;-357;-531;
506110965;4;39;-316;-513;-329;5;-450;-523;
506112072;8;16;-316;-510;-334;5;-439;-545;
506113174;1;6;-319;-513;-339;13;-442;-551;
506114257;1;-2;-320;-509;-345;-12;-437;-535;
506115291;0;9;-307;-502;-331;10;-435;-535;
506116317;-10;1;-324;-533;-372;5;-293;-510;
506117438;-7;-5;-169;-613;-430;-8;-394;-533;
506118483;7;11;-263;-537;-383;15;-332;-514;
506119519;0;1;-240;-557;-373;9;-137;-430;
506120553;34;59;-80;-577;-390;40;-186;-432;
506121588;14;9;-219;-563;-403;-15;-383;-476;
506122623;-13;6;-136;-616;-440;-13;-141;-446;
506123653;5;9;-103;-613;-442;1;-147;-437;
506124682;-2;6;-103;-608;-435;-4;-151;-449;
506125717;16;10;-132;-597;-424;22;-384;-526;
506126749;11;2;-224;-576;-419;1;-144;-456;
506127775;0;15;-196;-565;-405;-10;-416;-520;
506128805;12;13;-143;-581;-404;-8;-337;-496;
506129827;15;11;-254;-538;-382;4;-143;-428;
506130861;5;-35;-221;-531;-369;8;-345;-486;
506131888;12;7;-172;-530;-400;-2;-163;-447;
506132914;6;3;-103;-589;-430;8;-166;-448;
506133942;-3;10;-111;-599;-422;-5;-158;-451;
506134968;2;15;-109;-578;-410;32;-266;-529;
506136053;-31;-19;-175;-674;-481;-41;-296;-498;
506137090;-26;5;-228;-538;-338;-5;-435;-540;
506138145;-7;5;-281;-522;-355;-4;-434;-535;
506139178;2;-1;-281;-501;-345;1;-437;-543;
506140209;0;-5;-288;-505;-345;-3;-423;-529;
506141242;1;4;-280;-510;-331;-9;-431;-534;
506142278;3;-11;-278;-555;-351;-3;-436;-531;
506143315;4;11;-278;-510;-334;5;-426;-527;
506144344;-4;-12;-281;-515;-335;0;-434;-523;
506145374;10;17;-276;-477;-349;49;-410;-529;
506146405;0;-9;-262;-520;-354;-5;-418;-544;
506166545;-2;0;-100;-592;-440;8;-167;-450;
506167634;11;-9;-154;-572;-391;-1;-248;-457;
506168744;-28;-31;-179;-644;-465;-27;-92;-416;
506169818;-4;11;-128;-682;-507;1;67;-334;
506170852;-4;-13;-201;-693;-534;-12;21;-324;
506171879;9;20;-116;-696;-535;19;124;-282;
506172909;3;0;-200;-715;-586;-5;78;-323;
506173940;-17;-16;-236;-732;-567;-16;89;-301;
506174972;-3;0;-161;-683;-549;-3;104;-270;
506175994;-9;-9;-269;-751;-576;-10;144;-274;
506177100;5;3;-215;-741;-562;8;155;-256;
506178142;-1;1;-196;-739;-580;1;104;-251;
506179170;-8;-10;-207;-743;-575;8;142;-270;
506180200;16;0;-225;-726;-572;8;141;-213;
506181229;-3;1;-221;-729;-574;13;156;-284;
506182336;15;0;-131;-730;-567;0;150;-275;
506183410;-12;-6;-125;-743;-570;-9;154;-279;
506184451;0;-17;-129;-732;-560;14;146;-273;
506185480;-9;1;-117;-731;-524;-9;147;-291;
506186536;-10;2;-115;-734;-562;0;190;-295;
506187594;-8;0;-116;-732;-569;-4;148;-269;
506188638;12;9;-125;-739;-557;14;154;-249;
506189706;1;-37;-127;-734;-564;2;155;-270;
506190743;26;18;-103;-713;-544;20;181;-256;
506191804;-5;-18;-108;-731;-565;-5;146;-283;
506192903;-17;-11;-119;-734;-577;2;146;-290;
506193996;-12;-4;-120;-701;-572;-6;139;-315;
506195098;-5;-5;-125;-725;-562;13;149;-317;
506196198;0;3;-126;-718;-546;0;160;-281;
506197247;6;15;-103;-734;-567;9;151;-276;
506198283;-4;-8;-104;-731;-556;0;143;-282;
506199321;0;116;-115;-744;-573;-5;145;-283;
506200362;-4;9;-29;-738;-585;-10;137;-284;
506201397;-1;5;-104;-736;-554;-35;143;-268;
506202438;5;3;-103;-730;-565;2;144;-280;
506203464;-10;-9;-116;-746;-577;-13;128;-292;
506204497;5;5;-103;-743;-566;0;154;-283;
506205524;-104;-100;-210;-834;-664;-102;64;-383;
506206553;-1;-3;-114;-737;-489;-1;156;-276;
506207588;18;64;-46;-680;-519;62;208;-204;
506208616;0;0;-99;-722;-566;16;158;-269;
506209653;-1;-4;-112;-740;-558;-2;148;-287;
506210693;1;-6;-106;-735;-565;7;147;-270;
506211721;-8;3;-115;-749;-573;7;149;-282;
506212752;-6;-9;-116;-741;-503;-6;146;-318;
506213809;-7;0;-108;-735;-573;8;141;-272;
506214908;0;13;-107;-729;-611;13;118;-278;
506215944;-16;-18;-109;-734;-579;-12;143;-279;
506216979;0;13;-106;-736;-567;11;146;-266;
506218009;2;6;-101;-745;-560;11;148;-255;
506219044;-6;-11;-114;-745;-575;-11;147;-283;
506220083;2;1;-99;-733;-572;5;154;-262;
506221107;-5;6;-105;-731;-572;0;145;-279;
506222140;0;-2;-107;-736;-573;-6;140;-275;
506223185;1;2;-95;-730;-561;-5;162;-284;
506224212;-4;-2;-120;-747;-573;-4;141;-273;
506225246;0;-2;-113;-737;-575;0;151;-274;
506226283;-7;-1;-101;-740;-578;-6;150;-263;
506227312;2;-3;-117;-736;-577;10;136;-299;
506228342;12;-12;-302;-535;-416;8;-419;-493;
506229381;12;17;-307;-519;-359;0;-426;-515;
506273360;-13;-9;-287;-521;-365;-26;-442;-521;
506274475;-1;7;-295;-528;-353;2;-433;-516;
506275579;7;-2;-324;-520;-340;8;-422;-496;
506276663;11;-11;-297;-518;-359;0;-426;-518;
506277694;-3;-2;-291;-539;-358;-6;-435;-516;
506278717;-1;-13;-292;-532;-364;9;-433;-503;
506279752;-60;-52;-331;-576;-395;-43;-484;-569;
506280797;2;-1;-287;-520;-361;28;-427;-507;
506281843;-3;-10;-283;-519;-354;1;-424;-515;
506282873;-3;-13;-318;-535;-357;19;-440;-521;
506283906;-16;-9;-294;-532;-352;0;-444;-522;
506284937;13;4;-286;-522;-352;4;-427;-515;
506285971;-20;-19;-301;-531;-358;-12;-451;-526;
506287001;-1;-15;-283;-528;-359;13;-489;-507;
506288034;-12;-5;-300;-536;-353;-10;-432;-520;
506289106;-5;-6;-290;-522;-355;-8;-454;-509;
506290182;-9;-16;-300;-536;-364;-12;-395;-519;
506291213;-2;-4;-297;-530;-352;0;-415;-493;
506292247;-64;1;-281;-515;-344;-7;-426;-503;
506293293;5;0;-288;-528;-358;39;-432;-497;
506294323;95;4;-279;-519;-352;-3;-428;-499;
506295358;-64;-18;-300;-549;-375;-8;-465;-512;
506296399;-1;-6;-295;-537;-354;3;-431;-507;
506297437;5;1;-290;-520;-350;11;-427;-507;
506298464;13;5;-280;-515;-350;-1;-427;-514;
506299502;1;-7;-283;-523;-351;5;-440;-503;
506300528;-4;-6;-285;-531;-363;-10;-427;-504;
506301556;12;17;-271;-516;-338;13;-408;-485;
506302587;-1;-11;-294;-532;-362;9;-428;-512;
506303612;-5;-5;-293;-532;-357;-7;-445;-515;
506304642;0;0;-283;-515;-349;4;-431;-504;
506305681;-25;-29;-312;-554;-386;-15;-463;-526;
506306705;2;-4;-284;-522;-356;9;-413;-506;
506307744;-6;-7;-287;-532;-358;0;-429;-508;
506308778;7;5;-285;-522;-355;12;-413;-493;
506382142;-7;-5;-248;-561;-400;5;-417;-466;
506383260;-20;-13;-252;-556;-373;-4;-429;-469;
506384349;-6;-1;-259;-549;-435;12;-403;-468;
506385483;-20;-15;-246;-552;-384;0;-420;-477;
506386593;-19;-14;-250;-557;-376;10;-415;-457;
506387684;-23;-2;-257;-568;-372;-2;-413;-465;
506388712;-6;-11;-259;-556;-385;10;-423;-452;
506389755;-5;-12;-257;-571;-386;6;-412;-471;
506390798;-26;-9;-253;-556;-381;-17;-418;-465;
506391845;-25;-4;-253;-572;-386;3;-408;-456;
506392875;-22;-13;-248;-574;-388;-1;-413;-457;
506393903;-26;-10;-253;-537;-382;-6;-414;-466;
506394936;-17;-34;-228;-560;-373;-12;-404;-451;
506395970;-35;-23;-257;-578;-395;-9;-411;-460;
506397072;-26;-25;-263;-576;-388;-13;-415;-473;
506398133;-12;-1;-238;-574;-382;-7;-408;-445;
506399195;-30;-30;-292;-572;-399;4;-417;-450;
506400259;17;-14;-243;-601;-383;-4;-418;-440;
506401376;-19;-23;-258;-589;-395;-2;-412;-454;
506402486;-8;8;-225;-552;-366;17;-396;-432;
506403598;-10;-16;-256;-566;-387;18;-429;-458;
506404713;-13;3;-244;-556;-383;-5;-413;-443;
506405821;26;-15;-253;-701;-386;-1;-406;-444;
506406915;-13;-5;-239;-580;-400;14;-401;-446;
506407945;-14;-14;-229;-575;-406;11;-397;-435;
506408978;-6;-15;-238;-595;-398;-10;-412;-457;
506410007;-29;-20;-236;-576;-410;1;-402;-456;
506411040;-32;-15;-240;-584;-415;-3;-410;-456;
506412071;-21;-14;-240;-588;-416;4;-412;-448;
506413098;-16;-20;-240;-594;-486;-9;-426;-447;
506414132;-13;-21;-225;-599;-407;2;-279;-461;
506415164;-1;-15;-220;-582;-409;2;-412;-449;
506416197;-3;-23;-227;-586;-411;-7;-437;-475;
506417229;-24;-7;-236;-583;-410;0;-553;-469;
506418261;3;7;-214;-567;-388;4;-444;-460;
506419300;-10;-12;-226;-567;-385;-5;-458;-481;
506420328;-14;-3;-235;-573;-376;-3;-463;-479;
506421360;-25;0;-220;-580;-377;0;-464;-474;
506422389;-45;-7;-216;-565;-372;4;-483;-485;
506423421;-25;-13;-228;-565;-370;-9;-503;-490;
506424454;-22;-11;-231;-545;-349;10;-541;-514;
506425492;-30;-15;-245;-541;-345;-2;-577;-529;
506426523;-41;-5;-237;-539;-340;-6;-596;-535;
506427563;-44;-7;-245;-541;-322;0;-587;-537;
506428593;-58;2;-253;-552;-323;-11;-630;-560;
506429627;-32;-4;-239;-531;-319;-2;-620;-545;
506430656;-38;0;-246;-530;-314;2;-653;-554;
506431698;-38;-17;-234;-430;-300;-53;-686;-556;
506432727;-45;-17;-235;-518;-274;-11;-704;-583;
506433765;-48;-54;-237;-515;-292;-3;-701;-576;
506434793;-36;0;-216;-494;-279;-1;-730;-574;
506435887;-57;-28;-225;-511;-289;-9;-748;-619;
506436944;-46;-13;-195;-488;-266;-1;-747;-592;
506437974;-48;-12;-217;-486;-262;-17;-781;-607;
506439014;-62;-25;-186;-489;-257;5;-794;-611;
506440055;-173;-25;-180;-487;-265;0;-784;-618;
506465865;-29;-8;-7;-729;-576;0;83;-232;
506466979;-43;-16;38;-723;-585;1;95;-226;
506468071;-28;-3;49;-745;-584;-3;97;-230;
506469167;-27;-10;54;-718;-560;103;97;-221;
506470265;-25;6;37;-720;-550;10;103;-210;
506471295;-42;-23;20;-731;-571;-9;99;-225;
506472321;-59;-43;11;-736;-584;-9;72;-242;
506473353;-63;-50;6;-728;-576;1;77;-233;
506474380;-52;-32;1;-718;-559;1;94;-232;
506475445;-45;-32;18;-722;-560;1;84;-223;
506476535;-59;-50;24;-727;-553;-9;87;-225;
506477601;-43;-30;9;-715;-572;-6;86;-229;
506478629;-43;-24;65;-705;-558;7;97;-227;
506479655;-58;-41;1;-710;-579;-23;79;-233;
506480680;-53;-46;10;-717;-576;-17;86;-235;
506481752;-59;-50;4;-728;-578;-24;74;-242;
506482867;-22;-34;19;-701;-617;2;92;-217;
506483965;-34;-36;6;-712;-564;-8;98;-232;
506485073;-40;-48;-2;-706;-563;13;97;-223;
506486176;-24;-26;12;-685;-555;8;116;-208;
506487275;-38;-52;-8;-729;-606;-4;79;-233;
506488337;-30;-33;4;-699;-582;10;79;-221;
506489362;-25;-38;12;-696;-575;-4;103;-229;
506490398;-43;-40;6;-703;-582;-5;96;-223;
506491434;-23;-28;-4;-701;-578;16;109;-220;
506492461;-26;-24;-26;-693;-575;14;104;-217;
506493500;-50;-37;-35;-706;-587;-16;84;-232;
506494587;-40;-25;-33;-687;-580;-3;102;-202;
506495652;-25;-20;-25;-697;-589;17;103;-202;
506496680;-35;-42;-43;-693;-591;-7;86;-227;
506497719;-36;-37;-45;-696;-583;10;102;-222;
506498749;-78;-20;-42;-700;-582;0;93;-220;
506499788;-36;-39;-50;-696;-587;9;103;-220;
506500825;1;-27;-67;-695;-594;-3;95;-221;
506501854;-34;-37;-62;-706;-590;-9;83;-212;
506502890;-38;-34;42;-696;-583;11;101;-220;
506503918;-28;-29;-75;-695;-574;3;113;-219;
506504947;-37;-29;-73;-684;-580;2;100;-220;
506505985;14;-24;-48;-690;-585;11;109;-197;
506507021;-31;-42;-71;-697;-585;6;94;-226;
506508065;-25;-29;-72;-684;-582;0;102;-203;
506509114;-23;-19;-70;-671;-567;6;117;-196;
506510179;-36;-22;-78;-695;-583;-2;91;-222;
506511213;-31;-36;-114;-597;-471;-15;-406;-407;
506512247;-17;-8;-219;-495;-390;9;-435;-461;
506513293;-28;-26;-236;-489;-386;7;-395;-445;
506514321;-37;-38;-229;-487;-320;-12;-473;-467;
506515359;-40;-35;-235;-486;-395;-8;-367;-453;
506516395;-31;-30;26;-500;-396;0;-371;-469;
506517435;-28;-18;53;-477;-377;14;-364;-462;
506518465;-27;-30;41;-494;-398;-1;-376;-464;
506519497;-58;-20;-110;-465;-371;0;-414;-463;
506520531;-27;-36;-210;-483;-382;-11;-498;-495;
506553451;-9;26;-122;-620;-518;-3;-137;-353;
506554549;8;37;-120;-619;-566;21;166;-228;
506555651;-14;29;-59;-670;-617;-2;-102;-224;
506556719;0;31;-230;-676;-612;5;-103;-223;
506557749;-8;44;-249;-677;-620;-86;-106;-222;
506558775;-9;54;-249;-663;-602;6;-104;-193;
506559804;-19;39;-263;-702;-638;-55;-116;-226;
506560835;-14;23;-257;-681;-618;-4;-109;-228;
506561861;7;13;-230;-694;-616;5;-100;-218;
506562890;-2;20;-241;-694;-619;-1;-91;-204;
506563918;-11;12;-249;-691;-620;-2;-100;-231;
506564946;-14;-3;-263;-693;-662;-8;-98;-258;
506565984;-17;-10;-234;-695;-622;9;-97;-230;
506567021;-4;-13;-249;-697;-615;6;-94;-221;
506568050;-19;-12;-235;-684;-618;6;-99;-219;
506569082;-16;-14;-249;-691;-618;12;161;-192;
506570110;-12;-15;-200;-719;-644;-1;157;-181;
506571144;-15;0;-220;-711;-643;-2;155;-179;
506572244;-3;-19;-216;-718;-665;13;162;-189;
506573299;-24;-11;-221;-724;-648;1;154;-186;
506574336;-19;-22;-223;-712;-656;-3;152;-183;
506575375;-18;-17;-220;-722;-669;5;154;-198;
506576411;-10;-15;-187;-711;-664;13;152;-183;
506577446;27;-6;-160;-678;-615;-34;26;-252;
506578480;24;-15;-134;-639;-593;-2;-11;-259;
506579522;-21;-32;-129;-653;-587;-1;-16;-284;
506580562;-22;-23;-130;-652;-585;0;-26;-275;
506581592;-13;-24;-135;-642;-620;-7;-16;-277;
506582624;-19;-4;-98;-621;-582;-2;-28;-285;
506583649;-6;-21;-106;-643;-575;1;-45;-293;
506584691;-5;-20;-120;-639;-582;-13;-41;-288;
506585719;-17;-14;-114;-620;-573;-6;-31;-320;
506586752;-8;-9;-110;-618;-555;10;-48;-283;
506587783;-8;5;-105;-617;-569;-1;-48;-284;
506588808;-16;-14;-116;-624;-575;-7;-51;-289;
506614682;-1;-10;-299;-441;-389;-4;-520;-425;
506615779;0;-18;-283;-446;-384;0;-521;-417;
506616890;1;-12;-287;-451;-393;-14;-513;-415;
506617967;-25;-13;-305;-449;-409;-11;-534;-437;
506619008;-15;-8;-283;-456;-405;-12;-519;-422;
506620105;-19;48;-287;-431;-401;3;-521;-421;
506621137;2;-2;-309;-433;-388;5;-517;-421;
506622167;-11;-2;-290;-438;-493;-8;-517;-432;
506623209;-13;-18;-296;-444;-398;2;-534;-413;
506624236;-13;-11;-293;-438;-382;0;-517;-419;
506625270;-6;3;-304;-443;-392;-6;-537;-413;
506626357;-4;-13;-296;-440;-388;0;-519;-424;
506627393;-12;-12;-292;-443;-391;-5;-519;-428;
506628422;1;6;-291;-433;-377;2;-518;-430;
506629471;-4;-12;-292;-429;-390;9;-527;-426;
506630497;-16;-23;-286;-430;-381;-5;-533;-433;
506631528;-28;-3;-306;-452;-395;-14;-529;-437;
506632558;-141;-12;-296;-436;-390;-12;-528;-425;
506633580;-9;-2;-288;-435;-380;3;-529;-441;
506634607;-9;-18;-299;-413;-389;-5;-645;-414;
506635640;-1;-8;-300;-433;-390;-14;-533;-431;
506636665;-11;2;-282;-437;-396;-3;-525;-418;
506637701;-5;-7;-294;-445;-389;-2;-515;-418;
506638721;-24;-25;-306;-448;-391;-7;-541;-423;
506639753;4;-1;-290;-430;-393;0;-522;-425;
506640798;-4;-6;-291;-441;-403;0;-510;-429;
506641831;-23;-21;-289;-453;-396;-19;-531;-438;
506642861;-5;-20;-294;-442;-383;-8;-533;-439;
506643903;-8;-4;-295;-434;-358;0;-514;-433;
506644928;-11;4;-283;-444;-390;-4;-526;-431;
506645960;-14;-10;-293;-526;-401;-8;-517;-427;
506646992;13;-14;-293;-436;-396;-8;-525;-427;
506648018;-9;-9;-288;-565;-383;8;-514;-427;
506649045;0;-13;-294;-442;-386;0;-520;-413;
506650082;-6;-18;-300;-470;-391;-7;-529;-436;
506671259;9;-21;-220;-671;-657;0;151;-177;
506672360;-13;-17;-209;-696;-670;1;161;-170;
506673461;-26;-30;-254;-710;-678;-6;203;-187;
506674573;-2;-27;-244;-681;-648;18;-75;-209;
506675600;-43;8;-218;-666;-631;7;-20;-190;
506676633;27;3;-241;-671;-618;-3;-69;-194;
506677663;12;-4;-237;-653;-625;6;-67;-195;
506678686;-11;-7;-228;-645;-601;-3;-104;-248;
506679726;-11;-12;-244;-657;-632;-3;-68;-198;
506680766;-1;-1;-245;-662;-644;-31;-69;-221;
506681799;-4;-13;-256;-661;-632;6;-74;-220;
506682834;-12;-42;-255;-668;-633;-19;-90;-213;
506683878;-50;-49;-288;-706;-656;-32;-106;-186;
506684909;-17;-9;-251;-667;-639;-1;-82;-248;
506685935;-10;-8;-252;-660;-632;0;-76;-203;
506686969;6;-2;-236;-651;-627;0;-68;-190;
506687994;-10;-12;-248;-660;-632;9;-77;-220;
506689027;0;-12;-257;-660;-632;129;-62;-226;
506690062;-9;-21;-267;-661;-628;-13;-83;-210;
506691099;2;9;-255;-655;-632;0;-81;-201;
506692139;-2;-6;-255;-658;-630;-13;-82;-190;
506693168;-9;-9;-266;-669;-632;-7;-88;-212;
506694206;-10;-2;-243;-660;-630;2;-218;-220;
506695235;-9;-22;-259;-661;-643;-14;-99;-230;
506696266;11;5;-255;-642;-619;71;-114;-218;
506697295;-20;-16;-261;-669;-644;5;-89;-235;
506698323;0;-12;-248;-659;-632;3;-82;-220;
506699350;-6;-8;-301;-662;-644;4;-85;-228;
506700381;7;-11;-249;-664;-632;0;-77;-244;
506701411;15;-5;-371;-661;-632;3;-84;-213;
506702443;-9;-25;-264;-670;-649;10;-89;-225;
506703471;-4;-9;-266;-676;-644;-9;112;-192;
506704499;3;0;-224;-685;-643;4;171;-172;
506705542;0;0;-230;-683;-647;14;164;-180;
506706576;-5;-17;-237;-700;-661;-5;120;-185;
506707609;-5;-9;-236;-681;-670;-14;156;-179;
506768165;-30;-10;-142;-638;-641;-8;102;-171;
506769274;-13;-38;-30;-652;-593;-4;129;-158;
506770387;-2;2;-121;-652;-605;-2;145;-166;
506771502;-2;-8;-47;-662;-615;12;128;-177;
506772547;31;-18;-98;-661;-626;1;157;-185;
506773576;-16;-9;-100;-670;-641;-9;143;-198;
506774611;-36;-38;-126;-747;-658;-12;130;-213;
506775641;3;-5;-91;-688;-639;-4;158;-188;
506776662;-9;-19;-89;-685;-649;8;165;-194;
506777692;-11;-28;-106;-702;-650;-1;129;-193;
506778720;-8;-12;-82;-671;-652;4;146;-189;
506779822;-12;-8;-95;-691;-650;-8;142;-141;
506780878;-16;-11;-97;-693;-656;-15;135;-200;
506781939;0;0;-81;-675;-643;-12;159;-180;
506782970;6;-3;-87;-682;-642;26;156;-181;
506784007;-9;-9;-95;-691;-650;-8;146;-202;
506785085;0;6;-79;-684;-649;-4;154;-192;
506786115;0;0;-97;-689;-644;14;156;-185;
506787156;27;-6;-95;-672;-641;2;155;-176;
506788189;-14;-18;-110;-696;-652;2;160;-192;
506789219;-1;-16;-84;-682;-640;1;153;-189;
506790253;-1;-13;-90;-689;-651;10;17;-198;
506791285;-1;-9;-100;-682;-648;5;139;-169;
506792317;0;-27;23;-660;-617;13;131;-164;
506793361;-22;46;-113;-679;-635;-9;115;-172;
506794391;-13;1;-102;-656;-602;-7;122;-154;
506795417;0;-8;-105;-647;-611;9;115;-154;
506796454;-6;4;-100;-646;-604;7;114;-148;
506797482;2;46;-126;-649;-606;19;111;-152;
506798510;-13;-23;-125;-665;-622;-5;99;-168;
506799544;-8;-12;-111;-652;-612;-8;-132;-265;
506800570;15;6;-141;-506;-458;-2;-400;-361;
506801614;-15;-17;-282;-477;-444;-9;-436;-383;
506802658;-11;-1;-292;-474;-425;-6;-461;-388;
506803689;-10;-8;-296;-450;-420;-1;-460;-370;
506838365;-15;-18;-262;-675;-637;7;-88;-195;
506839483;-2;-15;-257;-656;-646;-14;-93;-189;
506840583;38;37;-235;-645;-572;23;-69;-155;
506841678;4;-7;-251;-677;-642;1;-80;-203;
506842714;0;-17;-262;-673;-637;-9;-100;-203;
506843750;25;-7;-260;-688;-644;-5;-96;-200;
506844785;-13;-5;-253;-675;-624;-16;-96;-196;
506845812;-8;-14;-252;-670;-646;-1;-94;-201;
506846841;6;-29;-261;-677;-639;-2;-80;-195;
506847880;-3;-10;-258;-683;-643;7;-90;-202;
506848912;-4;5;-261;-671;-618;0;-123;-232;
506849936;-7;-7;-260;-675;-658;5;-78;-175;
506850963;15;-4;-224;-688;-652;9;146;-290;
506852001;-7;-10;-231;-705;-655;16;156;-165;
506853064;-25;-32;-264;-777;-683;-29;122;-203;
506854142;0;-38;-237;-705;-702;-17;150;-197;
506855169;1;1;-241;-709;-665;-2;148;-170;
506856199;-8;-14;-226;-710;-661;-4;147;-179;
506857231;-10;-15;-228;-694;-644;-4;63;-220;
506858260;7;-15;-187;-686;-647;-3;156;-162;
506859298;0;-8;-232;-683;-639;5;151;-175;
506860359;2;-2;-219;-697;-652;4;158;-174;
506861446;15;4;-217;-687;-652;25;171;-165;
506862472;-1;-14;-221;-694;-664;-1;161;-171;
506863503;-15;-19;-361;-712;-685;-19;136;-195;
506864545;0;25;-220;-696;-655;0;154;-181;
506865573;16;-4;-229;-694;-655;12;137;-168;
506866609;1;-9;-229;-698;-664;64;152;-181;
506867649;-13;-9;-240;-699;-664;-4;158;-177;
506868677;9;6;-216;-697;-645;10;162;-168;
506869716;-8;-16;-233;-710;-673;1;143;-179;
506870756;12;17;-219;-701;-643;7;162;-159;
506871790;-6;-12;-169;-695;-658;-2;165;-195;
506872823;-5;-34;-160;-706;-666;-11;116;-202;
506873853;-30;-2;-141;-700;-661;-24;156;-206;
506881705;-9;-17;-237;-700;-656;0;137;-198;
506882802;12;4;-185;-675;-638;-3;124;-175;
506883905;12;-12;-169;-671;-617;7;110;-167;
506885010;-6;-15;-173;-671;-633;-15;94;-186;
506886113;0;0;-153;-644;-611;2;104;-154;
506887145;4;1;-157;-655;-593;0;116;-160;
506888177;4;-9;-163;-660;-606;-8;100;-46;
506889209;1;7;-157;-646;-603;1;103;-153;
506890243;0;3;-149;-647;-605;7;112;-143;
506891281;-7;-5;-156;-662;-596;-3;103;-152;
506892308;0;-5;-155;-647;-598;-3;101;-159;
506893336;2;-2;-162;-635;-583;2;106;-165;
506894366;9;-16;-140;-664;-618;-30;138;-175;
506895397;-4;-11;-131;-693;-666;-4;139;-188;
506896436;-1;3;-121;-685;-637;-9;133;-192;
506897467;0;-10;-116;-685;-633;-2;148;-185;
506898504;12;-6;-135;-670;-639;-9;171;-225;
506899543;19;1;-131;-669;-616;0;148;-251;
506900571;-3;2;-147;-624;-518;-1;-326;-337;
506901618;8;5;-195;-599;-574;17;137;-212;
506902654;-24;-28;-256;-588;-540;-8;-75;-249;
506903688;-13;-12;-195;-579;-535;1;137;-258;
506904717;-6;-9;-191;-608;-583;-24;147;-224;
506905765;-6;-19;-117;-693;-644;-4;148;-195;
506906802;-2;-7;-169;-604;-562;-3;152;-223;
506907832;-8;2;-141;-651;-597;6;-132;-290;
506908866;-2;-11;-123;-534;-502;-3;-223;-314;
506909895;2;8;-193;-590;-529;10;-67;-271;
506910947;1;-5;-226;-578;-520;-5;-260;-333;
506911981;-1;0;-62;-600;-568;-4;106;-223;
506913014;-11;4;-109;-674;-639;0;141;-206;
506914048;14;1;-110;-678;-640;-4;52;-220;
506915086;7;16;-100;-662;-633;20;154;-213;
506916109;4;-1;-111;-678;-640;5;124;-199;
506917142;-6;2;-103;-681;-637;2;150;-193;
506918190;-2;11;-108;-675;-644;23;149;-189;
506950865;0;1;-282;-465;-412;17;-428;-376;
506951968;-39;-13;-323;-469;-437;-8;-467;-403;
506953071;40;0;-310;-456;-412;0;-426;-386;
506954177;-4;-8;-318;-468;-405;-2;-204;-362;
506955208;-18;-3;-141;-525;-470;12;-159;-325;
506956243;-11;-23;-105;-574;-538;-11;-114;-312;
506957280;7;-4;-110;-585;-553;-3;-71;-287;
506958310;-8;-10;-146;-607;-555;1;-72;-286;
506959330;0;2;-120;-580;-541;0;-167;-294;
506960366;13;-10;-128;-593;-543;2;-170;-297;
506961401;0;-7;-154;-593;-552;0;-179;-287;
506962436;11;-92;-118;-562;-523;23;-155;-264;
506963465;4;5;-249;-648;-602;7;-88;-216;
506964497;0;8;-249;-655;-608;8;-103;-227;
506965528;2;4;-160;-641;-595;7;-101;-221;
506966560;-15;-3;-134;-659;-596;14;-102;-223;
506967585;-6;-6;-143;-703;-598;2;-87;-224;
506968613;-1;-45;-141;-652;-617;-6;-113;-221;
506969644;3;-1;-142;-646;-607;10;-92;-213;
506970716;-1;-7;-195;-657;-610;-10;-107;-220;
506971793;-9;-4;-192;-647;-620;-10;-93;-199;
506972840;-11;-22;-255;-663;-623;-10;-106;-199;
506973902;-1;-5;-225;-633;-574;18;-122;-251;
506974928;0;-8;-174;-610;-572;0;-157;-282;
506975959;-5;-9;-171;-604;-548;8;-155;-264;
506976993;1;-3;-161;-602;-575;9;-123;-219;
506978019;-4;29;-268;-652;-620;14;-99;-184;
506979051;-12;-14;-255;-666;-634;-1;-104;-197;
506980084;1;7;-255;-653;-616;2;-92;-193;
506981177;-3;-15;-272;-662;-641;-2;-102;-180;
506982276;-12;1;-252;-663;-608;-11;-96;-195;
506983374;0;-13;-257;-693;-618;5;-91;-197;
506984475;-17;-21;-266;-672;-628;6;-103;-199;
506985576;2;-12;-268;-662;-612;12;-105;-189;
506986679;19;9;-241;-648;-594;81;-116;-175;
506987777;-2;2;-260;-655;-622;-3;-92;-203;
506988806;-11;-16;-267;-661;-632;2;-94;-189;
506989828;-5;1;-258;-657;-623;8;-96;-232;
506990922;-7;-13;-271;-664;-638;-16;-87;-196;
506991967;-15;-11;-270;-675;-643;2;-97;-206;
506992988;-9;-22;-239;-680;-669;4;12;-181;
506994024;0;-4;-228;-681;-659;9;146;-154;
506995056;-4;-5;-224;-686;-663;-4;143;-159;
506996120;-6;-11;-233;-688;-653;15;149;-168;
506997162;-8;-5;-188;-671;-612;-2;27;-225;
506998193;-5;-10;-171;-657;-620;0;154;-170;
506999221;1;-11;-238;-692;-639;1;158;-179;
507000256;-17;-9;-242;-701;-655;0;145;-180;
507001284;-13;-10;-236;-693;-649;-3;152;-187;
507002317;6;-1;-235;-694;-662;-7;140;-186;
507003351;0;0;-232;-685;-653;4;142;-180;
507004416;0;-4;-172;-688;-655;1;162;-180;
507005471;8;-5;-155;-661;-652;-2;141;-186;
507006518;2;-10;-230;-620;-575;-22;-168;-296;
507007594;-6;-1;-259;-583;-554;-6;-169;-416;
507008621;-7;6;-248;-535;-514;4;-117;-270;
507009652;9;-12;-185;-595;-571;-3;-110;-286;
507010691;-13;-18;-174;-598;-580;-13;-149;-297;
507011716;-2;1;-240;-542;-501;0;-221;-293;
507012745;-6;0;-233;-533;-513;6;-231;-310;
507013766;-4;1;-244;-539;-506;2;-278;-316;
507014787;-8;-3;-254;-545;-512;-12;-241;-324;
507015808;-5;-10;-251;-550;-515;-12;-245;-329;
507016829;6;-11;-252;-543;-518;-42;-231;-315;
507017857;-10;-2;-249;-545;-511;-7;-232;-320;
507018878;3;-12;-256;-531;-506;3;-236;-320;
507019900;-10;-11;-252;-526;-489;2;-244;-332;
507027079;-8;-10;-220;-668;-637;-3;122;-160;
507028175;-10;-2;-229;-651;-642;0;125;-159;
507029283;2;-9;-229;-664;-626;0;120;-168;
507030336;1;64;-202;-649;-601;2;95;-153;
507031359;-7;-17;-191;-646;-602;-9;79;-148;
507032378;3;-11;-188;-598;-601;-2;95;-142;
507033402;-8;-12;-175;-640;-598;-7;103;-154;
507034422;-11;-18;-191;-647;-604;-2;81;-139;
507035454;0;-11;-169;-613;-595;10;104;-133;
507036475;-11;-9;-163;-630;-594;-9;77;-139;
507037497;2;0;-163;-635;-591;0;138;-145;
507038528;6;0;-152;-632;-593;-1;90;-147;
507039564;-5;-8;-160;-637;-590;9;102;-146;
507040593;14;-11;-155;-630;-583;2;94;-139;
507041619;6;12;-155;-618;-581;-2;93;-139;
507042652;2;-18;-123;-643;-587;-12;82;-163;
507043679;-2;-13;-138;-623;-588;-6;97;-148;
507044714;4;2;-147;-615;-589;9;100;-132;
507045756;-11;8;-166;-634;-601;-20;133;-157;
507046780;-4;0;-137;-632;-588;-7;93;-147;
507047802;-2;-8;-154;-616;-568;12;112;-154;
507048832;-16;3;-182;-631;-578;-9;10;-178;
507049859;8;-6;-162;-614;-585;2;87;-145;
507050883;-4;-8;-167;-617;-584;14;93;-152;
507051920;-7;-8;-155;-630;-604;-4;95;-155;
507052958;-5;0;-160;-619;-593;4;96;-133;
507053987;13;-7;-154;-616;-580;9;101;-130;
507055014;-42;1;-161;-621;-565;0;90;-170;
507056048;0;-4;-153;-626;-585;1;102;-103;
507057074;11;-4;-168;-640;-592;16;88;-137;
507058098;-1;3;-143;-618;-585;-8;103;-142;
507059133;-5;0;-146;-620;-593;0;104;-141;
507060163;-12;-2;-154;-623;-590;11;93;-141;
507061194;-4;12;-147;-633;-588;11;103;-142;
507062221;-10;-5;-157;-624;-598;23;88;-155;
507222143;8;15;-21;-474;-436;26;-269;-333;
507223258;11;14;-15;-482;-442;15;-272;-324;
507224347;-2;3;-12;-491;-445;7;-284;-322;
507225485;-1;9;-30;-465;-446;-5;51;-130;
507226587;3;5;-195;-605;-580;-7;79;-125;
507227694;4;-5;-199;-615;-603;-34;72;-131;
507228782;2;15;-199;-602;-592;14;83;-124;
507229868;-4;-3;-205;-621;-592;47;76;-110;
507230909;-5;-3;-228;-622;-589;-8;72;-131;
507231944;-9;-4;-208;-617;-598;-9;70;-126;
507233019;4;4;-193;-611;-585;-29;83;-116;
507234066;11;10;-183;-606;-590;9;77;-114;
507235100;-3;11;-201;-609;-579;-3;78;-115;
507236201;-56;-47;-272;-659;-621;-47;-185;-288;
507237308;-8;-6;-145;-579;-564;-7;34;-149;
507238442;2;7;-108;-532;-496;18;-198;-276;
507239549;-4;-2;-56;-485;-468;-53;-228;-299;
507240649;4;3;-36;-482;-445;2;-257;-304;
507241682;6;13;-30;-477;-446;20;-256;-322;
507242718;-1;0;-21;-480;-453;5;-277;-314;
507243753;11;8;-13;-342;-425;8;-267;-321;
507244786;-2;5;-12;-477;-433;0;-288;-323;
507245819;14;65;-18;-479;-415;28;-289;-328;
507246848;-62;-67;-87;-538;-503;-58;-378;-388;
507247884;6;13;-20;-466;-429;7;-289;-317;
507248913;2;6;-7;-474;-434;16;-299;-324;
507249938;12;6;-16;-497;-440;0;-296;-335;
507251041;12;7;-1;-457;-423;2;-301;-314;
507252090;-4;20;-9;-477;-428;4;-305;-340;
507253106;-6;-10;-10;-367;-443;-8;-325;-341;
507254136;5;6;-2;-462;-424;0;-314;-342;
507255163;-4;-4;-6;-470;-425;-3;-310;-343;
507256194;-13;-4;-8;-469;-436;39;-326;-349;
507257219;-6;-10;-29;-452;-418;-7;-336;-361;
507258304;9;-5;-25;-498;-446;-6;-332;-421;
507259334;-4;11;-16;-470;-435;-17;-348;-367;
507260375;22;5;-160;-448;-402;7;-327;-373;
507261412;10;1;-186;-418;-439;-1;-427;-364;
507262447;-8;7;-203;-436;-411;-12;-369;-364;
507263473;12;13;-204;-430;-415;0;-344;-351;
507264533;0;2;-220;-423;-418;4;-330;-353;
507265575;13;6;-232;-438;-400;7;-337;-352;
507266611;-2;0;-251;-426;-417;-6;-372;-353;
507267658;-31;6;-237;-416;-429;5;87;-168;
507268758;-62;-57;-128;-666;-648;-65;48;-214;
507269847;-11;7;-58;-620;-598;-13;98;-151;
507270958;5;23;-64;-618;-669;5;122;-154;
507272063;-4;-6;-71;-633;-624;-2;113;-164;
507273170;19;16;-50;-628;-574;6;134;-159;
507274244;-10;3;-71;-631;-610;-5;122;-176;
507275280;5;13;-52;-618;-613;0;133;-168;
507276304;-2;25;-48;-637;-622;0;128;-154;
507277333;-10;4;-59;-651;-628;-10;128;-177;
507278367;-35;-3;-57;-602;-548;-6;-326;-309;
507279472;12;18;-310;-472;-453;-13;-368;-309;
507280542;-2;5;-226;-524;-438;-6;-390;-311;
507281569;30;-9;-240;-477;-446;-20;-385;-322;
507282600;5;4;-229;-457;-435;9;-409;-316;
507283647;38;9;-235;-468;-437;-4;-421;-313;
507284720;-10;1;-266;-451;-424;-4;-421;-326;
507285752;14;9;-255;-447;-419;5;-410;-314;
507286774;4;-1;-249;-432;-407;8;-431;-337;
507287815;6;7;-261;-442;-409;3;-465;-339;
507288878;11;10;-260;-431;-388;3;-480;-338;
507289901;5;-3;-267;-435;-394;-9;-496;-341;
507291015;-52;8;-270;-417;-383;-2;-501;-352;
507292125;-10;-5;-291;-410;-396;-12;-499;-378;
507293247;6;19;-283;-423;-261;-9;-516;-361;
507294351;2;6;-268;-423;-395;-1;-505;-284;
507295467;7;7;-263;-413;-382;0;-500;-352;
507296551;-9;1;-287;-428;-393;-1;-533;-360;
507297592;3;43;-279;-410;-386;-6;-511;-357;
507298709;17;-30;-277;-404;-386;8;-513;-349;
507299734;4;12;-264;-409;-378;10;-517;-350;
507300776;4;4;-274;-394;-378;7;-519;-352;
507301804;23;-8;-278;-409;-287;-4;-517;-357;
507302860;-3;11;-295;-417;-401;18;-521;-374;
507303908;-3;3;-300;-402;-379;-4;-529;-364;
507304938;-26;-21;-311;-464;-403;-21;-561;-349;
507305972;7;4;-293;-412;-416;8;-529;-326;
507307001;7;7;-284;-387;-379;16;-519;-346;
507308034;-1;6;-296;-418;-380;-15;-537;-365;
507309073;-48;-47;-346;-460;-433;-48;-571;-397;
507310156;17;-9;-298;-420;-384;-6;-536;-368;
507311183;27;14;-289;-403;-369;2;-530;-365;
507312217;-3;4;-310;-403;-388;-2;-535;-384;
507313251;-12;-19;-370;-424;-388;-12;-541;-414;
507314283;1;2;-291;-407;-373;9;-535;-377;
507315315;-5;-3;-299;-411;-374;-11;-519;-382;
507316346;-5;-4;-298;-403;-379;-27;-542;-389;
507317379;-30;-1;-300;-403;-367;7;-534;-387;
507318476;-7;-4;-286;-399;-383;1;-552;-390;
507319588;-7;-1;-301;-399;-264;-4;-530;-402;
507320731;0;5;-352;-420;-383;-8;-552;-544;
507321825;10;7;-299;-396;-357;4;-544;-400;
507322961;19;0;-310;-395;-372;12;-548;-410;
507324044;-2;88;-302;-406;-379;-19;-551;-420;
507325147;4;15;-294;-386;-355;10;-524;-402;
507326179;3;-7;-301;-405;-364;2;-538;-422;
507327211;2;0;-307;-410;-361;0;-538;-411;
507328287;0;-1;-308;-393;-363;-1;-542;-414;
507329343;-5;2;-307;-395;-346;14;-566;-411;
507330377;8;-3;-304;-386;-357;2;-539;-412;
507331413;5;0;-309;-269;-361;38;-556;-424;
507332510;13;12;-309;-395;-361;0;-543;-429;
507333551;6;-7;-310;-397;-466;-2;-550;-424;
507334579;11;-1;-305;-394;-369;13;-550;-420;
507335645;-93;2;-289;-404;-372;-3;-549;-408;
507336748;-8;-10;-321;-408;-353;37;-552;-434;
507337838;6;13;-316;-397;-361;-2;-544;-436;
507338908;15;6;-291;-377;-338;14;-533;-424;
507340014;1;6;-339;-397;-360;0;-545;-425;
507341113;-12;-5;-331;-399;-374;-20;-554;-429;
507342208;-5;9;-301;-391;-370;1;-542;-420;
507343324;12;5;-272;-386;-356;13;-536;-412;
507344455;-9;43;-317;-396;-365;-9;-558;-421;
507345581;5;9;-318;-397;-332;5;-567;-413;
507346678;-6;-9;-325;-406;-355;-2;-563;-422;
507347791;1;3;-321;-388;-350;22;-556;-408;
507348906;22;3;-304;-383;-342;7;-547;-266;
507350000;2;7;-304;-389;-361;7;-560;-415;
507351101;0;-5;-312;-366;-363;-8;-546;-413;
507352136;22;16;-304;-369;-352;13;-535;-388;
507353171;-10;-2;-320;-419;-369;-12;-579;-429;
507354265;3;13;-309;-407;-370;9;-553;-419;
507355321;-2;-9;-313;-393;-362;3;-552;-420;
507356397;11;20;-302;-396;-341;9;-537;-404;
507357437;56;9;-311;-398;-366;0;-563;-426;
507358540;2;5;-304;-393;-356;3;-551;-434;
507359575;-7;15;-321;-385;-364;-4;-566;-423;
507360613;1;1;-323;-404;-364;-9;-553;-435;
507361646;3;3;-321;-387;-355;10;-549;-424;
507362673;5;-19;-322;-393;-364;10;-567;-423;
507363770;-4;11;-313;-397;-350;-10;-556;-407;
507364898;-6;2;-324;-398;-370;-8;-567;-423;
507365997;11;3;-301;-376;-353;8;-572;-389;
507367109;15;23;-304;-395;-358;-7;-550;-412;
507368218;18;13;-300;-394;-355;10;-539;-419;
507369312;-1;8;-310;-395;-354;-2;-556;-447;
507370404;-8;9;-323;-394;-366;-5;-554;-423;
507371476;0;12;-324;-407;-374;-7;-557;-417;
507372502;5;91;-297;-399;-356;-4;-560;-415;
507373563;4;16;-315;-394;-358;7;-564;-420;
507374596;12;18;-306;-398;-354;13;-548;-407;
507375653;2;1;-328;-406;-372;-11;-577;-434;
507376759;5;9;-311;-412;-368;-7;-555;-422;
507377872;20;5;-306;-403;-369;4;-552;-408;
507378975;-5;3;-316;-403;-370;-5;-548;-433;
507380074;2;0;-324;-395;-372;2;-557;-415;
507381150;22;1;-317;-405;-368;-8;-556;-412;
507382207;-35;7;-296;-410;-370;-14;-567;-429;
507383244;3;6;-318;-411;-371;-3;-568;-412;
507384273;4;9;-319;-384;-361;7;-539;-407;
507385303;-15;-31;-315;-402;-372;-7;-572;-432;
507386350;-2;-2;-324;-400;-363;1;-574;-428;
507387449;2;-10;-308;-398;-361;0;-555;-429;
507388491;-21;4;-308;-402;-369;-2;-562;-437;
507389532;-8;-5;-321;-415;-367;-8;-551;-431;
507390566;7;14;-313;-410;-396;-10;-544;-426;
507391593;11;11;-309;-395;-359;-8;-552;-426;
507392638;9;2;-323;-395;-370;0;-565;-417;
507393703;-1;12;-317;-341;-362;-21;-538;-424;
507394797;0;21;-313;-398;-371;17;-576;-440;
507395908;-19;4;-319;-417;-370;-9;-589;-451;
507397029;-5;-7;-317;-412;-360;5;-572;-437;
507398140;-4;17;-321;-391;-351;5;-571;-434;
507399244;26;13;-300;-388;-361;5;-576;-438;
507400336;12;24;-304;-390;-348;19;-554;-424;
507401398;20;12;-308;-391;-362;6;-590;-391;
507402486;2;-3;-329;-392;-355;-21;-589;-456;
507403530;7;8;-322;-391;-356;10;-580;-466;
507404561;-15;-8;-317;-413;-373;-8;-588;-464;
507405620;-2;2;-318;-395;-366;8;-567;-447;
507406679;1;9;-312;-403;-358;0;-577;-452;
507407722;-6;7;-316;-405;-367;0;-573;-458;
507408774;9;0;-331;-398;-364;13;-576;-448;
507409845;3;4;-316;-384;-358;36;-571;-434;
507410878;-7;-13;-336;-411;-374;-16;-593;-471;
507411968;-13;-4;-346;-415;-373;-13;-589;-477;
507412996;2;15;-320;-391;-362;5;-574;-464;
507414069;-7;-7;-326;-398;-367;-9;-582;-478;
507415170;9;-5;-322;-410;-358;-5;-578;-493;
507416278;-6;-40;-344;-397;-370;-17;-585;-469;
507417388;-5;-3;-326;-394;-352;-16;-575;-489;
507418507;-20;4;-334;-407;-362;4;-577;-489;
507419620;2;6;-319;-390;-346;7;-579;-488;
507420692;0;2;-335;-394;-357;0;-576;-489;
507421727;2;-7;-416;-394;-361;-16;-590;-513;
507422766;-3;-115;-330;-395;-357;-9;-596;-549;
507423805;4;0;-332;-386;-340;6;-585;-541;
507424911;-3;-13;-329;-389;-338;-7;-596;-555;
507425993;-18;-12;-332;-391;-335;0;-585;-555;
507427027;0;4;-368;-373;-326;-12;-610;-566;
507428077;-9;-17;-361;-372;-344;-10;-603;-573;
507429128;-6;-10;-360;-372;-329;3;-638;-561;
507430165;-4;33;-368;-374;-331;1;-627;-585;
507431190;3;-3;-356;-362;-322;0;-642;-584;
507432217;-19;-9;-365;-374;-301;-13;-666;-591;
507433293;21;-9;-365;-353;-288;17;-688;-600;
507434380;-7;-11;-394;-345;-295;-2;-685;-622;
507435486;-31;-55;-426;-365;-337;-35;-775;-662;
507436589;8;0;-390;-311;-270;16;-752;-643;
507437700;-6;-11;-409;-307;-255;-9;-780;-649;
507438803;-4;2;-407;-313;-289;16;-772;-662;
507439913;-21;-20;-407;-322;-273;-20;-786;-669;
507441023;-9;-32;-429;-321;-286;-12;-781;-662;
507442146;4;-15;-402;-306;-274;8;-690;-644;
507443256;26;-5;-360;-292;-261;13;-705;-597;
507444372;-20;-20;-401;-344;-296;-3;-693;-628;
507445491;-3;0;-367;-330;-298;-1;-604;-593;
507446586;-5;25;-340;-378;-340;-13;-626;-585;
507447634;3;-23;-340;-373;-337;57;-556;-564;
507448663;-4;-23;-342;-395;-349;-15;-547;-572;
507449692;-2;-21;-331;-387;-346;-12;-542;-575;
507450721;3;-24;-335;-426;-408;16;-527;-372;
507451756;5;-25;-326;-408;-358;6;-509;-552;
507452790;31;-12;-328;-362;-359;-1;-499;-569;
507453833;-10;-40;-329;-407;-368;-6;-495;-574;
507454866;-6;-39;-332;-416;-374;0;-455;-572;
507455899;-16;-57;-328;-439;-391;-18;-434;-551;
507456938;8;-86;-322;-395;-366;8;-446;-573;
507457968;-11;-34;-312;-426;-384;-3;-387;-556;
507459012;-11;-45;-353;-460;-397;-16;-400;-557;
507460133;3;-27;-292;-442;-409;3;-359;-540;
507461169;0;-47;-295;-440;-396;1;-355;-548;
507462207;7;-35;-277;-454;-392;5;-325;-530;
507463245;-3;-48;-291;-507;-407;3;-326;-544;
507464302;6;-50;-293;-457;-385;1;-308;-563;
507465364;24;-38;-290;-430;-374;13;-296;-542;
507466445;-128;-39;-291;-459;-390;-3;-321;-578;
507467467;-120;-59;-315;-447;-375;4;-318;-584;
507468556;1;-45;-304;-445;-379;-1;-325;-594;
507469592;-3;-52;-311;-431;-384;0;-334;-604;
507470619;-16;-49;-317;-443;-398;0;-342;-612;
507471657;-3;-36;-306;-433;-369;14;-324;-592;
507472686;-1;-47;-311;-447;-383;2;-325;-611;
507473713;116;-33;-314;-364;-370;-7;-349;-637;
507474749;-7;-32;-311;-431;-397;-3;-340;-626;
507475847;-3;-42;-312;-432;-368;-5;-343;-598;
507476888;1;-49;-342;-433;-373;-8;-355;-620;
507477920;-8;-53;-302;-437;-373;-1;-319;-643;
507478955;-7;-45;-300;-452;-390;-8;-329;-614;
507479986;-2;-64;-303;-449;-376;2;-325;-611;
507486143;-5;44;-302;-448;-372;-5;-324;-601;
507487249;-2;-34;-294;-451;-369;9;-333;-602;
507488357;-4;-28;-287;-451;-387;-4;-321;-600;
507489463;-21;-57;-308;-480;-372;-11;-323;-611;
507490571;1;-25;-282;-472;-376;-8;-324;-590;
507491686;-12;-49;-296;-474;-387;-2;-320;-590;
507492810;2;-26;-282;-473;-384;13;-323;-596;
507493915;3;-22;-304;-464;-375;0;-333;-596;
507495015;-5;-22;-294;-475;-382;-4;-327;-606;
507496060;-9;-51;-309;-500;-396;-8;-332;-612;
507497158;-3;-15;-295;-472;-374;11;-321;-591;
507498204;-3;-31;-310;-478;-393;6;-323;-606;
507499235;-104;-35;-316;-477;-393;-8;-341;-602;
507500264;0;25;-298;-463;-385;0;-314;-593;
507501297;4;-24;-310;-464;-365;-1;-316;-605;
507502324;1;20;-318;-463;-373;-1;-313;-591;
507503398;5;12;-311;-448;-381;1;-319;-601;
507504487;-6;-6;-315;-458;-374;-8;-316;-599;
507505543;11;8;-303;-446;-367;12;-313;-583;
507506574;13;5;-312;-439;-365;5;-311;-592;
507507605;-10;-30;-329;-463;-384;-20;-319;-603;
507508675;1;0;-329;-432;-361;-4;-313;-581;
507509706;-5;3;-318;-457;-362;-2;-310;-586;
507510772;9;-12;-332;-437;-361;0;-313;-594;
507511894;-6;-18;-344;-448;-374;-6;-320;-580;
507512995;16;22;-318;-416;-363;17;-298;-582;
507514101;22;14;-312;-437;-364;4;-310;-587;
507515213;0;9;-335;-443;-361;-7;-324;-580;
507516243;2;-55;-362;-443;-359;-3;-327;-595;
507517281;10;26;-328;-439;-366;-3;-324;-598;
507518335;10;21;-318;-436;-362;16;-283;-548;
507519364;-8;-6;-167;-637;-560;-44;128;-365;
507520399;-2;3;-135;-647;-564;-2;-231;-427;
507521439;17;34;-253;-494;-391;5;-314;-585;
507522472;-12;12;-318;-426;-374;-13;-323;-584;
507523502;24;28;-311;-446;-386;12;218;-361;
507524541;-5;3;-109;-672;-590;-10;212;-338;
507525570;2;1;-124;-682;-601;-22;200;-334;
507526602;13;26;-112;-669;-602;-4;181;-336;
507527636;25;13;-101;-669;-586;6;208;-333;
507528660;-29;-27;-143;-716;-634;-44;170;-355;
507529694;8;19;-120;-677;-585;0;192;-318;
507530724;-6;3;-109;-671;-591;-8;191;-332;
507531801;-3;32;-111;-676;-602;-12;187;-331;
507532850;2;9;-114;-684;-602;-17;159;-336;
507533882;2;24;-103;-671;-585;5;192;-311;
507534918;6;26;-147;-677;-468;-4;199;-331;
507535952;3;43;-113;-679;-589;-11;205;-320;
507537019;24;22;-99;-672;-588;-4;207;-318;
507538058;13;25;-119;-674;-586;2;208;-327;
507539107;14;83;-122;-685;-583;2;204;-326;
507540188;19;20;-122;-698;-596;-3;202;-331;
507541251;30;55;-103;-676;-571;7;206;-313;
507542336;9;23;-103;-685;-580;15;194;-310;
507543435;-11;16;-106;-680;-580;-4;208;-314;
507544535;-18;8;-166;-683;-577;-4;202;-324;
507545633;-2;13;-127;-692;-603;-9;181;-332;
507546736;21;-2;-106;-675;-592;-2;196;-316;
507547830;26;18;-115;-683;-604;-6;208;-316;
507548951;25;42;-116;-691;-593;1;202;-310;
507550062;21;39;-123;-688;-587;2;206;-317;
507551150;39;52;-90;-671;-559;29;215;-273;
507552180;-7;4;-158;-713;-665;-26;178;-320;
507553274;30;23;-185;-700;-592;-4;199;-309;
507554337;5;13;-137;-697;-591;4;172;-303;
507555415;4;59;-130;-699;-597;4;188;-312;
507556538;22;161;-118;-692;-585;-3;200;-309;
507557635;48;37;-92;-683;-620;21;195;-302;
507558751;22;37;-115;-686;-603;5;186;-317;
507559872;23;99;-72;-688;-583;-9;184;-322;
507560968;18;19;-126;-701;-588;0;173;-319;
507562021;24;35;-105;-690;-589;-4;189;-317;
507563097;54;33;-96;-686;-586;-1;212;-312;
507564133;22;77;-99;-691;-589;3;188;-308;
507565164;29;30;-105;-697;-584;13;203;-315;
507566195;21;43;-94;-689;-577;12;206;-307;
507567219;21;126;-116;-699;-601;0;237;-318;
507568258;17;12;-92;-686;-585;-1;185;-313;
507569294;14;18;-111;-707;-590;-5;179;-313;
507570328;12;30;-271;-718;-608;-16;172;-293;
507571366;37;44;-221;-633;-516;8;-64;-407;
507572400;18;36;-151;-588;-470;-14;-109;-462;
507573437;28;31;-139;-562;-457;-7;-130;-432;
507574510;8;20;-253;-661;-540;-2;-84;-440;
507575574;34;33;-275;-692;-637;-2;189;-271;
507576673;27;21;-284;-708;-617;-3;171;-280;
507577785;42;19;-234;-659;-512;2;-68;-407;
507578887;42;7;-168;-590;-481;-3;-124;-444;
507580005;44;20;-146;-548;-357;-6;-136;-458;
507581120;56;22;-127;-549;-446;56;-130;-459;
507582219;26;7;-140;-546;-440;5;-154;-463;
507583329;44;9;-140;-561;-439;-9;-153;-489;
507584450;52;18;-133;-546;-430;14;-168;-474;
507585559;50;16;-134;-541;-436;-1;-166;-464;
507586675;52;22;-130;-539;-448;0;-168;-460;
507587778;43;30;-131;-520;-409;-2;-170;-492;
507588879;67;21;-131;-545;-436;-3;-145;-461;
507589992;57;18;-141;-537;-433;4;-137;-460;
507591109;55;9;-139;-539;-440;13;-127;-464;
507592143;45;17;-229;-511;-404;-4;-241;-499;
507593169;43;8;-171;-550;-441;-18;-146;-557;
507594199;60;4;-229;-522;-399;-16;-305;-486;
507595235;44;16;-198;-512;-417;-5;-132;-459;
507596310;49;12;-163;-539;-432;0;-166;-467;
507597333;61;14;-198;-527;-416;-27;-146;-464;
507598441;47;8;-151;-549;-429;-11;-185;-488;
507599559;49;-113;-136;-533;-422;14;-212;-507;
507600667;39;12;-280;-473;-347;-15;-392;-522;
507601778;43;12;-276;-462;-352;4;-350;-529;
507602895;51;12;-240;-498;-377;4;-308;-516;
507604010;55;12;-250;-482;-368;8;-306;-508;
507605040;50;26;-254;-489;-381;-7;-294;-506;
507606067;53;20;-255;-487;-387;4;-309;-513;
507607100;36;23;-262;-495;-368;-9;-299;-528;
507608203;62;30;-252;-497;-375;6;-255;-485;
507609293;43;35;-245;-501;-386;-10;-294;-500;
507610350;46;10;-173;-539;-433;-6;-145;-465;
507611404;58;16;-244;-505;-383;19;-313;-504;
507612445;43;18;-245;-494;-370;11;-299;-516;
507613474;44;7;-255;-507;-382;-6;-275;-510;
507614532;35;23;-156;-544;-427;-5;-131;-459;
507615568;56;34;-114;-548;-420;18;-150;-454;
507616596;52;27;-128;-527;-388;0;-181;-477;
507617630;42;27;-187;-518;-350;0;-405;-546;
507618666;69;50;-259;-442;-314;25;-345;-531;
507619748;43;16;-207;-511;-382;1;-391;-546;
507620857;56;30;-270;-461;-317;5;-368;-536;
507621977;45;13;-275;-483;-345;-4;-361;-534;
507623081;47;18;-259;-477;-359;24;-325;-524;
507624176;28;-121;-258;-490;-361;-15;-348;-537;
507625311;45;17;-258;-478;-343;8;-348;-473;
507626444;32;17;-262;-481;-345;9;-350;-515;
507627558;-17;-38;-324;-532;-395;-62;-424;-598;
507628660;50;19;-260;-481;-342;3;-375;-531;
507629783;-121;22;-272;-472;-335;-4;-372;-529;
507630886;52;-8;-257;-457;-311;15;-383;-529;
507631978;54;20;-279;-465;-318;8;-386;-524;
507633068;1;13;-278;-460;-329;2;-377;-531;
507634145;38;17;-274;-434;-327;-2;-406;-551;
507635175;46;29;-271;-458;-322;7;-412;-542;
507636210;50;42;-275;-450;-327;4;-400;-546;
507637246;41;31;-285;-462;-318;14;-394;-536;
507638280;42;22;-268;-457;-317;6;-410;-566;
507639310;42;19;-281;-472;-317;7;-427;-553;
507640378;29;15;-300;-483;-329;3;-425;-553;
507641458;26;28;-243;-465;-325;-1;-420;-547;
507642528;28;27;-285;-468;-329;9;-415;-545;
507643572;24;17;-286;-463;-328;-9;-411;-558;
507644659;27;21;-282;-455;-315;-8;-416;-552;
507645742;40;15;-282;-458;-314;-6;-416;-541;
507646817;29;20;-286;-479;-322;0;-424;-555;
507647917;36;36;-283;-466;-324;7;-409;-555;
507648994;24;8;-284;-471;-324;0;-418;-553;
507650094;47;23;-265;-459;-325;11;-392;-531;
507651196;32;17;-127;-613;-483;0;177;-298;
507652314;29;23;-104;-686;-550;-6;170;-314;
507653441;23;30;-93;-681;-558;-5;165;-300;
507654547;36;30;-80;-671;-534;16;183;-302;
507655661;25;26;-79;-691;-531;9;187;-298;
507656764;25;26;-83;-689;-540;8;175;-300;
507657871;52;21;-82;-675;-551;10;174;-293;
507658980;-13;20;-92;-692;-552;-9;160;-316;
507660073;19;29;-88;-687;-528;9;174;-296;
507661189;-21;25;-96;-702;-545;-16;171;-300;
507662290;12;26;-99;-693;-576;-10;158;-306;
507663398;21;27;-96;-692;-545;-4;178;-291;
507664476;-4;-9;-128;-734;-579;-37;133;-322;
507665515;34;29;-97;-688;-539;9;172;-283;
507666563;40;27;-90;-700;-522;10;165;-290;
507667682;26;14;-107;-679;-492;9;55;-348;
507668787;30;17;-228;-619;-523;1;158;-311;
507669888;13;25;-103;-663;-527;-5;84;-309;
507671008;16;15;-97;-687;-548;-3;166;-301;
507672111;34;33;-79;-674;-533;4;171;-274;
507673190;32;26;-88;-692;-548;1;179;-286;
507674225;18;27;-82;-691;-531;8;184;-284;
507675269;11;18;-94;-687;-540;15;168;-293;
507676302;18;27;-88;-691;-548;0;162;-292;
507677332;24;38;-82;-688;-531;19;168;-282;
507678360;21;23;-106;-691;-550;-7;173;-286;
507679396;25;21;-78;-692;-539;-4;177;-270;
507680444;14;21;-88;-703;-544;24;177;-281;
507681480;14;13;-102;-706;-554;-12;169;-300;
507682505;19;11;-103;-706;-561;3;149;-284;
507683551;20;9;-92;-701;-554;-5;156;-300;
507684577;30;27;-98;-696;-540;12;166;-281;
507685673;-13;24;-92;-690;-547;12;133;-286;
507686726;21;28;-86;-694;-543;0;169;-273;
507687761;25;18;-87;-697;-542;-41;161;-278;
507688796;10;17;-104;-700;-543;-10;162;-295;
507689828;18;24;-87;-693;-547;5;158;-283;
507690864;15;23;-83;-696;-543;2;181;-310;
507691891;24;17;-102;-701;-545;11;164;-280;
507692921;4;12;-87;-695;-547;0;125;-290;
507693949;34;19;-82;-696;-546;-2;161;-270;
507694974;6;17;-91;-709;-558;-10;153;-287;
507696013;12;15;-78;-706;-543;21;178;-270;
507697048;13;15;-109;-700;-542;-5;168;-288;
507698077;25;19;-76;-690;-540;-7;166;-274;
507699113;19;18;-85;-696;-527;0;160;-288;
507700165;20;19;-90;-712;-547;13;160;-290;
507701220;20;25;-104;-672;-451;8;-374;-486;
507702323;21;15;-275;-496;-342;-5;-394;-518;
507703400;6;7;-277;-500;-339;-7;-394;-522;
507704527;13;13;-266;-498;-323;17;-404;-519;
507705648;25;24;-274;-486;-330;-1;-399;-520;
507707593;47;61;-237;-456;-296;49;-355;-458;
507708688;13;20;-263;-504;-332;-1;-418;-522;
507709798;28;22;-265;-485;-320;6;-394;-515;
507710905;-4;57;-282;-511;-352;-17;-404;-518;
507712018;9;16;-257;-500;-335;8;-406;-528;
507713123;6;15;-263;-499;-332;9;-350;-527;
507714212;10;19;-263;-498;-330;26;-399;-506;
507715243;9;22;-153;-558;-386;9;-271;-481;
507716282;23;26;-257;-494;-329;121;-402;-520;
507717377;6;8;-242;-513;-332;-12;-312;-491;
507718422;8;26;-176;-552;-384;16;-179;-455;
507719463;23;27;-94;-550;-383;18;-190;-453;
507720492;14;14;-102;-552;-386;3;-220;-464;
507721523;8;3;-88;-541;-386;-4;-203;-463;
507722555;-37;-34;-142;-602;-435;-50;-252;-514;
507723639;6;19;-94;-552;-389;6;-284;-500;
507724720;-4;14;-108;-554;-366;0;-207;-469;
507725809;-1;9;-94;-556;-374;-5;-413;-528;
507726928;14;10;-234;-483;-326;23;-392;-530;
507728046;28;17;-246;-531;-332;-1;-328;-504;
507729153;-11;-6;-110;-570;-401;-6;-252;-492;
507730258;5;12;-114;-546;-362;0;-230;-466;
507731353;27;17;-85;-550;-383;8;-217;-453;
507732479;24;10;-87;-541;-380;10;-219;-464;
507733618;8;21;-83;-558;-391;-5;-196;-463;
507734705;19;35;-72;-540;-359;12;-208;-462;
507735819;9;29;-82;-548;-377;19;-217;-473;
507736929;8;26;-84;-556;-375;-2;-228;-460;
507738043;7;15;-76;-564;-379;-6;-236;-459;
507739132;31;7;-76;-555;-381;8;-219;-463;
507740236;13;22;-72;-560;-367;17;-231;-471;
507741348;27;13;-93;-565;-379;-4;-231;-477;
507742461;12;18;-72;-535;-372;2;-233;-474;
507743567;-1;1;-79;-554;-372;4;-230;-457;
507744637;-5;-2;-124;-562;-383;-14;-249;-490;
507745667;1;8;-68;-515;-371;0;-225;-470;
507746696;8;7;-74;-550;-351;-10;-236;-481;
507747724;10;12;-81;-561;-378;8;-237;-470;
507748765;25;18;-56;-553;-379;-4;-222;-481;
507749888;13;26;-75;-554;-373;-4;-239;-474;
507750966;2;12;-81;-555;-384;6;-237;-477;
507752021;-6;2;-80;-554;-382;-8;-244;-495;
507753048;6;0;-80;-553;-350;3;-242;-490;
507754102;-15;3;-84;-573;-391;-18;-248;-485;
507755203;7;0;-69;-546;-366;4;-254;-489;
507756340;0;13;-84;-545;-370;-2;-242;-551;
507757450;-1;-2;-76;-542;-380;7;-234;-473;
507758552;7;9;-63;-548;-374;8;-236;-457;
507759667;-16;-12;-95;-568;-398;-12;-257;-618;
507760743;9;3;-99;-515;-318;3;-426;-528;
507761827;0;-10;-230;-492;-333;-7;-411;-556;
507762918;11;12;-157;-524;-342;8;-386;-531;
507763967;20;8;-221;-486;-313;1;-427;-534;
507765031;0;13;-220;-494;-334;6;-425;-546;
507766065;25;1;-216;-481;-315;5;-428;-541;
507767145;1;4;-225;-482;-297;-6;-423;-547;
507768176;-12;2;-231;-497;-317;-8;-425;-556;
507769211;3;14;-222;-491;-308;6;-426;-549;
507770247;-1;-2;-237;-483;-313;-2;-354;-568;
507771287;2;18;-247;-488;-304;4;-417;-542;
507772361;-7;-7;-244;-511;-328;-37;-426;-560;
507773410;10;24;-228;-488;-304;12;-420;-542;
507774466;0;11;-226;-488;-309;0;-427;-542;
507775495;0;6;-220;-488;-317;-7;-424;-545;
507776539;3;7;-237;-499;-321;-10;-430;-548;
507777584;-30;17;-232;-489;-311;0;-413;-556;
507778612;3;0;-241;-490;-328;-9;-417;-544;
507779639;-8;-8;-245;-500;-316;-8;-422;-548;
507780734;-37;-44;-282;-547;-362;-47;-478;-592;
507781790;4;9;-231;-496;-311;-21;-419;-540;
507782844;1;5;-236;-506;-321;6;-415;-533;
507783893;4;-2;-236;-498;-324;4;-431;-545;
507784989;12;12;-242;-489;-323;17;-417;-523;
507786115;0;14;-236;-494;-316;-7;-424;-498;
507787210;0;2;-224;-487;-320;0;-417;-533;
507788326;13;17;-235;-489;-303;12;-421;-539;
507789454;-5;-2;-253;-514;-335;-15;-444;-553;
507790543;0;9;-236;-494;-312;7;-440;-523;
507791646;9;17;-236;-489;-321;4;-422;-532;
507792770;-5;15;-238;-504;-319;-14;-432;-547;
507793872;1;1;-248;-489;-310;0;-414;-519;
507794986;0;25;-243;-504;-324;9;-422;-539;
507796074;12;13;-246;-493;-310;0;-417;-539;
507797174;16;-1;-233;-489;-307;0;-420;-536;
507798280;24;-4;-239;-484;-307;17;-407;-538;
507799392;0;-3;-238;-496;-311;1;-429;-490;
507800516;0;10;-228;-485;-309;4;-407;-526;
507801633;6;-5;-245;-506;-325;-6;-416;-547;
507802739;0;22;-236;-539;-312;-4;-435;-527;
507803845;11;12;-245;-502;-314;2;-417;-541;
507804974;-9;-8;-244;-505;-315;-4;-414;-545;
507806074;-4;1;-244;-491;-319;26;-433;-526;
507807182;9;2;-236;-489;-320;-3;-426;-531;
507808229;6;-4;-237;-492;-314;0;-421;-531;
507809262;16;0;-246;-498;-324;-5;-425;-549;
507810293;37;53;-183;-444;-255;53;-359;-480;
507811323;9;15;-240;-493;-319;0;-423;-529;
507812352;15;0;-240;-495;-311;1;-425;-537;
507813385;-9;-8;-252;-499;-309;-3;-429;-546;
507814418;12;13;-225;-474;-306;2;-417;-542;
507815444;5;4;-247;-511;-316;3;-434;-533;
507816483;9;-6;-242;-573;-309;-6;-429;-548;
507817520;9;-3;-248;-492;-324;10;-429;-548;
507818564;15;20;-217;-470;-296;15;-408;-525;
507819594;1;3;-252;-500;-322;6;-432;-544;
507820638;-6;12;-238;-485;-315;4;-421;-539;
507821663;0;10;-235;-498;-321;14;-422;-526;
507822691;10;12;-237;-503;-308;-1;-425;-541;
507823724;2;-16;-246;-501;-336;-7;-439;-551;
507824763;9;17;-231;-502;-311;2;-405;-539;
507825798;24;15;-222;-488;-302;10;-384;-525;
507826837;6;-1;-244;-448;-325;4;-413;-546;
507827874;-2;7;-223;-512;-325;-3;-412;-516;
507828912;7;2;-83;-571;-388;-9;-182;-460;
507830003;2;5;-78;-568;-382;0;-200;-466;
507831042;12;11;-67;-546;-382;2;-221;-459;
507832072;14;4;-84;-562;-376;6;-219;-459;
507833102;4;20;-59;-550;-372;3;-215;-458;
507834131;8;5;-65;-551;-380;8;-218;-468;
507835166;26;6;-81;-562;-369;5;-230;-469;
507836236;0;4;-99;-537;-357;7;-235;-502;
507837280;5;5;-137;-523;-359;0;-290;-477;
507838318;1;4;-93;-568;-358;-31;-389;-528;
507839345;0;6;-180;-564;-386;3;-224;-466;
507840374;0;10;-97;-533;-340;0;-269;-487;
507844576;3;0;-71;-565;-375;-12;-220;-487;
507845675;6;19;-17;-536;-361;7;-229;-470;
507846766;-33;10;-65;-554;-380;4;-234;-478;
507847867;-3;13;-72;-561;-373;-5;-234;-485;
507848982;-12;-11;-72;-575;-389;-13;-244;-493;
507850114;-6;-4;-115;-511;-337;-5;-295;-511;
507851189;-7;-6;-95;-554;-382;-9;-198;-486;
507852239;6;-3;-80;-553;-372;6;-229;-508;
507853281;1;6;-65;-553;-368;-16;-223;-465;
507854311;-4;4;-58;-549;-374;5;-220;-478;
507855351;8;13;-79;-549;-369;-11;-243;-479;
507856473;2;0;-75;-559;-383;-11;-233;-483;
507857592;3;-2;-65;-551;-366;-19;-225;-471;
507858709;-2;-4;-51;-562;-372;-9;-229;-480;
507859793;12;49;-62;-561;-371;1;-184;-459;
507860903;0;-2;-96;-580;-412;-15;-195;-463;
507862017;-6;5;-81;-580;-400;-11;-184;-416;
507863115;-5;11;-108;-582;-378;1;-172;-454;
507864231;5;10;-95;-613;-408;0;-168;-449;
507865292;-2;4;-99;-570;-390;6;-164;-457;
507866333;8;6;-80;-581;-410;-2;-178;-453;
507867367;0;0;-85;-576;-394;3;-184;-440;
507868472;-5;17;-121;-580;-407;-2;-167;-450;
507869513;14;-1;-89;-576;-401;3;-175;-445;
507870546;11;53;-194;-571;-402;0;-174;-453;
507871611;2;2;-98;-581;-409;2;-179;-458;
507872734;5;15;-90;-572;-395;12;-169;-447;
507873852;11;-7;-104;-596;-422;-3;-182;-445;
507874964;-6;-5;-89;-574;-398;13;-166;-438;
507876067;13;3;-91;-576;-403;13;-178;-448;
507877107;7;2;-95;-580;-388;16;-163;-438;
507878138;4;-3;-88;-576;-404;11;-163;-439;
507879170;18;4;-71;-576;-410;1;-177;-442;
507880200;-5;-5;-92;-585;-411;-9;-178;-442;
507881219;2;4;-98;-576;-407;-29;-180;-438;
507882257;0;1;-79;-585;-407;17;-170;-446;
507883292;5;6;-93;-584;-408;6;-155;-437;
507884318;-8;-14;-105;-594;-420;0;-174;-457;
507885368;4;4;-91;-572;-412;13;-166;-442;
507886467;15;0;-95;-588;-408;3;-167;-445;
507887528;13;14;-81;-568;-390;21;-150;-426;
507888565;0;3;-85;-593;-398;-2;-162;-445;
507889605;0;-1;-88;-580;-422;6;-162;-452;
507890683;1;-4;-88;-587;-411;-5;-161;-451;
507891718;4;14;-84;-575;-406;7;-178;-440;
507892748;1;21;-94;-590;-400;-1;-169;-439;
507893781;-3;-1;-91;-595;-413;-1;-184;-441;
507894813;7;-9;-90;-594;-414;-9;-168;-439;
507895838;-3;-5;-171;-567;-367;33;-295;-490;
507896864;15;8;-170;-532;-363;12;-318;-482;
507897916;-11;6;-176;-539;-375;10;-201;-473;
507899016;5;-8;-176;-535;-377;6;-311;-485;
507900115;8;12;-170;-534;-364;20;-166;-481;
507901236;0;9;-112;-558;-411;19;-171;-456;
507902334;3;-2;-130;-565;-390;-18;-304;-492;
507903451;-12;-22;-184;-559;-372;-14;-338;-508;
507904555;9;-18;-177;-540;-346;1;-313;-500;
507905666;-15;-10;-208;-539;-374;-13;-317;-506;
507906775;-6;3;-193;-549;-358;-3;-317;-499;
507907849;-4;-10;-191;-537;-359;-26;-327;-485;
507908935;7;3;-161;-532;-363;-1;-312;-482;
507909959;7;-6;-189;-552;-365;-4;-322;-498;
507911071;-6;-9;-191;-552;-382;-13;-328;-502;
507912187;9;13;-183;-515;-353;8;-300;-468;
507913287;-13;-3;-203;-542;-383;-12;-338;-501;
507914388;-2;-13;-189;-533;-353;3;-323;-489;
507915507;-3;0;-183;-546;-368;-3;-332;-488;
507916627;12;4;-219;-531;-355;9;-330;-484;
507917726;0;10;-190;-532;-358;7;-331;-498;
507918785;-26;-3;-202;-542;-374;-13;-353;-510;
507919897;-33;-32;-226;-561;-381;-33;-364;-542;
507920944;90;0;-222;-516;-338;-3;-302;-516;
507921976;-6;6;-238;-506;-336;0;-396;-520;
507922998;2;9;-227;-579;-336;5;-405;-522;
507924027;13;1;-228;-560;-323;4;-394;-517;
507925064;0;21;-224;-494;-315;9;-408;-510;
507926167;-70;-65;-285;-565;-400;-61;-484;-580;
507927270;-7;-8;-227;-498;-333;-17;-410;-529;
507928377;1;9;-232;-482;-318;0;-413;-514;
507929495;9;-4;-233;-501;-319;1;-413;-523;
507930600;-2;2;-228;-541;-335;-12;-414;-532;
507931657;-21;-7;-249;-527;-348;-16;-429;-532;
507932688;1;3;-234;-502;-327;0;-379;-523;
507933714;1;0;-222;-500;-320;12;-408;-523;
507934749;-5;-5;-241;-503;-332;-2;-373;-535;
507935777;8;-8;-223;-498;-332;-10;-449;-506;
507936804;-7;1;-235;-507;-334;-6;-398;-509;
507937833;-5;-3;-233;-465;-313;0;-404;-526;
507938866;-3;-9;-277;-507;-325;-2;-429;-520;
507939912;-13;-6;-236;-505;-331;3;-414;-529;
507941000;-9;6;-265;-515;-338;-9;-425;-538;
507942036;-11;6;-220;-506;-323;0;-402;-529;
507943072;6;4;-237;-512;-324;-1;-417;-523;
507944100;13;11;-218;-497;-314;13;-398;-512;
507945136;3;-4;-232;-514;-320;11;-399;-515;
507946172;-5;-6;-225;-510;-332;-5;-420;-516;
507947199;5;0;-231;-498;-294;14;-412;-516;
507948220;-2;-5;-238;-511;-338;-20;-366;-525;
507949293;-4;2;-230;-505;-323;-41;-408;-515;
507950341;-5;-10;-235;-613;-340;-9;-411;-512;
507951370;0;17;-232;-505;-335;0;-408;-527;
507952403;-16;1;-228;-506;-330;-8;-418;-523;
507953438;-9;-1;-240;-523;-343;3;-406;-527;
507954467;8;-4;-231;-515;-335;-2;-415;-517;
507955526;10;3;-218;-513;-318;3;-406;-508;
507956581;-8;0;-232;-500;-322;3;-407;-515;
507957633;-4;4;-239;-516;-338;-9;-375;-515;
507958685;15;33;-218;-508;-345;16;-218;-462;
507959781;-5;4;-170;-489;-363;-12;-182;-362;
507960893;1;-6;-77;-567;-397;6;-186;-470;
507962004;-10;19;-71;-585;-401;-1;-202;-451;
507963119;0;-4;-76;-575;-386;7;-192;-440;
507964227;9;-7;-66;-573;-398;0;-200;-438;
507965333;2;-1;-57;-579;-402;4;-195;-449;
507966474;-4;0;-64;-574;-394;12;-220;-448;
507967571;4;-3;-73;-575;-393;10;-201;-458;
507968646;12;12;-63;-566;-378;12;-220;-443;
507969743;14;1;-87;-567;-372;12;-335;-485;
507970776;-9;6;-99;-563;-378;9;-198;-431;
507971838;-7;2;-74;-575;-387;15;-245;-474;
507972958;-4;-17;-67;-581;-400;-14;-210;-460;
507974064;-16;-25;-90;-593;-396;-21;-203;-464;
507975174;-3;-2;-87;-587;-405;-15;-183;-449;
507976270;-11;-1;-91;-600;-407;-5;-183;-444;
507977314;0;9;-85;-590;-402;5;-168;-443;
507978347;12;13;-78;-593;-395;6;-172;-425;
507979390;-9;-13;-108;-593;-410;-11;-179;-444;
507980433;5;11;-77;-591;-412;-2;-158;-428;
507981466;-5;-4;-81;-589;-416;0;-171;-426;
507982499;0;4;-82;-597;-403;10;-154;-422;
507983540;3;-2;-79;-588;-414;5;-167;-432;
507984592;2;3;-93;-579;-425;3;-164;-432;
507985619;5;0;-77;-589;-420;-12;-161;-427;
507986649;0;2;-86;-581;-410;-116;-153;-427;
507987687;0;9;-87;-593;-403;-2;-150;-436;
507988728;17;3;-87;-597;-425;5;-162;-432;
507989816;-64;2;-75;-575;-414;2;-152;-424;
507990850;-2;-13;-101;-613;-436;-10;-169;-443;
507991919;2;-2;-94;-604;-426;2;-152;-437;
507992951;-14;-13;-91;-604;-424;9;-154;-429;
507994013;-10;-5;-110;-604;-433;-25;-265;-454;
507995121;-4;7;-103;-580;-419;4;-263;-431;
507996226;-2;-2;-98;-583;-414;2;-261;-433;
507997319;-29;-15;-118;-543;-425;-11;-276;-443;
507998410;0;7;-107;-595;-408;-2;-248;-435;
507999533;0;-12;-100;-584;-407;13;-257;-438;
508000641;-9;-4;-112;-589;-421;-9;-274;-444;
508001732;-6;-2;-107;-597;-416;-2;-259;-425;
508002840;1;-4;-102;-581;-404;-9;-247;-432;
508003932;0;9;-105;-593;-415;14;-253;-433;
508005051;-1;-3;-105;-598;-433;-3;-269;-439;
508006136;0;-8;-100;-597;-414;-4;-256;-432;
508007250;36;37;-91;-562;-372;51;-215;-378;
508008336;3;-70;-96;-598;-402;-1;-255;-426;
508009460;-53;-58;-143;-639;-470;-62;-302;-483;
508010587;17;8;-81;-572;-413;11;-249;-415;
508011707;-18;-8;-87;-632;-418;6;-257;-435;
508012797;-11;-26;-109;-610;-417;-18;-267;-438;
508013871;-7;-7;-107;-591;-406;15;-244;-419;
508014913;11;9;-95;-576;-404;5;-249;-414;
508016001;6;-2;-96;-590;-406;6;-249;-430;
508017031;-3;4;-97;-595;-409;1;-256;-428;
508018061;0;-4;-103;-594;-410;13;-242;-429;
508019105;-5;-6;-96;-599;-424;-5;-245;-437;
508020159;8;0;-103;-593;-413;13;-240;-433;
508021216;-6;10;-90;-591;-415;-3;-249;-432;
508022250;-43;-47;-138;-624;-447;-29;-234;-473;
508023282;14;-5;-105;-591;-404;6;-246;-420;
508024313;-2;-2;-95;-610;-427;6;-150;-412;
508025343;3;7;-81;-586;-405;20;-157;-408;
508026380;-2;-6;-87;-602;-414;11;-166;-413;
508027420;4;0;-67;-592;-423;3;-186;-419;
508028458;-13;-20;-99;-617;-431;1;-176;-424;
508029493;39;30;-58;-575;-396;33;-125;-359;
508030525;-1;0;-89;-595;-426;1;-178;-417;
508031589;-9;-7;-92;-619;-448;-15;-177;-460;
508032708;-25;-9;-86;-607;-441;-13;-152;-405;
508033815;15;7;-86;-598;-420;1;-155;-409;
508034946;0;-3;-83;-611;-423;4;-281;-413;
508036039;4;-3;-74;-592;-423;19;-162;-416;
508037146;9;1;-67;-598;-404;9;-140;-395;
508038247;3;-10;-92;-601;-419;0;-165;-410;
508039336;-13;0;-80;-599;-429;-2;-158;-428;
508040442;-17;-10;-89;-609;-437;10;-161;-416;
508041583;0;5;-96;-589;-411;6;-151;-407;
508042688;4;4;-86;-593;-408;4;-161;-416;
508043804;-5;3;-83;-619;-431;-2;-160;-420;
508044903;-3;1;-80;-597;-425;9;-175;-416;
508045993;2;2;-137;-568;-384;15;-193;-422;
508047092;-4;-16;-158;-579;-428;14;-229;-407;
508048203;-12;-16;-98;-599;-400;-5;-168;-430;
508049333;-14;4;-98;-611;-411;-5;-155;-414;
508050416;-23;-12;-140;-592;-411;-12;-282;-464;
508051514;24;-3;-139;-571;-393;-4;-235;-439;
508052620;-9;-16;-153;-588;-403;-12;-282;-448;
508053650;0;-6;-79;-599;-421;-6;-157;-390;
508054769;14;-4;-102;-592;-392;8;-186;-411;
508055824;0;-2;-116;-594;-447;11;-162;-387;
508056852;-3;-13;-97;-611;-430;-7;-166;-398;
508057885;2;-2;-121;-580;-396;5;-227;-414;
508058913;-16;-30;-128;-622;-438;-24;-162;-400;
508059941;7;-5;-71;-599;-417;7;-150;-381;
508060970;0;-5;-67;-614;-454;2;-174;-402;
508062021;0;-5;-121;-606;-416;4;-169;-399;
508063060;-10;-12;-86;-615;-429;-5;-161;-395;
508064096;-46;0;-78;-609;-424;-2;-171;-380;
508065127;96;10;-74;-607;-427;-4;-165;-386;
508066165;-11;-7;-80;-617;-426;7;-165;-385;
508067198;-7;-9;-86;-627;-442;10;-155;-384;
508068232;0;4;-74;-613;-434;3;-151;-382;
508069260;-5;-1;-87;-615;-428;4;-159;-389;
508070291;-8;-9;-94;-629;-428;-1;-170;-390;
508071333;-15;-13;-80;-617;-431;-14;-161;-394;
508072359;-16;-6;-88;-625;-443;-6;-159;-379;
508073386;2;9;-82;-622;-427;5;-157;-373;
508074435;-10;-6;-83;-624;-445;3;-171;-341;
508075462;3;-1;-77;-618;-425;2;-166;-384;
508076499;-9;74;-83;-623;-446;64;-170;-386;
508077526;1;-2;-74;-606;-426;10;-165;-381;
508078565;-6;-15;-83;-619;-426;6;-164;-376;
508079594;5;-4;-90;-617;-422;65;-161;-381;
508080621;-9;-2;-81;-623;-431;-12;-166;-380;
508081660;0;-4;-87;-614;-426;-2;-161;-375;
508082703;-4;-6;-87;-610;-442;13;-163;-373;
508083730;-9;-9;-86;-619;-441;-4;-170;-388;
508084761;0;4;-82;-623;-427;-5;-154;-373;
508085790;3;-5;-77;-618;-422;3;-151;-366;
508100074;-7;-14;-65;-630;-440;-5;-147;-355;
508101161;-11;-7;-70;-636;-448;-4;-158;-354;
508102268;-4;-10;-70;-614;-452;7;-157;-340;
508103362;0;-4;-76;-645;-461;-5;-153;-347;
508104451;-10;-10;-76;-642;-474;-10;-167;-358;
508105511;-7;-6;-72;-651;-468;9;-160;-356;
508106562;-5;-3;-77;-636;-464;0;-146;-339;
508107638;4;-18;-83;-653;-471;-13;-158;-352;
508108678;-9;-19;-75;-652;-485;-3;-148;-340;
508109769;0;-13;-77;-650;-471;1;-149;-339;
508110806;-12;-17;-93;-650;-473;0;-159;-309;
508111843;1;-3;-78;-652;-465;5;-129;-345;
508112910;-3;-10;-57;-647;-482;-3;-152;-351;
508113959;-11;-12;-60;-661;-508;-4;-153;-352;
508114983;-2;-16;-81;-659;-469;0;-158;-341;
508116068;-16;-20;-63;-669;-478;-4;-161;-353;
508117177;-16;-23;-83;-658;-474;-11;-160;-360;
508118295;42;39;-21;-606;-417;58;-109;-307;
508119389;-12;-11;-64;-646;-463;-1;-162;-361;
508120506;-22;-12;-77;-652;-459;-4;-175;-367;
508121604;-18;-7;-51;-635;-446;9;-178;-368;
508122706;-32;-58;-62;-652;-439;-4;-188;-374;
508123810;-2;-29;-71;-655;-450;-11;-313;-380;
508124909;-22;-6;-67;-628;-416;18;-250;-387;
508126007;-36;-16;-53;-569;-403;0;-257;-389;
508127096;-24;-11;-100;-615;-441;-12;-277;-409;
508128199;-24;-6;-94;-610;-422;-6;-250;-408;
508129295;-25;-13;-25;-632;-425;13;-235;-396;
508130403;-16;-23;-32;-617;-429;-3;-255;-406;
508131515;-22;-14;-38;-619;-408;-3;-249;-413;
508132628;-30;-10;-26;-628;-419;-4;-278;-419;
508133710;-12;-15;-23;-606;-410;8;-255;-392;
508134750;-23;-25;-23;-618;-413;0;-268;-412;
508135855;-31;-19;-22;-615;-410;-6;-258;-416;
508136945;-5;-15;-16;-614;-409;-2;-257;-402;
508138073;-22;-21;-93;-639;-424;0;-246;-393;
508139189;-16;-9;-26;-619;-416;4;-256;-413;
508140295;1;-15;-12;-605;-413;16;-298;-410;
508141408;-20;-29;-10;-603;-410;0;-132;-416;
508142516;6;-16;-8;-605;-412;-8;-257;-431;
508143549;1;-20;-2;-605;-415;15;-250;-417;
508144582;-7;-31;-35;-622;-420;-12;-287;-424;
508145658;-21;-27;-11;-602;-420;-9;-290;-422;
508146720;-2;-19;2;-602;-392;5;-263;-420;
508147763;-11;-13;-26;-599;-396;-5;-276;-432;
508148854;0;-26;-1;-594;-409;1;-279;-446;
508149882;-18;-23;-6;-589;-420;0;-262;-447;
508150909;1;-16;13;-593;-424;12;-281;-438;
508151956;-1;3;-8;-557;-391;15;-245;-426;
508153009;-6;-34;0;-591;-426;-11;-296;-451;
508154122;-20;-33;5;-575;-438;-3;-295;-454;
508155232;-8;-25;11;-576;-427;6;-294;-440;
508156321;-16;-41;-8;-595;-446;-16;-295;-450;
508157444;-4;-24;13;-576;-427;-2;-283;-440;
508158478;-10;-33;11;-587;-438;-15;-282;-435;
508159504;-2;-27;15;-596;-432;-2;-284;-445;
508160547;-21;-46;-3;-605;-448;-11;-307;-455;
508161586;-14;-8;16;-579;-427;9;-280;-436;
508162622;-4;-60;9;-600;-438;9;-289;-437;
508163650;-5;-11;23;-599;-422;14;-286;-426;
508164701;-8;-24;23;-608;-427;0;-296;-447;
508165732;-29;-45;5;-606;-444;0;-293;-457;
508166759;-12;-27;19;-604;-431;-9;-294;-443;
508167794;-8;-16;-13;-593;-421;75;-293;-430;
508168826;-19;-31;-21;-586;-429;-4;-289;-446;
508169861;-28;-26;-27;-602;-429;-6;-223;-429;
508170883;-66;-25;-16;-597;-419;7;-286;-430;
508171918;-5;-22;-23;-586;-422;6;-300;-436;
508172948;-31;-31;-28;-601;-446;-8;-281;-423;
508173976;-25;-25;41;-593;-399;0;-282;-414;
508175009;-30;-10;-3;-610;-413;3;-287;-426;
508176046;-21;-26;-11;-585;-419;-5;-305;-395;
508177086;-30;-34;-14;-583;-415;1;-277;-388;
508178105;-28;-25;-23;-580;-414;0;-278;-405;
508179135;-49;-38;-20;-586;-428;-4;-279;-409;
508180163;-37;-21;-11;-596;-417;9;-276;-401;
508181196;-26;-38;-18;-596;-422;-13;-268;-399;
508182220;-45;-33;-3;-578;-408;-2;-262;-386;
508183265;-43;-35;-12;-592;-429;-6;-267;-394;
508184301;-25;-22;-2;-575;-412;8;-267;-395;
508185328;-43;-30;-18;-586;-419;-14;-231;-400;
508186360;-53;-53;-4;-597;-411;-6;-259;-387;
508187394;-47;-39;-5;-615;-407;-5;-270;-394;
508188508;-45;-33;7;-609;-393;4;-270;-397;
508189566;-51;-38;-16;-615;-403;-5;-279;-391;
508190644;-42;-28;-6;-610;-404;-1;-269;-393;
508208655;-86;-41;16;-469;-366;-3;-287;-403;
508209751;-122;-1;12;-564;-424;-15;-258;-380;
508210849;-4;-24;-12;-620;-423;-4;-249;-374;
508211939;-8;-72;-8;-603;-387;15;-252;-381;
508212964;-29;-37;-2;-570;-394;8;-240;-361;
508214009;-49;-26;-3;-539;-400;2;-240;-370;
508215137;-35;-10;26;-524;-391;21;-230;-354;
508216211;-82;-34;9;-468;-404;-3;-255;-367;
508217285;-107;-27;-27;-518;-376;-4;-244;-375;
508218356;-118;-34;-8;-514;-379;-23;-249;-380;
508219394;-75;-36;-13;-485;-378;4;-243;-369;
508220424;-70;-28;-28;-476;-360;7;-234;-341;
508221465;-51;-25;4;-497;-383;10;-229;-333;
508222486;-42;-26;22;-496;-375;5;-216;-342;
508223584;-56;-34;13;-495;-388;13;-220;-339;
508224675;-66;-29;20;-498;-439;-14;-236;-341;
508225780;-76;-28;17;-509;-405;-5;-228;-340;
508226866;-53;-33;29;-488;-382;9;-216;-346;
508227974;-99;-40;1;-518;-401;0;-224;-331;
508229077;-64;-43;-16;-507;-401;-9;-230;-354;
508230165;-80;-42;-9;-514;-395;3;-240;-361;
508231260;-62;-35;-13;-508;-387;10;-220;-361;
508232371;-61;-33;-16;-501;-397;5;-226;-353;
508233488;-58;-18;-6;-521;-379;12;-213;-345;
508234577;-64;-45;-34;-534;-368;-2;-218;-351;
508235678;-90;-69;-77;-575;-434;-26;-252;-376;
508236792;-56;-29;-50;-539;-403;2;-194;-348;
508237895;-58;-44;-61;-547;-418;2;-226;-341;
508239010;-58;-39;-88;-552;-411;-6;-199;-341;
508240055;-56;38;-106;-551;-407;-3;-195;-340;
508241085;-56;-41;-135;-554;-431;0;-186;-336;
508242182;-43;-37;-102;-562;-432;13;-91;-307;
508243257;-56;-43;-38;-584;-436;7;-92;-310;
508244318;-54;-53;-57;-587;-464;-11;-108;-324;
508245419;-42;-39;-36;-583;-447;10;-98;-303;
508246530;-28;-52;-40;-585;-446;0;-88;-299;
508247647;-18;-37;-53;-565;-438;5;-193;-323;
508248755;-31;-39;-118;-549;-406;-1;-188;-341;
508249867;-21;-50;-94;-542;-425;1;-193;-320;
508250953;-29;-31;-141;-547;-417;-20;-192;-323;
508251998;-26;-34;-144;-552;-424;-8;-193;-439;
508253025;-29;-50;-86;-548;-434;-3;-199;-335;
508254086;-24;-42;-152;-539;-419;7;-192;-318;
508255207;-40;-34;-161;-561;-436;-13;-198;-331;
508256341;-34;-33;-134;-529;-411;4;-189;-320;
508257459;-44;-35;-162;-533;-440;-6;-199;-343;
508258568;-34;-36;-152;-528;-420;5;-190;-337;
508259672;-16;-37;-158;-530;-416;-4;-184;-317;
508260718;-13;2;-154;-539;-399;21;-226;-329;
508261753;-21;-22;-145;-498;-419;4;-184;-319;
508262778;-24;-25;-155;-538;-423;0;-195;-335;
508263805;-31;-43;-151;-548;-425;-6;-206;-338;
508264835;-28;-27;-160;-535;-414;1;-180;-331;
508265862;-26;-35;-167;-539;-424;-1;-190;-323;
508266965;-25;-29;-158;-550;-420;7;-196;-333;
508268023;-33;-19;-157;-545;-433;1;-186;-322;
508269067;-24;-26;-159;-535;-420;-9;-182;-332;
508270122;-29;-25;-164;-540;-434;-12;-198;-335;
508271155;-21;-25;-153;-509;-423;3;-181;-319;
508272194;-20;-12;-170;-539;-432;15;-191;-326;
508273218;-21;-23;-167;-541;-431;13;-180;-321;
508274244;-30;-17;-176;-539;-425;6;-183;-313;
508275281;-31;-10;-176;-566;-439;12;-170;-309;
508276311;-30;-67;-173;-550;-437;-5;-171;-326;
508277334;-33;-33;-180;-554;-447;-13;-194;-328;
508278364;-35;-18;-178;-536;-438;3;-186;-314;
508279390;-34;-25;-176;-552;-459;0;-185;-322;
508280420;-28;-35;-175;-558;-447;-3;-183;-317;
508281450;-35;-16;-166;-542;-445;-25;-183;-313;
508282476;-24;-13;-169;-539;-440;0;-176;-318;
508283510;-142;-20;-171;-552;-449;0;-180;-320;
508284548;-24;-4;-177;-546;-449;-11;-176;-323;
508285584;-8;-18;-170;-535;-440;2;-167;-309;
508286616;-9;-21;-152;-537;-442;15;-160;-300;
508287656;-14;-37;-161;-540;-447;-9;-187;-317;
508288687;-36;-21;-157;-546;-455;-5;-176;-312;
508289716;-52;-43;-191;-558;-459;-28;-189;-337;
508290754;-31;-21;-190;-543;-455;-8;-178;-306;
508291814;-21;-17;-170;-548;-453;-9;-174;-303;
508292860;-4;5;-166;-533;-443;14;-167;-303;
508302146;-17;11;-166;-562;-436;5;-179;-289;
508303246;-5;-6;-166;-542;-432;1;-183;-300;
508304351;-26;-5;-166;-389;-437;0;-179;-297;
508305444;-14;1;-174;-523;-438;10;-162;-273;
508306481;-7;14;-173;-508;-429;6;-168;-289;
508307505;-15;-4;-169;-527;-431;6;-173;-297;
508308550;-26;-21;-168;-530;-432;10;-170;-294;
508309576;-16;26;-167;-519;-419;0;-171;-286;
508310659;-33;-7;-175;-528;-441;0;-164;-292;
508311736;-16;-3;-196;-522;-435;-3;-148;-286;
508312808;-21;17;-126;-549;-471;0;-97;-266;
508313852;-14;12;-117;-553;-465;5;-25;-254;
508314918;-19;6;-101;-571;-486;-7;-34;-253;
508315946;-22;1;-139;-554;-469;-8;-36;-266;
508317035;-4;9;-94;-552;-471;14;-26;-239;
508318062;-15;9;-79;-563;-477;2;-24;-236;
508319096;-19;20;-93;-567;-489;-2;-26;-232;
508320142;4;13;-80;-557;-473;0;-21;-227;
508321217;-20;9;-66;-559;-478;4;-29;-236;
508322305;-14;1;-83;-571;-474;-3;-40;-245;
508323387;-20;-8;-103;-569;-477;-15;-38;-249;
508324516;35;15;-91;-563;-481;-2;-25;-228;
508325629;-23;12;-99;-582;-500;-15;-40;-232;
508326735;-6;29;-77;-564;-478;15;-21;-242;
508327835;-7;0;-91;-571;-492;0;-28;-242;
508328938;-13;26;-79;-560;-476;16;-25;-224;
508329964;-40;-55;-124;-613;-512;-39;-59;-271;
508330994;2;3;-87;-558;-474;11;-30;-230;
508332037;-3;-17;-91;-567;-480;-12;-25;-237;
508333066;-22;-2;-86;-556;-487;-2;-62;-235;
508334144;-3;-16;-65;-552;-483;19;-35;-239;
508335218;-9;-10;-86;-555;-464;12;-40;-232;
508336245;-13;-7;-80;-558;-484;-3;-34;-249;
508337282;-20;-8;-93;-554;-470;-6;-33;-105;
508338310;-4;-5;-84;-556;-474;1;-31;-242;
508339333;-3;-3;-96;-550;-473;-2;-43;-236;
508340373;-8;-4;-81;-550;-475;7;-27;-236;
508341412;-23;-24;-84;-547;-491;-5;-46;-242;
508342448;4;-1;-84;-545;-471;3;-30;-229;
508343530;-6;-1;-78;-540;-474;-5;-41;-222;
508344639;-15;0;-95;-557;-475;-12;-44;-245;
508345740;-21;2;-82;-556;-481;2;-25;-231;
508346846;-4;-5;-99;-545;-464;1;-29;-221;
508347926;-18;-26;-97;-568;-487;-13;-36;-233;
508349002;-10;-19;-86;-557;-486;-7;-42;-229;
508350021;-5;-14;-89;-554;-478;12;-30;-225;
508351042;-11;-9;-84;-551;-494;-9;-43;-258;
508352062;-10;-17;-102;-554;-485;-13;-44;-242;
508353085;0;14;-85;-550;-489;0;-21;-232;
508354108;-8;30;-131;-550;-475;11;-22;-226;
508355138;-15;19;-57;-548;-469;4;-42;-231;
508356180;-2;3;-79;-571;-537;34;-41;-236;
508357276;54;3;-80;-544;-478;20;-39;-236;
508358385;-25;11;-82;-560;-494;-9;-39;-229;
508359529;-4;6;-71;-548;-477;12;-31;-220;
508360636;-11;4;-83;-549;-488;9;-34;-233;
508361744;-59;38;-54;-520;-445;24;-1;-208;
508362834;-24;-3;-90;-558;-477;-6;-44;-229;
508363927;-2;16;-74;-552;-473;1;-40;-227;
508364947;-8;25;-66;-557;-485;4;-35;-225;
508365970;-8;-19;-95;-549;-485;5;-37;-225;
508366988;-4;-6;-68;-546;-476;-3;-44;-235;
508368010;-14;0;-91;-561;-496;-12;-44;-243;
508369031;-6;10;-79;-573;-482;4;-36;-229;
508370057;-18;1;-74;-556;-472;9;-28;-228;
508371082;-5;-13;-82;-561;-492;-17;-42;-234;
508372109;-20;-10;-85;-555;-505;-9;-47;-228;
508373140;-2;-12;-78;-564;-491;11;-28;-220;
508374171;7;38;-56;-540;-490;13;-22;-212;
508375200;-13;-21;-80;-564;-488;12;-37;-220;
508376219;-16;-9;-119;-582;-486;-8;-86;-236;
508377244;-7;0;-112;-515;-445;11;-91;-236;
508378265;-16;-4;-129;-526;-458;8;-103;-229;
508379293;-9;-5;-137;-532;-463;5;-89;-244;
508380316;-8;17;-122;-507;-451;8;-91;-235;
508381339;-48;-5;-121;-512;-453;3;-133;-238;
508382362;-14;-26;-125;-529;-462;-6;-113;-255;
508383383;-11;-29;-147;-550;-475;-11;-114;-247;
508384408;-17;-13;-132;-527;-464;-2;-102;-250;
508385436;-20;-18;-141;-537;-469;-12;-108;-237;
508386460;-8;7;-84;-580;-523;1;169;-152;
508387490;-16;-7;-52;-635;-559;-3;-7;-169;
508388532;0;-16;-51;-610;-545;1;-26;-220;
508389564;-21;-13;-171;-646;-572;-8;8;-157;
508390603;-8;-1;-187;-632;-543;9;-23;-180;
508391669;-17;-25;-108;-569;-515;0;-47;-225;
508392745;-14;-11;-90;-577;-507;13;-58;-220;
508393817;-7;-11;-97;-576;-508;-10;-74;-230;
508394835;-16;-26;-93;-567;-510;5;-70;-260;
508395859;-12;1;-46;-567;-498;-7;-66;-221;
508396881;-77;-74;-143;-612;-561;-61;-121;-284;
508424073;-15;-3;-183;-654;-571;-3;64;-169;
508425184;-5;-15;-114;-595;-544;1;22;-183;
508426291;-11;-21;-132;-610;-434;-22;-7;-209;
508427386;-3;-5;-103;-568;-518;0;-104;-225;
508428484;11;13;-136;-534;-474;11;-99;-209;
508429528;0;13;-154;-527;-470;1;-110;-221;
508430560;1;7;-125;-535;-480;9;-112;-212;
508431597;-3;-1;-135;-529;-493;-11;-123;-223;
508432625;-16;-10;-139;-537;-481;3;-123;-226;
508433656;-6;-13;-162;-534;-475;-52;-122;-226;
508434686;-1;0;-141;-527;-467;13;-110;-220;
508435772;-16;-17;-166;-541;-506;-12;-172;-241;
508436806;1;-1;-154;-523;-464;17;-130;-232;
508437840;-14;-33;-171;-531;-482;-16;-144;-195;
508438888;13;17;-127;-519;-459;20;-116;-206;
508439960;-19;-6;-158;-537;-474;-6;-138;-237;
508440991;-7;0;-149;-524;-478;-7;-133;-235;
508442030;0;5;-154;-526;-471;4;-125;-230;
508443091;-17;-6;-158;-536;-470;1;-154;-240;
508444137;1;-10;-156;-510;-443;-3;-241;-285;
508445170;-16;-29;-284;-416;-352;-19;104;-129;
508446266;-10;17;-108;-598;-533;-8;120;-104;
508447368;-6;4;-87;-578;-532;-9;123;-85;
508448483;-132;-6;-98;-595;-523;-2;112;-55;
508449588;8;-12;-101;-582;-524;11;122;-87;
508450685;-15;-12;-114;-537;-546;-11;102;-90;
508451716;-23;-3;-107;-592;-531;-7;105;-132;
508452761;-9;88;-91;-580;-531;0;108;-79;
508453800;-15;9;-105;-590;-523;0;116;-86;
508454827;-50;-77;-144;-622;-577;-52;76;-126;
508455864;-9;1;-117;-573;-528;2;114;-89;
508456891;-13;-10;-90;-574;-521;8;116;-130;
508457914;-13;-57;-102;-586;-521;-9;112;-87;
508458939;-17;0;-103;-576;-528;-6;107;-90;
508459967;5;-4;-85;-567;-510;-8;108;-71;
508461000;-3;-6;-102;-579;-522;6;152;-106;
508462032;-13;-1;-107;-573;-524;-6;108;-90;
508463061;1;3;-95;-573;-523;0;113;-77;
508464091;-5;5;-99;-588;-531;-8;100;-85;
508465122;-3;-4;-77;-568;-509;7;126;-79;
508466149;-12;-5;-106;-576;-518;4;125;-85;
508467180;-13;-10;-92;-621;-517;19;117;-67;
508468207;-11;-6;-134;-568;-533;5;102;-88;
508469234;-7;-5;-97;-572;-528;4;99;-86;
508470301;26;0;-91;-567;-521;0;116;-86;
508471352;0;-5;-107;-576;-528;0;128;-77;
508472374;3;-9;-104;-581;-509;-2;107;-80;
508473396;-4;-9;-97;-572;-523;8;116;-87;
508474421;-3;4;-96;-573;-511;9;116;-72;
508475445;-19;8;-91;-562;-508;26;125;-67;
508476467;10;11;-79;-559;-520;-1;125;-76;
508477493;-4;-10;-87;-567;-515;5;122;-73;
508478516;-7;-8;-90;-567;-524;1;121;-76;
508479539;0;-4;-95;-577;-529;9;109;-78;
508480560;-5;-5;-100;-577;-529;-5;122;-73;
508481582;-12;29;-94;-576;-517;-3;104;-79;
508482610;2;-1;-92;-559;-523;5;104;-76;
508483643;0;4;-96;-569;-527;-6;113;-79;
508502139;-7;-5;-170;-564;-527;22;105;-66;
508503231;4;-1;-171;-572;-519;-40;108;-66;
508504330;-4;-3;-165;-577;-524;-3;110;-66;
508505453;-25;-5;-135;-570;-521;-5;100;-71;
508506555;-25;-15;-86;-505;-448;-23;-191;-205;
508507607;-9;-8;-32;-458;-429;-14;-165;-237;
508508641;-17;-7;-21;-474;-399;-7;-233;-233;
508509676;-8;-29;1;-464;-399;9;-240;-244;
508510719;-8;8;7;-451;-400;3;-249;-246;
508511787;4;4;14;-447;-380;3;-243;-239;
508512852;5;3;12;-438;-387;2;-257;-253;
508513876;-6;-10;17;-457;-405;-9;-274;-258;
508514899;10;10;36;-429;-367;15;-256;-245;
508515920;-3;-36;15;-448;-389;-1;-256;-250;
508516940;-2;1;26;-446;-387;-10;-276;-267;
508517964;3;0;34;-433;-394;1;-146;-229;
508518983;-3;-6;-46;-496;-439;12;-103;-221;
508520004;-23;-9;-86;-538;-475;-10;-115;-205;
508521026;-9;-10;-64;-515;-472;1;-85;-212;
508522046;2;3;-92;-577;-519;-2;-23;-140;
508523071;-8;29;-163;-582;-548;8;-23;-126;
508524106;-3;-8;-228;-598;-558;-3;-28;-132;
508525144;19;7;-215;-575;-548;10;-19;-119;
508526170;-13;-21;-131;-580;-528;-13;-72;-180;
508527246;10;0;-124;-541;-507;3;-29;-122;
508528286;-12;-6;-229;-606;-552;-7;-30;-151;
508529350;-9;0;-229;-604;-559;-9;-33;-112;
508530393;-18;15;-231;-608;-573;-11;-35;-129;
508531415;0;-3;-220;-598;-549;3;-13;-117;
508532442;0;4;-226;-601;-550;5;-7;-149;
508533463;2;2;-226;-587;-558;4;-12;-113;
508534490;-6;7;-226;-604;-559;-6;-10;-118;
508535511;0;2;-223;-600;-558;-21;-26;-127;
508536533;-11;-15;-228;-603;-572;-12;-28;-123;
508537556;5;-1;-223;-604;-558;-2;-14;-116;
508538576;-12;-14;-202;-603;-558;-11;-24;-120;
508539606;3;10;-223;-642;-556;5;-19;-115;
508544571;-6;-1;-226;-594;-573;-10;-22;-134;
508545669;-1;0;-222;-606;-556;14;-11;-131;
508546756;4;1;-232;-601;-561;5;-15;-106;
508547839;-12;-7;-230;-616;-572;-18;138;-124;
508548869;-6;7;-222;-618;-583;10;23;-115;
508549901;-8;-13;-213;-610;-544;2;12;-109;
508550988;7;3;-216;-600;-560;5;111;-98;
508552091;-3;-9;-204;-627;-576;20;153;-113;
508553170;-9;-13;-225;-618;-577;-7;150;-112;
508554220;-11;-5;-206;-627;-571;-6;149;-100;
508555256;-6;3;-186;-623;-577;0;150;-96;
508556285;4;-1;-195;-619;-585;9;165;-112;
508557389;-1;4;-184;-619;-580;3;163;-100;
508558506;-13;-12;-232;-631;-590;-12;156;-110;
508559597;-12;-3;-214;-627;-597;-11;143;-113;
508560735;12;3;-155;-593;-530;9;45;-98;
508561866;-8;-14;-199;-625;-593;-4;145;-106;
508562969;3;0;-185;-636;-588;18;162;-108;
508564068;-13;3;-199;-624;-584;7;169;-109;
508565096;2;-1;-191;-635;-582;-1;156;-104;
508566127;25;23;-193;-605;-553;29;198;-73;
508567181;-3;-7;-190;-628;-591;-1;153;-99;
508568208;26;-7;-220;-634;-639;2;71;-128;
508569234;-9;-8;-148;-587;-546;-9;31;-163;
508570264;-22;0;-125;-586;-545;-21;32;-149;
508571297;-21;2;-129;-580;-535;-2;25;-167;
508572326;8;22;-131;-597;-530;-7;23;-159;
508573373;0;2;-112;-556;-512;-4;9;-164;
508574418;-1;8;-146;-544;-501;-1;-51;-175;
508575486;6;-25;-161;-530;-484;-1;-128;-191;
508576556;9;0;-166;-522;-465;9;-124;-191;
508577585;8;12;-186;-526;-469;9;-144;-193;
508578610;0;-2;-186;-529;-478;-3;-158;-222;
508579639;-3;-3;-189;-503;-443;3;-361;-172;
508580681;-3;-5;-306;-364;-347;-4;-619;-288;
508581709;-13;-42;-316;-394;-349;-10;-513;-286;
508582743;-4;-7;-317;-396;-228;-5;-523;-293;
508583774;4;7;-301;-384;-327;18;-501;-279;
508584812;29;20;-157;-386;-371;34;126;-54;
508585847;-2;8;-128;-585;-524;38;108;-81;
508586876;18;-2;-124;-492;-528;-1;113;-74;
508587906;111;3;-118;-567;-528;5;116;-75;
508588945;0;5;-127;-590;-535;2;101;-80;
508589972;-20;-17;-136;-590;-540;-17;100;-90;
508590993;-9;-9;-122;-591;-536;3;107;-78;
508592046;-13;-44;-99;-597;-550;-4;99;-91;
508593083;1;0;-103;-582;-540;1;112;-92;
508594118;-4;5;-97;-604;-544;-3;163;-105;
508595160;1;0;-70;-617;-553;0;154;-105;
508596188;1;-15;-74;-622;-577;-8;147;-118;
508614078;-1;-3;-77;-620;-568;-7;164;-118;
508615191;-5;6;-67;-626;-576;5;158;-62;
508616294;-2;14;-66;-632;-570;-2;158;-141;
508617376;-13;-9;-83;-631;-588;-1;152;-123;
508618422;4;10;-66;-634;-582;0;157;-106;
508619468;0;0;-136;-639;-566;2;158;-124;
508620493;15;4;-78;-629;-588;5;164;-111;
508621524;-10;-9;-75;-644;-568;9;155;-120;
508622558;1;-1;-71;-632;-566;13;162;-113;
508623581;1;1;-68;-631;-567;15;167;-115;
508624608;28;-7;-83;-638;-586;3;149;-171;
508625640;10;19;-66;-614;-565;7;159;-124;
508626684;3;3;-75;-641;-580;-2;148;-80;
508627727;-2;10;-65;-621;-568;1;149;-123;
508628778;3;-3;-54;-610;-570;13;165;-103;
508629849;-12;0;-73;-630;-590;-10;144;-125;
508630883;15;13;-61;-613;-567;3;161;-107;
508631920;-11;-10;-85;-602;-577;-13;144;-127;
508632972;-10;2;-82;-628;-574;-5;151;-119;
508634067;13;0;-71;-620;-572;6;161;-116;
508635100;8;14;-64;-632;-576;3;152;-116;
508636180;47;13;-66;-626;-575;3;153;-116;
508637215;1;7;-50;-613;-559;5;172;-119;
508638307;-6;4;-74;-640;-576;-7;150;-121;
508639358;10;-61;-58;-621;-577;16;165;-103;
508640386;-1;0;-76;-632;-584;13;167;-112;
508641416;-5;9;-62;-615;-570;-2;179;-114;
508642448;-15;5;-78;-646;-579;-16;149;-125;
508643474;-5;15;-58;-630;-577;1;137;-108;
508644504;-13;-4;-84;-647;-587;-13;121;-116;
508645540;8;-6;-85;-606;-558;7;107;-82;
508646567;-53;-32;-156;-634;-592;-57;55;-131;
508647598;-5;0;-112;-595;-532;-5;99;-82;
508648623;4;2;-106;-586;-525;6;105;-75;
508649655;19;-8;-119;-590;-549;-8;97;-82;
508661191;-12;-13;-129;-569;-517;8;92;-79;
508662304;-1;4;-175;-586;-627;1;93;-70;
508663403;5;15;-179;-611;-561;18;151;-99;
508664539;18;27;-172;-604;-562;27;155;-79;
508665655;-13;10;-186;-632;-577;5;154;-103;
508666777;-1;12;-199;-629;-580;4;161;-94;
508667896;-5;-7;-203;-624;-581;1;68;-142;
508669018;0;0;-145;-580;-533;13;17;-150;
508670138;-7;-20;-138;-599;-534;-14;-12;-169;
508671219;-13;-8;-204;-652;-586;-12;150;-108;
508672257;-22;-9;-212;-632;-590;5;133;-112;
508673292;0;0;-216;-640;-672;16;159;-95;
508674318;-12;-5;-200;-695;-598;6;143;-92;
508675357;0;-2;-220;-643;-589;11;154;-103;
508676391;-9;-7;-205;-649;-580;8;163;-110;
508677417;-10;-6;-186;-645;-599;-2;147;-109;
508678454;10;16;-183;-615;-580;7;162;-97;
508679485;4;18;-194;-658;-579;6;148;-91;
508680521;-5;4;-221;-644;-585;5;149;-90;
508681553;-16;-10;-232;-651;-592;-3;139;-115;
508682584;-6;-1;-205;-646;-596;-2;149;-97;
508683608;-3;5;-200;-638;-599;3;148;-109;
508684641;-12;-10;-208;-647;-594;-8;137;-116;
508685668;4;-25;-212;-634;-571;9;166;-99;
508686696;5;0;-225;-637;-597;14;145;-112;
508687734;-8;-10;-205;-650;-587;-11;142;-121;
508688765;-5;-2;-200;-650;-572;-2;148;-108;
508689812;-18;-2;-198;-641;-582;1;148;-106;
508690838;-6;-4;-171;-635;-585;-1;151;-108;
508691873;-3;-1;-203;-618;-574;2;155;-105;
508692905;-11;-11;-231;-656;-601;46;142;-109;
508693940;-19;7;-188;-597;-588;9;145;-93;
508694968;0;1;-197;-643;-593;8;154;-87;
508696068;-8;-5;-202;-648;-599;88;137;-111;
508697108;0;-4;-208;-656;-598;8;146;-105;
508698138;-2;9;-184;-644;-580;6;155;-103;
508699168;-7;-2;-224;-647;-585;-14;146;-111;
508700201;-21;-14;-206;-656;-596;-2;135;-117;
508701231;0;-1;-196;-638;-581;-10;125;-122;
508702278;4;-1;-161;-543;-554;-2;41;-154;
508703341;4;3;-138;-577;-537;4;151;-100;
508717095;17;11;-101;-556;-486;3;-64;-173;
508718196;-5;-14;-26;-494;-422;-14;-263;-252;
508719316;1;8;15;-458;-397;3;-269;-236;
508720447;-9;-11;18;-465;-390;4;-293;-264;
508721522;-19;-6;18;-467;-393;3;-281;-252;
508722556;76;0;14;-415;-389;7;-393;-264;
508723661;-5;11;7;-437;-387;-1;-302;-251;
508724687;-17;-19;-56;-453;-399;-4;-333;-277;
508725718;-7;1;8;-449;-382;6;-436;-283;
508726784;7;-26;-63;-440;-382;5;-443;-276;
508727847;-4;15;-190;-414;-353;14;-492;-285;
508728880;1;-1;-231;-389;-339;1;-496;-285;
508729956;0;9;-249;-391;-339;10;-483;-287;
508730987;-9;2;-266;-403;-351;-1;-523;-296;
508732060;-25;0;-263;-400;-344;5;-412;-278;
508733172;-4;15;-195;-407;-343;17;-502;-286;
508734258;-3;3;-265;-391;-337;1;-505;-277;
508735368;-2;-11;-272;-399;-331;-10;-512;-303;
508736487;1;5;-279;-380;-328;15;-496;-322;
508737581;-4;6;-286;-402;-377;3;-505;-296;
508738696;-10;-10;-155;-548;-509;1;106;-109;
508739744;-21;-9;-69;-619;-576;-9;158;-135;
508740789;-2;-1;-51;-605;-578;5;156;-131;
508741824;-6;-13;-79;-662;-578;-8;156;-60;
508742855;-6;15;-59;-619;-575;2;165;-129;
508743890;44;0;-60;-642;-581;-36;157;-140;
508744926;0;-5;-66;-622;-593;6;173;-129;
508745961;6;0;-55;-626;-584;0;168;-125;
508746989;8;0;-58;-630;-585;-19;158;-132;
508748016;-12;10;-55;-621;-570;9;152;-124;
508749048;-2;-11;-56;-637;-581;8;161;-124;
508750084;-12;-10;-64;-641;-576;-9;158;-122;
508751107;30;-6;-64;-620;-571;9;159;-116;
508752144;-8;8;-66;-638;-586;13;167;-117;
508753177;-2;1;-61;-644;-588;-13;162;-121;
508754217;-2;-2;-60;-635;-567;13;155;-124;
508755249;-23;-22;-82;-656;-577;-19;137;-129;
508756284;4;-1;-55;-662;-577;-1;154;-127;
508757319;23;1;-72;-639;-560;7;168;-112;
508758353;-8;-3;-71;-628;-578;-12;150;-126;
508759450;-37;-4;-72;-621;-539;-3;154;-107;
508760525;-3;0;-64;-632;-566;9;159;-116;
508761555;-13;0;-75;-644;-575;-4;147;-119;
508762586;-10;-6;-62;-625;-574;-10;153;-127;
508763613;-3;0;-55;-640;-568;5;167;-123;
508764645;0;4;-74;-640;-558;7;166;-117;
508765722;-7;8;-75;-648;-590;-3;155;-129;
508766837;-9;7;-69;-624;-576;4;156;-121;
508767938;5;5;-58;-623;-579;14;148;-103;
508769058;-10;-8;-85;-632;-569;12;145;-123;
508770174;10;1;-62;-628;-570;14;159;-96;
508771276;-4;-10;-62;-645;-567;-4;165;-113;
508772350;-7;-6;-69;-637;-572;0;150;-113;
508773381;5;49;-67;-645;-564;-5;169;-111;
508774418;-17;17;-68;-640;-580;-33;170;-107;
508775447;-13;-10;-54;-624;-578;-5;163;-115;
508776476;-16;-17;-84;-644;-582;-5;152;-119;
508777502;0;-1;-58;-637;-571;-9;174;-119;
508778531;8;7;-56;-618;-553;18;173;-107;
508779561;-26;-30;-100;-660;-603;-11;128;-140;
508780589;-5;-14;-63;-623;-569;-5;149;-123;
508781629;-11;-18;-73;-634;-604;-6;150;-126;
508782663;1;-4;-73;-634;-579;-4;151;-118;
508783684;-16;3;-63;-635;-573;15;162;-115;
508784718;0;-3;-82;-652;-581;-13;137;-120;
508785752;-1;2;-76;-633;-573;10;154;-104;
508786799;-10;-10;-90;-650;-548;7;111;-72;
508787834;-1;0;-98;-596;-530;0;96;-63;
508788877;-1;0;-107;-593;-528;8;104;-58;
508789910;13;1;-107;-590;-527;-1;106;-62;
508790935;-13;2;-65;-594;-512;1;111;-69;
508791970;46;1;-120;-580;-529;10;90;-57;
508792995;1;-8;-113;-580;-525;1;100;-59;
508794021;-9;0;-103;-594;-512;7;101;-59;
508795054;11;8;-137;-595;-531;-1;99;-54;
508796087;-3;10;-173;-579;-531;-3;89;-56;
508797109;1;1;-175;-588;-530;7;97;-57;
508798141;6;-5;-183;-596;-519;-4;95;-56;
508799167;-1;-5;-151;-571;-489;14;-112;-154;
508800192;6;-2;-33;-488;-418;8;-200;-192;
508801215;-9;-3;-34;-490;-415;-1;-233;-211;
508802253;-11;-15;-160;-447;-372;-13;-423;-264;
508803293;-10;-5;-236;-429;-372;-18;-441;-292;
508804330;-6;-5;-252;-422;-363;1;-445;-250;
508834592;-8;-27;-181;-596;-510;-14;77;-77;
508835694;3;-13;-170;-585;-514;0;93;-53;
508836791;5;-4;-164;-589;-534;1;91;-45;
508837892;-13;-17;-190;-604;-537;-12;79;-73;
508838924;1;-5;-183;-586;-522;1;90;-63;
508840015;-3;-6;-179;-580;-527;-2;101;-47;
508841056;-6;-2;-173;-571;-539;6;98;-58;
508842097;-5;7;-164;-579;-531;11;93;-48;
508843176;0;4;-163;-590;-520;1;96;-43;
508844225;-5;-3;-177;-592;-531;-5;90;-66;
508845265;-3;-19;-178;-604;-529;-11;-102;-160;
508846297;-6;-10;-64;-508;-432;-10;-162;-172;
508847326;8;0;-23;-477;-402;16;-220;-196;
508848358;15;-2;-23;-475;-409;1;-218;-201;
508849388;0;-21;-4;-473;-401;4;-219;-216;
508850415;-1;-6;1;-479;-388;7;-370;-233;
508851449;-3;-8;-184;-445;-377;7;-409;-237;
508852472;-5;-5;-116;-441;-382;17;-345;-229;
508853563;12;0;-150;-436;-357;5;-364;-243;
508854684;-21;-10;-132;-445;-364;-4;-377;-246;
508855785;-7;-2;-221;-427;-368;-10;-438;-249;
508856887;10;-5;-230;-418;-352;-46;-452;-264;
508857987;6;-8;-242;-410;-343;-5;-449;-255;
508859082;-2;-16;-265;-426;-351;6;-459;-257;
508860107;0;-4;-253;-417;-339;3;-471;-271;
508861139;3;-10;-257;-412;-345;3;-460;-263;
508862174;-1;-5;-264;-416;-351;-5;-463;-194;
508863210;7;49;-263;-414;-355;7;-466;-268;
508864242;8;-3;-266;-409;-336;4;-465;-262;
508865269;-13;-6;-281;-318;-353;-5;-486;-277;
508866298;-7;-8;-249;-412;-356;0;100;-97;
508867325;-3;-7;-99;-574;-521;11;98;-60;
508868357;13;-5;-173;-602;-535;-5;83;-78;
508869388;1;-9;-188;-601;-535;15;83;-86;
508870468;-5;2;-174;-595;-536;-3;80;-57;
508871536;-6;-10;-180;-583;-512;-12;88;-54;
508872566;-3;-24;-178;-584;-530;0;101;-42;
508873595;3;5;-143;-579;-507;12;95;-61;
508874668;-5;0;-124;-576;-514;2;106;-56;
508875713;51;-7;-136;-600;-523;-2;92;-75;
508876782;15;8;-101;-581;-494;13;104;-62;
508877907;-15;-11;-128;-596;-531;-16;83;-83;
508879002;1;-10;-123;-559;-516;3;109;-14;
508880110;-44;-10;-109;-616;-559;-6;136;-102;
508881217;-14;-15;-101;-619;-559;-9;122;-115;
508882334;0;-4;-82;-620;-559;0;146;-86;
508883383;-12;-18;-77;-627;-570;-9;134;-110;
508884419;2;-8;-87;-599;-556;9;142;-98;
508885448;24;-12;-74;-621;-564;0;151;-104;
508886481;5;-4;-81;-632;-540;9;138;-104;
508887511;-14;-14;-90;-644;-553;-17;144;-112;
508888549;-6;10;-83;-620;-563;7;136;-99;
508889578;4;-13;-85;-649;-537;-3;142;-110;
508890605;-2;-1;-81;-622;-564;13;142;-103;
508891636;2;-2;-75;-631;-552;13;181;-101;
508892665;-2;-9;-69;-642;-577;0;155;-108;
508893694;7;0;-58;-629;-560;7;153;-103;
508894720;-3;-3;-88;-655;-572;-6;146;-117;
508895758;-1;-5;-79;-614;-568;2;149;-101;
508896787;9;-6;-77;-622;-568;19;147;-108;
508897814;-4;-21;-83;-643;-571;-15;131;-118;
508898844;0;-5;-73;-637;-577;12;160;-104;
508899873;3;-6;-87;-649;-565;-4;149;-103;
508900906;2;-3;-77;-627;-569;0;152;-116;
508901958;8;-3;-80;-641;-562;-3;146;-118;
508902987;-7;-28;-92;-634;-583;-15;144;-130;
508904027;7;1;-64;-628;-572;8;149;-112;
508905055;-12;0;-84;-642;-641;3;156;-113;
508906088;6;10;-68;-639;-568;0;147;-112;
508907124;-26;-8;-185;-656;-581;-15;137;-123;
508908169;-9;-7;-79;-645;-574;3;138;-100;
508909201;0;-1;-62;-622;-565;0;152;-100;
508910234;5;4;-61;-633;-561;13;163;-98;
508911268;64;81;-7;-504;-499;67;217;-40;
508912310;7;7;-84;-669;-569;6;151;-106;
508913339;-5;2;-42;-633;-560;6;155;-118;
508914376;-11;13;-88;-636;-574;-16;149;-119;
508915412;9;9;-80;-622;-564;-2;149;-117;
508949973;-12;-11;-306;-422;-351;-10;-473;-274;
508951082;5;0;-287;-414;-348;9;-468;-257;
508952183;-6;7;-294;-402;-328;-5;-480;-265;
508953282;-5;-6;-289;-406;-342;-5;-487;-263;
508954307;-2;10;-285;-407;-342;-25;-478;-259;
508955345;6;1;-299;-415;-341;-6;-486;-271;
508956376;0;1;-78;-444;-373;5;-274;-247;
508957404;-13;-3;-20;-449;-374;-4;-288;-281;
508958438;-7;9;19;-469;-381;9;-284;-245;
508959477;-11;2;4;-464;-414;-9;-307;-269;
508960502;0;-3;-4;-461;-368;9;-306;-242;
508961540;-10;6;12;-462;-368;2;-301;-260;
508962566;-73;-69;-69;-528;-441;-65;-385;-322;
508963592;-51;7;22;-461;-359;-3;-314;-260;
508964621;-10;-3;14;-476;-393;-12;-312;-256;
508965655;-1;-6;10;-468;-368;-4;-326;-263;
508966693;-4;18;21;-452;-373;6;-309;-245;
508967764;7;11;-14;-444;-353;0;-305;-253;
508968844;4;-6;19;-449;-371;-5;-327;-267;
508969878;-8;-9;-62;-461;-380;-6;-316;-274;
508970909;8;-1;14;-458;-371;-3;-319;-260;
508971955;2;10;34;-448;-359;4;-314;-258;
508972984;8;0;36;-441;-363;9;-314;-269;
508974032;2;2;46;-445;-357;7;-351;-269;
508975096;-11;3;27;-447;-364;8;-324;-275;
508976129;-10;0;35;-445;-362;9;-327;-260;
508977171;20;27;44;-413;-350;21;-323;-261;
508978208;-8;-1;32;-450;-370;-8;-335;-278;
508979244;-27;-19;20;-448;-375;11;-341;-303;
508980279;-15;3;24;-448;-373;-11;-346;-276;
508981313;-8;4;27;-444;-370;8;-329;-275;
508982350;9;2;36;-443;-357;2;-317;-279;
508983384;-12;-11;24;-449;-360;16;-338;-276;
508984453;0;-4;32;-425;-361;-2;-329;-292;
508985545;8;-4;26;-445;-355;13;-336;-282;
508986674;-12;-7;25;-452;-373;0;-335;-290;
508987795;18;5;34;-427;-356;-7;74;-74;
508988891;-4;0;-182;-589;-515;17;92;-78;
508989993;7;-2;-177;-578;-517;1;82;-71;
508991029;-8;-5;-181;-587;-519;-5;91;-70;
508992069;11;4;-186;-586;-519;-4;91;-66;
508993093;-11;-9;-195;-592;-530;-17;76;-86;
508994124;1;5;-182;-564;-515;1;88;-61;
508995162;4;-3;-172;-582;-510;5;90;-78;
508996195;-1;0;-171;-581;-516;7;79;-74;
508997220;3;-7;-196;-588;-524;-17;71;-82;
508998250;-14;-1;-188;-584;-512;-3;73;-70;
508999281;7;8;-175;-568;-504;8;86;-69;
509000305;2;13;-177;-580;-502;12;90;-66;
509001335;-10;-10;-203;-591;-524;-11;80;-67;
509002362;-13;-17;-204;-588;-529;-13;73;-76;
509003394;4;-3;-189;-584;-526;12;79;-80;
509004435;-23;-28;-209;-601;-542;-8;53;-82;
509005462;-5;-18;-203;-600;-532;-10;67;-96;
509006493;-13;-2;-193;-590;-523;-7;86;-86;
509007523;-3;1;-201;-589;-523;3;80;-86;
509008552;-32;-8;-207;-605;-524;-18;55;-101;
509009580;4;6;-130;-576;-500;9;94;-73;
509010608;2;0;-199;-589;-524;2;82;-107;
509011656;4;-3;-192;-577;-524;-3;91;-77;
509012742;-8;-8;-188;-572;-523;-5;81;-84;
509013769;12;1;-187;-577;-516;0;79;-66;
509014803;10;20;-176;-570;-498;11;111;-66;
509015835;82;72;-112;-517;-439;84;167;-15;
509016894;11;10;-203;-582;-516;-5;89;-77;
509017940;14;13;-183;-574;-513;8;66;-80;
509018982;14;6;-185;-575;-504;-1;78;-66;
509020014;-1;9;-198;-571;-510;5;95;-78;
509021054;16;-2;-189;-574;-510;3;92;-84;
509022090;3;13;-191;-556;-498;0;95;-74;
509023127;0;2;-189;-576;-515;13;85;-85;
509033364;-7;8;-186;-567;-506;0;81;-93;
509034479;0;4;-193;-598;-512;-6;87;-104;
509035593;8;16;-195;-575;-516;12;89;-104;
509036699;1;9;-220;-576;-525;14;96;-105;
509037832;1;6;-198;-559;-505;9;86;-90;
509038934;-24;6;-202;-569;-511;2;91;-103;
509040019;11;22;-196;-580;-489;-1;96;-103;
509041056;9;39;-199;-572;-498;2;88;-88;
509042139;-1;20;-223;-573;-503;0;93;-106;
509043177;-3;11;-194;-550;-499;-9;84;-111;
509044208;13;15;-200;-559;-505;-8;77;-119;
509045243;-7;3;-194;-569;-493;1;79;-106;
509046286;-4;5;-220;-565;-502;6;87;-115;
509047361;3;25;-220;-567;-510;6;89;-118;
509048446;-4;9;-204;-576;-506;-8;83;-133;
509049559;20;11;-204;-565;-509;-2;90;-131;
509050642;-4;-7;-209;-572;-507;-9;84;-163;
509051768;11;15;-197;-559;-502;0;88;-128;
509052858;2;11;-184;-562;-512;5;88;-110;
509053985;0;11;-226;-584;-506;16;127;-125;
509055099;-4;8;-233;-584;-503;-13;70;-136;
509056201;63;63;-141;-509;-471;68;148;-66;
509057310;-96;9;-202;-574;-517;-7;93;-127;
509058410;-6;1;-222;-576;-508;-1;98;-141;
509059528;0;-23;-244;-565;-543;13;100;-116;
509060616;0;14;-180;-580;-515;0;87;-165;
509061722;4;5;-203;-583;-509;4;97;-131;
509062765;-3;0;-200;-588;-513;-8;98;-133;
509063891;-6;-6;-235;-590;-530;-7;88;-156;
509064966;21;34;-189;-566;-495;23;105;-129;
509065994;1;10;-228;-577;-514;-8;74;-148;
509067034;5;10;-194;-567;-506;0;93;-141;
509068093;-15;-3;-231;-587;-513;-11;85;-154;
509069138;11;21;-223;-564;-517;0;89;-134;
509070165;6;12;-195;-576;-502;14;91;-152;
509071221;3;-15;-202;-580;-502;5;91;-160;
509072253;-1;4;-230;-597;-525;-1;94;-176;
509073285;8;5;-220;-575;-500;-2;93;-169;
509074310;-15;7;-207;-622;-518;-5;86;-163;
509075347;4;-9;-203;-602;-521;0;81;-177;
509076376;2;9;-203;-584;-520;19;91;-160;
509077409;2;23;-188;-567;-508;3;106;-151;
509078443;5;11;-220;-581;-508;0;96;-169;
509079475;1;7;-208;-586;-504;3;82;-172;
509080528;-10;-4;-229;-598;-507;-9;95;-172;
509081642;-27;2;-190;-583;-501;4;100;-170;
509082752;0;16;-216;-589;-504;0;88;-173;
509083866;-5;-3;-205;-648;-523;-10;76;-189;
509084989;-8;1;-201;-578;-517;0;80;-275;
509086082;-1;10;-104;-496;-420;-9;-172;-354;
509087156;0;12;-53;-469;-391;0;-220;-371;
509088192;1;4;-53;-463;-376;1;-225;-406;
509089216;-1;-4;-61;-466;-387;-11;-257;-423;
509090255;-9;-3;-46;-458;-359;-15;-275;-425;
509091297;4;13;-22;-432;-358;4;-261;-441;
509092324;6;5;-26;-436;-346;1;-272;-436;
509093356;0;-2;-9;-429;-352;1;-278;-464;
509094389;8;2;-17;-438;-343;4;94;-233;
509095417;-4;13;-220;-576;-490;-7;121;-194;
509096454;-6;6;-222;-585;-515;3;6;-204;
509097483;0;4;-173;-542;-454;-1;-146;-384;
509098514;-8;-5;-80;-481;-370;-10;-176;-394;
509099554;0;7;-25;-463;-374;0;-227;-439;
509100588;-17;4;-51;-460;-366;-14;-259;-487;
509101626;-11;41;-39;-458;-369;-23;-233;-489;
509102659;-17;-11;-46;-449;-361;-1;-210;-486;
509103685;4;4;-29;-448;-357;9;-196;-459;
509104717;-9;-15;-50;-460;-377;-6;-198;-473;
509105756;-10;-4;-51;-462;-386;1;-144;-440;
509106791;-15;-5;-68;-483;-392;-2;-133;-444;
509107824;-6;-9;-74;-486;-400;-4;-122;-446;
509108869;-2;-8;-86;-443;-395;-8;-123;-420;
509109897;-22;-30;-110;-514;-438;-10;-120;-500;
509110933;-13;-22;-100;-496;-421;-16;-129;-473;
509111967;-7;1;-96;-491;-405;6;-116;-465;
509112989;-15;-21;-98;-505;-418;-11;-127;-483;
509114016;0;-9;-83;-495;-411;1;-103;-480;
509115047;-9;-21;-105;-494;-423;-5;-105;-495;
509116073;-1;-5;-78;-499;-420;8;-74;-466;
509117103;-12;-17;-97;-494;-415;3;-86;-469;
509118158;-8;-24;-98;-496;-406;-4;-82;-473;
509119259;-20;-40;-98;-512;-427;-29;-94;-505;
509120913;-4;-24;-86;-504;-411;-1;-82;-478;
509122027;5;-15;-93;-540;-411;2;-73;-476;
509123134;4;-29;-77;-509;-418;19;-82;-500;
509124233;-7;-46;-97;-492;-428;-2;-134;-514;
509125330;-13;-53;-112;-513;-426;7;-136;-498;
509126361;-1;-27;-73;-486;-410;6;-87;-491;
509127391;-14;-62;-91;-517;-429;-3;-94;-497;
509128437;1;-36;-87;-510;-424;3;-92;-489;
509129469;7;-44;-82;-498;-520;5;-77;-493;
509130494;-10;-41;-76;-522;-424;-10;-104;-489;
509131523;-10;-29;-99;-515;-460;9;-87;-494;
509132555;-3;-47;-101;-519;-420;-5;-95;-498;
509133584;-24;-59;-232;-535;-402;-12;-100;-496;
509134610;0;-53;-44;-517;-421;9;-90;-477;
509135642;-1;-50;-102;-505;-413;-5;-150;-516;
509136686;-7;-74;-116;-515;-411;-2;-192;-518;
509137728;-25;-94;-107;-528;-439;-6;-102;-520;
509138837;-9;-76;-96;-515;-415;0;-87;-489;
509139862;-7;-51;-87;-515;-422;9;56;-411;
509140894;-11;-61;-144;-631;-551;0;152;-325;
509141940;-24;-51;-157;-656;-564;-15;152;-338;
509142984;8;-44;-99;-647;-557;4;179;-374;
509144064;-16;-42;-64;-651;-559;-5;176;-357;
509145147;-17;-39;-62;-647;-560;-1;172;-344;
509146169;-21;-62;-86;-656;-556;-4;182;-342;
509147238;10;-43;-48;-645;-556;2;184;-338;
509148278;-24;-85;-73;-657;-560;-5;169;-360;
509149344;-17;-82;-62;-665;-545;-4;198;-352;
509150453;-18;-65;-83;-649;-565;-5;167;-342;
509151559;-9;-51;-76;-661;-543;3;138;-337;
509152679;4;-41;-73;-635;-558;4;185;-336;
509153776;-10;-40;-69;-632;-555;4;177;-333;
509154879;-17;-35;-95;-638;-584;-33;215;-345;
509155939;-29;-35;-93;-628;-567;4;183;-311;
509156974;-11;52;-77;-635;-537;-5;200;-347;
509157997;-10;-25;-98;-603;-526;-3;190;-334;
509159026;-8;-6;-77;-619;-556;11;102;-350;
509160076;-3;-1;-99;-612;-545;13;159;-345;
509161149;-10;-27;-134;-614;-545;15;181;-349;
509162227;-25;-6;-92;-625;-557;-12;183;-349;
509163273;-32;-47;-96;-626;-558;-4;175;-340;
509164309;-7;-54;-83;-620;-561;13;156;-334;
509165358;-14;-42;-108;-611;-561;2;203;-351;
509166448;-10;-27;-93;-611;-538;0;184;-321;
509167542;-28;-41;-106;-595;-557;-5;107;-352;
509168640;-6;-28;-128;-597;-545;2;117;-342;
509169744;-9;-11;-114;-595;-529;-2;189;-351;
509170864;-14;-43;-131;-603;-561;-8;160;-337;
509171945;6;10;-85;-593;-539;11;203;-282;
509173035;3;-23;-116;-610;-546;0;185;-322;
509174151;23;8;-84;-609;-525;24;204;-310;
509175273;-13;-30;-107;-622;-539;-6;179;-339;
509176381;4;-25;-110;-603;-552;-2;197;-324;
509177511;6;-23;-123;-611;-545;-4;188;-335;
509178608;2;-27;-120;-596;-555;14;179;-330;
509179713;6;-34;-113;-619;-547;-7;167;-328;
509180818;0;-20;-112;-603;-541;-10;158;-331;
509181942;6;-3;-106;-609;-546;0;174;-338;
509183044;-6;-12;-121;-624;-555;-15;169;-341;
509184123;4;11;-116;-608;-550;8;181;-323;
509185157;10;82;-129;-612;-552;2;157;-328;
509186267;11;23;-121;-600;-541;4;183;-326;
509187387;10;62;-135;-654;-555;-9;161;-345;
509188499;27;73;-117;-609;-550;2;171;-333;
509189605;104;144;-21;-513;-457;104;274;-225;
509190699;6;46;-113;-621;-547;-2;182;-328;
509191810;16;40;-116;-602;-529;19;163;-319;
509192913;12;53;-136;-614;-554;-6;154;-327;
509194000;10;47;-116;-608;-562;-3;169;-332;
509195029;12;50;-123;-623;-547;10;172;-319;
509196066;26;40;-120;-608;-532;10;171;-323;
509197109;21;41;-119;-610;-532;6;172;-310;
509198142;28;42;-109;-616;-541;3;280;-327;
509199170;25;44;-118;-619;-541;-4;161;-310;
509200195;32;36;-102;-613;-536;20;163;-321;
509201217;24;37;-112;-620;-535;1;157;-331;
509202296;43;36;-114;-606;-537;16;169;-317;
509203325;30;47;-68;-623;-535;-5;162;-321;
509204354;28;67;-114;-614;-541;3;166;-309;
509205397;29;57;-75;-625;-542;-6;161;-317;
509206472;46;53;-113;-614;-518;4;171;-292;
509207501;31;42;-118;-624;-536;-30;169;-317;
509208541;-32;-38;-178;-684;-586;-61;106;-375;
509209625;34;37;-130;-627;-541;-6;173;-312;
509210746;33;32;-125;-641;-539;-9;162;-319;
509211842;52;48;-121;-624;-543;-6;162;-312;
509212940;46;42;-108;-640;-523;10;195;-305;
509214041;35;46;-121;-641;-545;0;176;-273;
509215145;36;32;-129;-648;-519;5;176;-317;
509216168;42;38;-105;-610;-541;-2;186;-311;
509217201;39;18;-127;-650;-541;-11;181;-320;
509218243;48;48;-117;-643;-519;0;180;-327;
509219305;40;29;-72;-633;-535;13;175;-253;
509220369;40;34;-118;-645;-489;0;-375;-513;
509221446;56;41;-329;-415;-313;6;-409;-554;
509222471;49;38;-323;-422;-306;1;-426;-549;
509223563;45;47;-321;-417;-303;0;-528;-563;
509224668;34;26;-327;-417;-305;4;-419;-572;
509225774;49;39;-325;-423;-302;8;-429;-625;
509226873;29;16;-332;-433;-313;-20;-436;-574;
509227975;39;42;-323;-425;-298;0;-412;-548;
509229078;42;41;-306;-426;-295;1;-388;-555;
509230109;36;45;-320;-423;-298;0;-425;-567;
509231139;40;42;-311;-418;-311;3;-412;-554;
509232173;34;11;-307;-419;-313;13;-420;-558;
509233210;47;35;-308;-407;-301;8;-408;-547;
509234244;49;36;-319;-420;-304;15;-406;-557;
509235270;43;26;-328;-422;-311;-7;-439;-572;
509236301;26;21;-317;-427;-314;-6;-423;-574;
509237330;35;35;-329;-429;-309;0;-407;-542;
509238356;33;24;-305;-428;-323;-2;-365;-545;
509239388;36;18;-231;-465;-343;0;-366;-533;
509240421;-67;-30;-293;-432;-322;-6;-386;-551;
509241450;23;-22;-152;-518;-391;-5;-174;-490;
509242480;35;11;-156;-481;-361;1;-171;-476;
509243505;25;37;-143;-493;-373;1;-161;-477;
509244615;23;12;-143;-498;-385;-11;-168;-490;
509245651;13;26;-114;-509;-384;-11;-87;-330;
509246681;17;16;-301;-652;-498;-30;153;-307;
509247721;11;34;-283;-669;-548;0;33;-366;
509248766;20;18;-170;-526;-413;-7;-159;-469;
509249835;25;20;-125;-507;-387;-1;-198;-465;
509250862;12;18;-120;-498;-376;8;-224;-475;
509251888;1;24;-104;-489;-351;-2;-233;-479;
509252917;27;31;-97;-479;-341;8;-258;-475;
509253950;30;24;-105;-486;-363;9;-271;-493;
509254980;8;25;-108;-494;-356;10;-239;-494;
509256010;18;23;-91;-482;-331;5;-225;-491;
509257046;20;23;-86;-486;-356;-3;-288;-488;
509258071;8;18;-105;-491;-310;-6;-294;-501;
509259109;11;25;-91;-488;-336;0;-256;-501;
509260142;0;25;-87;-482;-343;6;-235;-495;
509261177;-15;31;-88;-484;-347;-3;-279;-505;
509262211;12;20;-86;-483;-337;8;-237;-507;
509288408;33;16;-58;-662;-516;-9;166;-289;
509289533;41;2;-56;-668;-527;-9;157;-295;
509290635;49;0;-69;-669;-517;43;172;-249;
509291737;42;15;-115;-540;-423;-10;160;-306;
509292835;67;12;-231;-475;-271;-11;-484;-561;
509293866;38;19;-182;-540;-355;-19;-468;-549;
509294899;50;26;-219;-526;-397;5;188;-319;
509295944;45;16;-158;-498;-325;6;-186;-439;
509297042;21;14;-73;-628;-478;-4;172;-289;
509298088;52;21;-55;-665;-539;0;171;-284;
509299131;-50;11;-54;-655;-518;-3;182;-278;
509300163;27;-1;-87;-695;-539;-13;138;-303;
509301234;35;5;-60;-678;-524;-13;170;-292;
509302276;48;10;-132;-626;-493;2;170;-322;
509303310;35;10;-168;-620;-441;0;-144;-455;
509304342;25;14;-77;-655;-506;9;180;-278;
509305376;51;28;-117;-556;-367;8;-87;-425;
509306423;36;9;-188;-607;-502;-13;164;-295;
509307533;16;13;-87;-681;-531;-13;160;-295;
509308640;34;24;-75;-668;-515;5;168;-270;
509309774;39;11;-79;-664;-535;-16;163;-292;
509310886;21;0;-81;-687;-527;-18;137;-289;
509311987;63;46;-46;-642;-487;25;206;-244;
509313095;47;11;-77;-658;-515;5;166;-278;
509314205;34;26;-88;-626;-521;-1;181;-274;
509315314;45;19;-81;-665;-522;-7;166;-261;
509316357;43;26;-83;-662;-517;12;176;-257;
509317454;37;18;-87;-662;-521;-3;162;-273;
509318490;40;8;-79;-669;-521;-5;162;-287;
509319532;46;15;-79;-650;-516;1;179;-270;
509320565;50;26;-87;-668;-517;0;160;-258;
509321592;47;23;-92;-671;-508;7;173;-280;
509322624;35;28;-78;-645;-516;-91;143;-258;
509323655;45;19;-79;-665;-515;-4;173;-279;
509324689;38;25;-78;-669;-513;-3;170;-265;
509325717;36;15;-127;-653;-514;-6;158;-269;
509326747;47;26;-83;-645;-516;9;256;-240;
509327777;59;46;-89;-648;-497;29;178;-263;
509328805;8;18;-93;-665;-523;12;171;-285;
509329915;105;99;-3;-577;-441;74;250;-192;
509331034;37;20;-89;-662;-506;3;162;-270;
509332138;32;18;-77;-663;-526;-3;159;-278;
509333222;22;6;-91;-670;-524;-11;178;-283;
509334317;29;21;-82;-658;-523;9;174;-274;
509335344;35;13;-91;-660;-513;5;167;-271;
509336388;30;17;-87;-663;-516;-4;163;-277;
509337424;30;18;-90;-674;-525;-8;155;-273;
509338465;34;26;-107;-656;-512;-4;169;-265;
509339501;32;20;-84;-649;-503;2;169;-270;
509340528;42;11;-76;-669;-515;3;162;-261;
509341555;34;15;-84;-650;-513;-1;172;-264;
509342584;35;28;-74;-655;-502;-3;174;-272;
509343611;39;14;-65;-674;-506;7;181;-267;
509344643;35;27;-75;-665;-539;11;167;-269;
509345668;-9;-8;-119;-699;-552;-26;129;-294;
509346705;30;19;-95;-676;-518;-8;163;-259;
509347732;26;-17;-75;-667;-528;4;155;-275;
509348765;41;25;-81;-670;-504;2;155;-278;
509349796;31;6;-100;-683;-527;-17;158;-279;
509350835;37;18;-83;-674;-523;0;160;-269;
509351868;21;20;-100;-677;-520;0;142;-283;
509352898;6;0;-109;-687;-537;-23;135;-289;
509353926;37;14;-77;-666;-516;3;171;-269;
509354953;17;11;-77;-672;-504;2;157;-275;
509355988;13;8;-96;-679;-523;-6;153;-275;
509357023;21;25;-89;-672;-512;5;161;-266;
509358056;26;9;-71;-656;-481;4;154;-256;
509359084;19;12;-84;-672;-512;0;208;-278;
509360119;26;19;-80;-675;-509;0;165;-279;
509361150;26;-17;-80;-668;-514;1;158;-267;
509362185;19;6;-99;-669;-528;-16;141;-266;
509363217;27;14;-93;-679;-528;-4;158;-277;
509364285;22;5;-5;-689;-526;-16;158;-285;
509365351;82;22;-89;-660;-505;10;168;-358;
509366384;30;8;-101;-669;-494;-11;147;-282;
509367421;25;20;-242;-642;-537;-4;144;-238;
509376856;26;14;-196;-680;-533;9;153;-247;
509377950;34;22;-237;-643;-525;4;171;-224;
509379042;-1;2;-286;-708;-562;-35;133;-270;
509380136;21;25;-244;-678;-520;-1;154;-241;
509381178;15;7;-268;-694;-543;2;146;-245;
509382209;29;13;-268;-677;-541;2;150;-239;
509383243;-8;40;-223;-660;-493;28;179;-214;
509384329;16;8;-270;-698;-552;-12;142;-249;
509385391;25;8;-280;-658;-465;1;-111;-384;
509386435;26;26;-112;-534;-387;0;-386;-475;
509387464;32;19;-319;-419;-282;-2;-473;-520;
509388498;25;11;-327;-435;-267;-4;-469;-526;
509389533;25;26;-320;-436;-265;6;-486;-554;
509390565;22;19;-317;-434;-273;-3;-483;-518;
509391595;18;16;-317;-433;-288;-6;-470;-533;
509392626;15;12;-195;-486;-336;-1;163;-284;
509393658;35;21;-170;-584;-476;6;166;-259;
509394688;16;15;-185;-673;-525;-1;158;-259;
509395766;49;19;-168;-673;-394;16;155;-249;
509396841;14;1;-232;-670;-506;-3;-136;-300;
509397959;9;11;-248;-656;-512;-15;-133;-306;
509399016;20;16;-244;-636;-486;-5;-121;-229;
509400054;37;41;-245;-644;-477;15;-126;-224;
509401090;-4;13;-245;-640;-492;0;-132;-276;
509402128;66;15;-245;-645;-482;12;-119;-274;
509403158;14;16;-232;-648;-487;13;-128;-301;
509404210;19;8;-249;-651;-492;1;-108;-286;
509405330;51;43;-211;-621;-463;21;-103;-262;
509406441;20;10;-242;-644;-490;2;-131;-286;
509407542;-22;0;-177;-646;-487;-7;-208;-301;
509408648;26;9;-170;-638;-480;13;-135;-293;
509409755;14;13;-223;-643;-495;8;-123;-282;
509410822;13;15;-226;-645;-486;0;-136;-300;
509411886;3;10;-156;-648;-490;47;-145;-313;
509412937;18;3;-151;-634;-472;-1;-132;-312;
509413974;18;4;-160;-644;-476;-4;-144;-312;
509415039;9;50;-134;-629;-471;16;-131;-290;
509416104;21;8;-144;-626;-469;13;-130;-291;
509417140;19;16;-138;-643;-480;8;-142;-310;
509418202;17;18;-139;-614;-465;4;-133;-301;
509419243;7;9;-152;-652;-480;-8;-108;-300;
509420270;69;67;-52;-621;-454;61;215;-205;
509421301;24;18;-99;-671;-515;0;157;-265;
509422327;14;1;-110;-682;-515;-6;156;-269;
509423355;15;11;-107;-669;-528;-4;152;-275;
509424388;13;10;-107;-671;-528;-5;159;-270;
509425461;8;9;-116;-680;-524;-5;205;-276;
509426505;10;14;-114;-694;-519;-18;147;-277;
509427556;14;5;-105;-682;-510;-8;161;-266;
509428645;16;15;-119;-686;-523;-10;147;-275;
509429770;1;2;-118;-685;-525;-8;147;-280;
509430887;20;7;-137;-664;-510;5;162;-268;
509432005;19;7;-90;-679;-512;7;150;-267;
509433095;5;11;-107;-673;-515;0;158;-250;
509434191;6;15;-103;-677;-511;0;159;-273;
509435302;17;21;-99;-667;-510;10;151;-251;
509436386;16;11;-90;-670;-511;2;156;-254;
509437423;9;9;-105;-689;-518;-9;162;-258;
509438464;-17;-133;-221;-692;-517;4;163;-261;
509439499;16;21;-107;-687;-507;8;151;-262;
509440532;16;17;-94;-673;-518;9;158;-274;
509441574;-6;-3;-115;-689;-527;-10;145;-269;
509442607;8;-4;-119;-694;-507;-5;121;-357;
509443729;11;15;-101;-669;-505;4;163;-259;
509444845;21;30;-160;-528;-309;14;-446;-502;
509445944;5;17;-310;-455;-274;5;-465;-536;
509447038;19;16;-308;-452;-307;0;-473;-531;
509448146;4;1;-305;-446;-269;-4;-471;-513;
509449171;13;13;-309;-431;-282;13;-462;-518;
509450203;16;17;-302;-445;-287;-2;-469;-531;
509451225;19;5;-190;-547;-407;1;105;-300;
509452256;12;10;-91;-686;-492;8;-413;-427;
509453293;-10;2;-155;-683;-521;-1;152;-267;
509454321;15;8;-77;-678;-504;0;164;-268;
509455367;13;9;-76;-678;-515;-5;155;-280;
509456397;103;6;-118;-687;-509;6;174;-271;
509457438;4;58;-90;-686;-528;-9;145;-267;
509458468;24;9;-99;-695;-514;0;164;-244;
509459501;4;8;-96;-684;-517;3;157;-256;
509460528;-5;-1;-113;-699;-520;-4;148;-271;
509461556;5;9;-99;-683;-519;-4;153;-273;
509462585;1;14;-90;-675;-520;-2;153;-275;
509463609;-6;4;-92;-677;-512;-3;142;-267;
509464642;-10;-5;-109;-689;-529;-14;128;-283;
509465679;5;17;-83;-677;-520;3;159;-270;
509466708;8;0;-79;-680;-517;12;157;-274;
509467744;-1;5;-94;-684;-512;5;156;-271;
509468791;3;6;-103;-681;-519;3;153;-281;
509469876;2;4;-101;-690;-526;-14;147;-274;
509470910;1;13;-91;-680;-517;13;154;-257;
509471941;-3;18;-91;-541;-521;102;160;-268;
509472974;1;8;-103;-674;-515;-3;146;-300;
509474010;-4;3;-103;-689;-530;-6;149;-278;
509475047;11;7;-88;-677;-513;3;176;-273;
509476128;4;20;-90;-689;-520;0;149;-276;
509477231;6;7;-89;-679;-512;1;161;-267;
509478272;13;17;-85;-676;-498;13;166;-259;
509479329;13;3;-94;-694;-522;-5;152;-273;
509480378;14;18;-106;-685;-514;-3;152;-272;
509481416;8;6;-84;-671;-499;3;153;-255;
509485988;11;15;-101;-683;-512;-8;132;-280;
509487101;20;16;-95;-688;-519;8;154;-266;
509488194;7;6;-97;-688;-514;18;150;-276;
509489296;19;7;-89;-686;-506;1;152;-260;
509490400;25;20;-93;-680;-495;4;174;-258;
509491445;11;126;-101;-687;-509;0;156;-281;
509492469;5;11;-80;-668;-508;5;168;-268;
509493575;24;2;-99;-677;-508;7;155;-270;
509494688;-5;13;-102;-687;-506;0;149;-278;
509495781;23;35;-78;-666;-477;29;171;-391;
509496878;4;9;-94;-684;-517;-1;155;-271;
509497975;3;22;-103;-680;-505;0;154;-272;
509499015;16;16;-94;-671;-502;2;164;-264;
509500047;12;27;-38;-672;-504;-5;164;-269;
509501139;19;9;-86;-676;-491;3;164;-267;
509502178;27;-32;-100;-678;-492;15;161;-272;
509503208;38;-4;-101;-693;-524;-4;149;-283;
509504243;10;5;-231;-515;-332;-24;-458;-522;
509505270;7;26;-296;-446;-271;2;-479;-530;
509506302;0;11;-336;-438;-269;-4;-485;-534;
509507331;13;25;-310;-444;-273;13;-493;-539;
509508359;-3;-5;-305;-438;-263;-6;-496;-547;
509509388;0;9;-298;-443;-270;0;-500;-535;
509510415;7;17;-304;-437;-243;-4;-493;-541;
509511452;15;7;-302;-437;-272;2;-486;-538;
509512475;8;27;-299;-426;-257;4;-507;-520;
509513502;5;42;-291;-438;-252;11;-497;-548;
509514545;13;16;-305;-439;-275;-4;-485;-545;
509515579;-5;-5;-319;-448;-269;-5;-507;-547;
509516606;11;18;-292;-423;-239;5;-497;-555;
509517638;-1;7;-298;-446;-271;11;-508;-558;
509518661;3;-9;-321;-447;-275;-12;-512;-564;
509519690;1;8;-313;-439;-262;-9;-508;-553;
509520719;-5;-7;-318;-453;-265;-4;-508;-565;
509521752;-25;-19;-332;-488;-290;-8;-502;-568;
509522773;2;5;-295;-440;-249;1;-502;-560;
509523805;4;12;-302;-438;-258;13;-589;-555;
509524828;-8;6;-304;-444;-267;-4;-511;-568;
509525866;3;11;-442;-445;-258;-5;-391;-540;
509526899;18;22;-295;-444;-231;1;-501;-555;
509527926;1;5;-298;-406;-274;-7;-505;-556;
509528965;-4;4;-299;-445;-262;-7;-507;-555;
509529993;23;20;-293;-437;-253;5;-497;-536;
509531027;5;16;-298;-438;-261;9;-507;-552;
509563111;-7;55;-275;-459;-278;-8;-381;-547;
509564207;-13;10;-284;-451;-262;-3;-369;-542;
509565321;29;37;-261;-424;-246;24;-344;-516;
509566415;-2;9;-286;-461;-263;13;-364;-539;
509567522;3;-7;-283;-453;-282;-19;-366;-550;
509568548;2;19;-284;-436;-257;17;-357;-533;
509569578;15;14;-276;-449;-279;2;-374;-543;
509570606;-3;4;-296;-449;-268;4;-366;-539;
509571634;14;2;-267;-441;-263;2;-354;-539;
509572666;-43;-32;-328;-485;-316;-50;-400;-578;
509573707;-7;4;-273;-461;-296;1;-361;-549;
509574785;9;4;-279;-454;-271;2;-373;-537;
509575824;-1;5;-282;-452;-276;2;-369;-539;
509576858;12;3;-273;-451;-270;9;-359;-548;
509577906;-2;-3;-285;-453;-283;-4;-370;-541;
509578966;5;8;-275;-455;-270;-12;-350;-538;
509580010;6;4;-274;-448;-267;4;-370;-542;
509581069;7;1;-284;-455;-284;-9;-375;-541;
509582110;6;14;-272;-456;-267;27;-368;-547;
509583145;9;5;-291;-464;-283;0;-392;-563;
509584173;12;2;-276;-444;-266;11;-501;-548;
509585224;-2;11;-276;-443;-260;3;-501;-546;
509586343;5;3;-291;-452;-270;10;-494;-546;
509587444;10;21;-287;-454;-262;-3;-503;-552;
509588546;-12;23;-285;-441;-260;3;-494;-555;
509589637;-5;4;-268;-432;-273;13;-491;-552;
509590692;4;1;-297;-454;-270;4;-497;-556;
509591724;5;9;-279;-452;-269;0;-497;-555;
509592758;-11;4;-293;-458;-268;-10;-507;-564;
509593796;-103;0;-282;-450;-263;5;-498;-542;
509594826;7;18;-273;-448;-271;2;-501;-546;
509595859;2;7;-277;-450;-267;0;-496;-526;
509596901;-5;-9;-283;-568;-450;-5;163;-288;
509597935;5;3;-63;-698;-510;-5;142;-284;
509598996;-2;10;-65;-673;-518;10;153;-265;
509600070;-3;6;-74;-690;-506;-7;167;-258;
509601102;-13;-13;-102;-679;-500;-10;148;-318;
509602137;0;5;-77;-684;-506;17;96;-283;
509603213;-3;6;-115;-631;-411;7;160;-329;
509604295;-8;9;-115;-678;-477;-13;-253;-380;
509605330;-52;4;-133;-598;-370;11;-413;-482;
509606368;6;6;-65;-679;-493;17;159;-284;
509607398;9;6;-72;-679;-511;0;156;-275;
509608443;-34;-36;-96;-717;-542;-34;104;-303;
509609480;-10;6;-75;-691;-508;10;165;-269;
509610504;-5;-5;-82;-701;-518;-7;149;-276;
509611534;-7;-1;-69;-704;-509;20;150;-280;
509612567;-5;19;-77;-681;-505;13;161;-269;
509613600;0;0;-78;-690;-502;-3;160;-269;
509614636;-18;-10;-80;-707;-532;-7;145;-285;
509615677;0;0;-73;-693;-496;6;169;-261;
509616704;-9;-5;-79;-689;-519;-5;145;-265;
509617731;-8;6;-64;-674;-508;-5;149;-272;
509618765;10;10;-65;-695;-513;4;156;-268;
509619797;11;-3;-66;-695;-500;-3;152;-268;
509620840;-39;-10;-87;-705;-513;-8;143;-265;
509621869;-2;0;-75;-693;-520;27;154;-260;
509622899;11;12;-69;-681;-518;3;159;-256;
509641810;4;16;-61;-689;-500;4;149;-259;
509642913;10;10;-77;-684;-514;3;138;-261;
509644001;2;6;-71;-683;-499;14;152;-254;
509645100;-14;3;-70;-701;-512;4;145;-272;
509646130;-3;-3;-85;-692;-505;-4;247;-259;
509647165;-13;0;-93;-693;-510;-9;139;-266;
509648211;-7;5;-77;-693;-515;0;155;-252;
509649243;0;4;-82;-695;-513;-1;150;-262;
509650278;-13;5;-82;-697;-515;-1;145;-274;
509651308;-3;9;-99;-704;-540;-9;142;-270;
509652404;-16;-14;-83;-695;-506;-14;145;-274;
509653441;-10;-6;-84;-695;-507;-5;152;-261;
509654495;5;-2;-66;-684;-503;8;153;-253;
509655542;-2;-3;-83;-699;-492;11;151;-260;
509656569;-4;-8;-86;-697;-513;-19;152;-266;
509657600;0;-4;-51;-687;-515;0;150;-257;
509658628;-7;12;-85;-683;-515;9;144;-260;
509659655;4;15;-81;-693;-511;4;157;-265;
509660688;4;4;-74;-690;-506;7;159;-253;
509661740;6;-11;-94;-702;-508;4;154;-248;
509662791;1;-4;-95;-579;-361;-5;-461;-500;
509663813;-47;-4;-272;-451;-267;6;-472;-518;
509664834;-4;6;-290;-452;-278;13;-476;-521;
509665861;-21;-26;-315;-479;-308;-25;-507;-509;
509666882;-4;15;-278;-446;-274;12;-479;-523;
509667905;-16;-21;-295;-478;-297;-14;-489;-528;
509668932;55;1;-218;-461;-264;11;-464;-513;
509669955;11;11;-280;-454;-268;4;-493;-517;
509670981;-1;0;-284;-450;-278;-10;-487;-527;
509672024;7;-2;-286;-463;-273;-3;-488;-536;
509673064;-6;-8;-296;-470;-280;-100;-483;-536;
509674094;17;-6;-278;-415;-274;-4;-481;-528;
509675132;7;0;-284;-379;-271;0;-481;-531;
509676162;3;9;-287;-449;-262;8;-489;-532;
509677196;0;0;-283;-449;-278;6;-485;-527;
509678216;13;0;-273;-444;-278;1;-483;-524;
509713170;6;-3;-253;-460;-279;-30;-447;-511;
509714270;1;-2;-270;-467;-261;-2;-438;-521;
509715392;-12;-3;-270;-474;-283;0;-438;-524;
509716493;-13;0;-257;-468;-284;0;-488;-477;
509717525;-1;-2;-300;-475;-286;10;-445;-522;
509718551;-12;-10;-277;-497;-302;-16;-464;-514;
509719576;0;-1;-257;-477;-282;0;-410;-511;
509720602;0;0;-258;-475;-282;-12;-407;-504;
509721622;4;-9;-274;-481;-293;6;-468;-519;
509722644;8;-1;-247;-452;-270;26;-458;-504;
509723662;-3;-5;-258;-432;-282;13;-418;-505;
509724683;9;2;-256;-462;-284;-10;-469;-492;
509725704;3;-5;-269;-467;-282;6;-454;-609;
509726726;5;-7;-259;-460;-287;6;-463;-512;
509727752;-1;-6;-258;-472;-289;-2;-460;-506;
509728773;-8;-9;-258;-478;-296;13;-462;-515;
509729801;-11;-8;-273;-488;-294;-10;-478;-518;
509730836;1;1;-264;-371;-292;5;-465;-490;
509731866;-2;3;-258;-477;-391;-4;-461;-502;
509732884;-11;0;-257;-471;-290;0;-461;-513;
509733912;-4;-10;-257;-478;-288;-33;-464;-514;
509734940;-13;-13;-279;-477;-297;-17;-457;-521;
509735975;3;-9;-254;-472;-270;1;-463;-496;
509737002;-1;2;-258;-485;-283;1;-457;-499;
509738030;2;-6;-263;-471;-284;7;-449;-508;
509739052;-12;-6;-253;-477;-290;0;-466;-505;
509740089;-9;4;-266;-465;-294;-1;-465;-515;
509741107;3;-10;-265;-482;-289;-6;-461;-514;
509742147;2;0;-266;-476;-288;-5;-467;-515;
509743177;13;-10;-266;-477;-260;6;-456;-512;
509744210;0;-3;-266;-472;-286;15;-487;-516;
509745250;-17;-5;-278;-470;-296;-5;-478;-526;
509746297;-9;-23;-273;-467;-274;-2;-453;-518;
509747334;-20;-22;-261;-476;-304;-21;-480;-423;
509748376;-7;-8;-257;-475;-274;13;-459;-524;
509878386;-50;-37;-95;-524;-249;13;-682;-541;
509879522;-74;-45;-105;-564;-273;-20;-677;-561;
509880615;-60;-46;-82;-569;-257;-3;-655;-559;
509881729;-42;0;-7;-515;-221;60;-590;-492;
509882823;-77;-34;-49;-584;-282;0;-391;-396;
509883930;-142;-17;-38;-448;-356;-1;104;-279;
509884956;-120;22;112;-765;-538;5;114;-212;
509885989;-21;-58;3;-827;-545;18;116;-220;
509887028;-50;-69;16;-797;-519;-9;116;-229;
509888056;-101;-58;49;-807;-524;1;109;-211;
509889083;-118;-40;39;-788;-531;-12;135;-201;
509890110;-104;-33;34;-793;-532;0;142;-239;
509891138;-102;-48;36;-822;-537;-9;104;-210;
509892166;-72;-34;41;-811;-542;-3;98;-226;
509893206;-82;-56;56;-808;-523;-5;100;-208;
509894244;-71;-49;79;-804;-533;5;117;-198;
509895278;-91;-56;70;-816;-546;-8;107;-227;
509896307;-96;-44;69;-821;-540;-4;111;-200;
509897329;-115;-78;34;-821;-530;-26;82;-250;
509898356;-80;-61;23;-764;-518;-3;118;-323;
509899388;-91;-13;29;-799;-510;9;118;-198;
509900421;-77;-48;33;-799;-497;1;105;-219;
509901450;-25;-51;19;-784;-498;-1;105;-197;
509902477;-37;-53;14;-774;-496;8;121;-223;
509903510;-51;-54;18;-779;-519;8;121;-221;
509904545;-53;-52;24;-773;-513;11;114;-230;
509905576;-64;-42;17;-773;-511;-8;108;-198;
509906605;-78;-49;0;-783;-512;0;113;-220;
509907642;-96;-48;-20;-777;-516;-9;96;-200;
509908675;-86;-38;-17;-773;-522;-5;113;-188;
509909707;-65;-25;-46;-750;-499;3;115;-200;
509910743;-72;-33;-45;-763;-518;-8;121;-194;
509911775;-86;-54;-50;-770;-514;3;115;-201;
509912809;-66;21;-44;-745;-515;-8;121;-180;
509913839;-72;-28;-38;-770;-509;11;109;-183;
509914939;-54;-26;-31;-749;-516;-3;116;-183;
509916059;-54;-49;-47;-756;-510;1;108;-194;
509920906;-48;-43;-68;-751;-516;8;103;-190;
509922007;-49;-42;-70;-736;-521;-3;116;-185;
509923113;-66;-21;-54;-735;-515;-5;101;-168;
509924221;-75;-29;-73;-738;-521;-1;122;-186;
509925312;-51;-29;-61;-738;-511;5;122;-180;
509926393;-62;-33;-60;-729;-532;21;125;-182;
509927509;-57;-36;-76;-721;-501;2;142;-171;
509928549;-55;-25;-71;-734;-523;0;126;-180;
509929582;-50;-27;-73;-725;-507;24;126;-180;
509930666;-58;-63;-65;-773;-526;-11;107;-187;
509931735;-57;-37;-94;-736;-528;-15;81;-150;
509932770;-46;-37;-95;-724;-522;-2;114;-231;
509933801;-38;-29;-99;-730;-523;9;-162;-317;
509934826;-18;-24;-230;-581;-369;1;-342;-372;
509935861;-37;-25;-252;-566;-365;9;-384;-393;
509936901;-43;-2;-252;-553;-337;4;-400;-398;
509937941;-44;-28;-249;-540;-340;0;-406;-394;
509938982;-31;-30;-238;-560;-362;-5;-412;-400;
509940065;-15;-5;-240;-541;-339;14;-407;-396;
509941093;-41;-16;-242;-534;-337;-7;-426;-413;
509942128;-55;-25;-249;-544;-342;0;-427;-417;
509943167;-28;-24;-250;-567;-398;1;-276;-369;
509944199;-45;-22;-98;-696;-482;-6;-173;-276;
509945244;-11;-7;-115;-626;-435;23;-117;-219;
509946358;-39;-8;-80;-700;-488;2;122;-200;
509947476;-22;-18;-82;-699;-519;-2;-228;-280;
509948572;-43;-18;-83;-702;-511;19;130;-171;
509949680;-24;-11;-76;-703;-505;2;173;-169;
509950780;-31;-1;-81;-695;-516;-8;-221;-314;
509951896;-34;-9;-241;-567;-369;-6;-362;-370;
509952987;22;33;-199;-488;-295;60;-317;-328;
509954018;-27;-14;-248;-542;-342;9;-370;-390;
509955051;-29;-2;-250;-528;-340;-9;-310;-365;
509956086;-16;6;-201;-583;-406;-7;-236;-349;
509957110;-18;-3;-165;-631;-447;-3;-81;-312;
509958182;-28;1;-96;-611;-450;5;-189;-324;
509959280;-14;13;-68;-592;-425;-3;-220;-334;
509960392;-25;19;-64;-600;-412;1;-220;-332;
509961518;-49;10;-60;-599;-425;-7;-241;-359;
509962622;-26;6;-64;-592;-408;-13;-232;-346;
509963737;-20;26;-51;-575;-411;-8;-220;-348;
509964853;-37;0;-65;-595;-420;-11;-246;-371;
509965959;-18;19;-38;-569;-365;-2;-232;-361;
509966997;3;53;21;-520;-365;25;-241;-357;
509968027;-30;11;-13;-546;-382;-8;-257;-380;
509969050;-19;28;13;-519;-369;2;-254;-374;
509970086;-14;17;-4;-544;-382;-13;-266;-385;
509971115;-15;19;8;-528;-382;13;-242;-372;
509972145;-35;26;-5;-532;-395;5;-255;-370;
509973177;-23;21;1;-529;-374;-9;-265;-381;
509974205;-17;33;4;-532;-387;-5;-268;-378;
509975234;-1;49;17;-523;-370;8;-241;-361;
509976284;-23;37;12;-514;-368;12;-243;-373;
509977310;-21;35;15;-514;-362;5;-252;-378;
509978342;-16;47;22;-504;-361;5;-259;-361;
509979376;-18;37;-9;-506;-358;0;-256;-384;
509980411;-13;40;19;-512;-362;0;-262;-384;
509981454;-9;29;18;-516;-359;-1;-241;-375;
509982476;11;25;-19;-534;-389;-9;-257;-383;
509983502;-12;17;0;-528;-371;-3;-232;-362;
509984535;-15;-15;8;-518;-373;-15;-273;-359;
509985569;-31;0;-13;-517;-393;-20;-245;-381;
509986595;-20;22;-5;-515;-382;-5;-245;-367;
509987642;-20;9;-200;-637;-514;-19;-133;-211;
509988679;-25;15;-205;-684;-553;-2;136;-151;
509989714;-8;25;-185;-670;-536;3;83;-167;
509990752;-8;33;-186;-657;-540;3;141;-161;
509991777;-8;20;-194;-681;-512;0;137;-136;
509992801;-13;24;-186;-663;-532;-5;142;-141;
509993834;-2;35;-180;-668;-544;5;144;-136;
509994866;-4;-76;-184;-661;-548;-20;135;-131;
509995912;-10;8;-189;-676;-550;0;144;-137;
509996943;-12;0;-181;-675;-539;30;128;-199;
509997982;-8;-3;-193;-678;-553;7;152;-146;
509999018;-15;-9;-203;-678;-564;-8;147;-147;
510053370;-23;-28;-100;-647;-544;-17;122;-134;
510054479;2;-16;-88;-632;-524;8;137;-149;
510055570;-107;-27;-82;-625;-536;-2;135;-135;
510056660;0;-9;-91;-637;-541;3;125;-123;
510057697;-15;-21;-89;-636;-529;4;145;-126;
510058718;0;0;-81;-624;-528;11;135;-120;
510059752;-12;-13;-98;-624;-521;-8;147;-123;
510060787;-1;0;-95;-617;-527;0;152;-124;
510061816;-2;-18;-77;-632;-532;13;145;-116;
510062849;-3;-7;-86;-611;-528;-6;131;-130;
510063879;-4;-4;-73;-666;-526;4;145;-124;
510064910;-9;-13;-75;-615;-528;-1;134;-129;
510065945;0;-10;-80;-608;-534;4;139;-135;
510066984;-1;-4;-87;-623;-519;-15;144;-136;
510068019;-18;-20;-108;-637;-547;-16;119;-137;
510069050;-14;-22;-105;-624;-543;-8;128;-134;
510070089;-7;0;-94;-621;-534;3;138;-115;
510071106;-61;-17;-107;-631;-530;5;142;-139;
510072142;0;-1;-82;-619;-531;-2;139;-120;
510073171;-2;-13;-89;-620;-530;10;146;-118;
510074199;6;-7;-86;-636;-519;-4;133;-128;
510075241;8;-8;-79;-599;-515;4;150;-115;
510076335;41;43;-31;-583;-525;48;190;-77;
510077371;-14;-10;-89;-616;-536;7;136;-141;
510078401;-11;-21;-87;-643;-550;-6;118;-45;
510079442;-19;-20;-96;-633;-553;-13;132;-133;
510080469;-9;-31;-94;-627;-536;-3;164;-119;
510081504;-50;-11;-97;-617;-539;1;143;-127;
510082542;2;-4;-87;-614;-535;21;168;-120;
510083576;0;-10;-88;-618;-535;5;112;-128;
510084607;-18;-19;-95;-645;-550;-1;129;-126;
510085641;-4;-6;-86;-621;-537;3;146;-129;
510086667;-13;-19;-97;-637;-546;-9;136;-122;
510087696;0;-25;-102;-645;-507;-9;-243;-270;
510088723;-12;-20;-220;-499;-431;2;-308;-282;
510102235;-9;-16;-195;-678;-597;-10;164;-158;
510103334;-2;-4;-131;-618;-555;0;0;-141;
510104449;70;-9;-266;-675;-572;-5;1;-170;
510105548;-16;3;-191;-653;-562;13;3;-125;
510106647;5;-14;-168;-649;-564;-8;-11;-156;
510107667;-14;-20;-232;-673;-592;-16;-11;-167;
510108692;-18;-10;-226;-671;-577;-6;6;-155;
510109720;-2;-5;-224;-669;-581;-6;9;-154;
510110752;-10;-9;-216;-661;-568;6;23;-150;
510111774;-19;-19;-239;-677;-595;-18;-13;-172;
510112801;-11;-20;-229;-672;-588;0;3;-151;
510113838;-17;-9;-225;-665;-592;0;0;-158;
510114867;-10;-10;-180;-660;-569;2;-2;-151;
510115898;-11;-13;-196;-679;-585;11;10;-137;
510116931;7;-13;-220;-668;-577;2;26;-134;
510117956;-6;-2;-202;-669;-592;13;30;-156;
510118987;-12;-12;-223;-694;-590;-4;3;-149;
510120015;-8;-19;-223;-670;-613;-7;6;-145;
510121058;-3;-14;-223;-674;-596;6;21;-142;
510122088;-1;-7;-216;-674;-593;5;34;-141;
510123109;-13;-12;-224;-676;-591;-4;29;-146;
510124135;-13;-17;-220;-677;-580;12;19;-143;
510125163;-7;-17;-223;-679;-596;2;12;-136;
510126196;-2;-12;-220;-672;-587;0;0;-153;
510127220;-13;-24;-233;-666;-594;-17;-10;-167;
510128249;-16;-14;-226;-683;-584;3;9;-160;
510129283;-20;-18;-226;-680;-598;3;-5;-156;
510130307;-16;-3;-223;-668;-573;-3;-1;-155;
510131338;-14;-13;-227;-686;-581;-1;-11;-158;
510132366;-2;-2;-218;-665;-575;21;5;-153;
510133396;-29;-12;-224;-664;-593;2;-6;-156;
510134435;-1;-15;-221;-661;-581;12;-1;-151;
510135462;-12;-9;-231;-663;-592;-5;-5;-146;
510136500;-21;2;-336;-662;-576;2;-4;-151;
510137529;-58;-28;-233;-690;-584;-16;-8;-152;
510138565;0;-15;-222;-670;-591;6;-5;-157;
510198112;-2;-4;-126;-621;-532;7;140;-115;
510199204;-6;-10;-120;-621;-533;0;132;-127;
510200288;2;-14;-105;-634;-543;11;144;-114;
510201382;-2;2;-118;-620;-546;2;127;-122;
510202499;-6;1;-122;-669;-547;1;130;-105;
510203530;-13;-16;-123;-632;-528;0;135;-120;
510204572;-10;-9;-110;-620;-537;7;140;-106;
510205604;-9;-7;-112;-640;-542;0;128;-117;
510206642;-8;0;-103;-618;-533;8;142;-108;
510207666;-21;-17;-132;-652;-550;-16;126;-127;
510208692;-3;-10;-117;-630;-548;-2;139;-115;
510209718;-11;-10;-116;-624;-546;-1;100;-120;
510210756;-17;-20;-122;-633;-555;-16;121;-119;
510211794;-4;3;-111;-589;-546;-45;135;-103;
510212826;9;-4;-109;-610;-535;4;151;-113;
510213864;-23;-26;-121;-645;-554;-18;116;-130;
510214897;-12;-15;-125;-643;-549;-8;140;-112;
510215946;-2;-2;-126;-579;-552;-2;131;-114;
510216983;-70;-73;-189;-691;-608;-67;72;-186;
510218014;-16;-16;-125;-626;-557;-9;124;-121;
510219052;12;8;-80;-628;-528;5;137;-104;
510220091;4;6;-108;-630;-538;4;152;-109;
510221159;2;-1;-96;-627;-535;8;148;-106;
510222236;-10;-20;-125;-622;-548;-13;139;-121;
510223309;-15;-11;-117;-645;-549;10;123;-109;
510224356;-13;-18;-129;-652;-549;-4;129;-163;
510225403;-1;-12;-129;-597;-520;-5;140;-119;
510226532;-14;-67;-117;-629;-531;-15;-100;-181;
510227652;-1;-5;-109;-636;-544;5;136;-111;
510228766;5;0;-106;-639;-548;-1;134;-101;
510229872;0;-4;-111;-618;-528;17;146;-110;
510230975;44;-12;-110;-635;-557;-3;126;-108;
510232082;-11;13;-112;-639;-540;3;135;-105;
510233169;1;-21;-159;-576;-446;-12;-265;-261;
510234199;-4;-25;-251;-497;-412;1;-310;-278;
510235228;1;-2;-222;-483;-414;10;-169;-234;
510236267;-13;-9;-44;-519;-424;-9;-179;-229;
510237296;0;-11;-17;-401;-426;3;-187;-263;
510238323;-6;-17;-35;-521;-430;-12;-203;-283;
510239353;-16;-11;-24;-526;-427;-3;-192;-276;
510240376;-5;5;-38;-536;-457;11;-68;-234;
510241411;-19;-23;-85;-573;-498;-10;-53;-232;
510242449;33;-17;-109;-579;-492;-5;-56;-225;
510243475;-8;-7;-87;-588;-513;-7;-46;-223;
510244517;-17;-14;-57;-671;-577;8;173;-123;
510245556;5;2;-190;-671;-584;1;181;-136;
510246583;-3;-1;-162;-690;-589;-3;166;-142;
510247619;-5;-4;-216;-680;-589;2;177;-123;
510248660;-6;-6;-226;-678;-591;-9;163;-133;
510249687;0;-4;-220;-677;-596;0;179;-118;
510250718;-2;-4;-197;-669;-580;-5;137;-169;
510251753;-11;0;-172;-661;-562;-6;67;-195;
510252773;-12;-12;-132;-629;-553;-7;160;-140;
510253805;-15;-15;-225;-712;-584;0;21;-138;
510254840;-20;-15;-228;-689;-572;-2;173;-131;
510255877;1;-41;-219;-679;-592;19;180;-126;
510256919;0;-5;-231;-668;-577;2;-4;-144;
510257947;-23;-26;-251;-675;-600;-2;-19;-170;
510258985;-12;-12;-239;-669;-576;-4;-18;-147;
510260015;0;-15;-238;-668;-550;12;-5;-141;
510261058;-7;-8;-249;-659;-571;10;-16;-155;
510262095;-3;-4;-245;-653;-576;13;-10;-145;
510263204;-12;-24;-252;-664;-582;-7;-10;-157;
510264269;-7;-10;-104;-663;-584;8;-7;-142;
510265317;-11;2;-257;-691;-565;-13;-12;-154;
510270897;15;17;-219;-638;-552;13;5;-123;
510272017;-3;5;-234;-642;-562;5;-1;-145;
510273121;-12;0;-231;-655;-577;0;-13;-149;
510274222;-1;-9;-240;-660;-575;4;-26;-144;
510275314;-6;2;-240;-658;-579;16;2;-134;
510276340;-1;-2;-232;-663;-586;-2;179;-130;
510277368;-13;-8;-203;-670;-600;5;177;-127;
510278394;-4;-132;-225;-683;-599;-5;174;-137;
510279435;-11;8;-218;-682;-602;2;183;-118;
510280467;5;2;-215;-676;-596;-3;186;-123;
510281496;-13;-8;-225;-676;-603;-5;176;-136;
510282529;4;9;-216;-677;-594;0;183;-121;
510283565;3;1;-216;-683;-598;15;176;-132;
510284596;-17;-14;-229;-695;-623;-10;182;-139;
510285630;0;-8;-176;-660;-572;2;167;-129;
510286664;-7;-9;-232;-683;-601;-74;167;-149;
510287698;-3;-4;-224;-693;-594;-8;181;-132;
510288719;-3;-16;-223;-671;-580;-7;81;-173;
510289752;3;2;-154;-633;-539;3;50;-180;
510290789;-11;-8;-144;-634;-539;6;38;-191;
510291816;1;-4;-123;-615;-540;-6;27;-194;
510292848;-25;-26;-148;-631;-567;-13;16;-195;
510293875;-1;-42;-138;-619;-524;8;25;-194;
510294907;-2;-2;-130;-610;-537;8;19;-186;
510295944;-12;-12;-133;-615;-525;-5;13;-207;
510296984;-5;-12;-111;-593;-525;-5;6;-200;
510298015;-14;-13;-134;-606;-527;-8;5;-226;
510299047;-20;-13;-140;-601;-523;-7;3;-205;
510300084;27;-2;-127;-616;-529;0;5;-189;
510301104;9;-4;-132;-600;-532;-1;17;-201;
510302131;-16;-13;-133;-629;-536;-36;0;-195;
510303174;-9;-6;-123;-590;-496;-5;-125;-231;
510304232;1;-4;-180;-555;-474;13;-143;-253;
510305322;-7;5;-192;-463;-472;3;-152;-234;
510306354;-9;-7;-212;-563;-482;26;-159;-253;
510307382;-10;-5;-194;-561;-477;-5;-158;-239;
510329178;5;4;-118;-635;-553;13;135;-94;
510330289;-22;-16;-137;-631;-554;-130;122;-115;
510331380;-1;-12;-115;-637;-565;5;145;-109;
510332485;0;-7;-107;-632;-555;-3;137;-108;
510333517;-7;-4;-117;-622;-553;0;142;-103;
510334548;-6;-14;-121;-557;-547;-3;131;-109;
510335576;9;8;-114;-640;-543;0;142;-103;
510336614;-96;6;-115;-496;-552;2;131;-93;
510337665;-22;-17;-145;-650;-572;-25;113;-140;
510338770;-5;1;-118;-637;-546;15;136;-96;
510339800;-11;-13;-115;-638;-569;3;126;-96;
510340876;-11;-3;-126;-623;-551;5;125;-103;
510341917;-2;103;-131;-641;-558;3;123;-202;
510342956;-50;-54;-171;-698;-604;-67;71;-151;
510344002;0;-13;-126;-631;-556;6;134;-99;
510345035;-9;12;-129;-625;-553;-1;33;-104;
510346069;-15;-10;-120;-623;-551;-10;121;-115;
510347139;0;-10;-115;-620;-550;-2;133;-97;
510348185;-3;-7;-123;-643;-548;0;131;-106;
510349207;-3;-7;-127;-611;-551;-3;123;-98;
510350243;3;0;-103;-633;-541;1;134;-97;
510351268;3;0;-128;-627;-549;-9;122;-99;
510352357;-4;-2;-124;-632;-545;1;128;-92;
510353463;-5;-9;-118;-644;-556;4;124;-104;
510354586;14;9;-112;-626;-532;18;146;-83;
510355687;-3;0;-101;-612;-546;8;143;-101;
510356796;8;3;-101;-621;-542;1;133;-95;
510357896;3;-3;-113;-626;-556;-3;129;-89;
510358986;-2;-3;-110;-621;-546;-3;145;-99;
510360015;-3;-1;-112;-621;-551;8;141;-85;
510361055;-5;-13;-130;-624;-561;7;141;-108;
510362098;-3;-4;-120;-625;-569;5;123;-108;
510363131;-9;-2;-118;-620;-544;-5;129;-108;
510364162;-3;-6;-109;-631;-554;1;132;-109;
510365187;18;1;-114;-631;-547;7;135;-122;
510366217;-13;4;-113;-628;-546;-33;130;-110;
510367258;-1;6;-124;-617;-539;0;137;-103;
510368292;-7;-5;-121;-637;-557;-3;145;-104;
510369320;0;0;-124;-632;-540;0;143;-103;
510370348;-6;-1;-119;-635;-545;-2;123;-118;
510371390;-18;-28;-132;-636;-561;-18;116;-124;
510372420;26;-23;-135;-629;-561;-15;210;-118;
510373457;11;9;-116;-618;-537;-3;135;-108;
510374490;-3;0;-122;-629;-550;-21;139;-113;
510375519;-3;-4;-120;-664;-549;-7;149;-108;
510376545;0;-2;-118;-621;-547;17;138;-115;
510377589;-16;-4;-121;-634;-550;0;133;-89;
510378615;30;0;-113;-632;-542;14;121;-101;
510379652;-5;-6;-187;-627;-559;5;119;-94;
510380688;-3;4;-167;-589;-494;5;-96;-199;
510381714;-4;7;-78;-526;-444;-105;-157;-248;
510382761;-15;-11;-52;-522;-445;-14;-174;-268;
510383801;-15;18;-33;-517;-437;9;-176;-260;
510384827;0;9;-29;-506;-424;1;-175;-261;
510385863;-2;0;-28;-506;-429;12;-177;-255;
510386887;8;-5;-42;-522;-440;-2;-88;-231;
510387919;-10;6;-81;-535;-459;-4;-132;-255;
510388972;-3;-3;-161;-535;-450;-2;-170;-260;
510390027;1;-5;-162;-528;-465;4;-115;-237;
510402155;-4;-3;-226;-681;-599;-3;164;-136;
510403269;-5;-13;-234;-684;-612;-3;159;-142;
510404377;53;1;-251;-664;-592;4;172;-131;
510405510;-6;-3;-226;-690;-599;9;165;-147;
510406634;1;5;-220;-679;-597;5;180;-136;
510407729;15;4;-195;-666;-585;9;179;-136;
510408765;5;-13;-205;-647;-590;5;155;-128;
510409798;-12;0;-149;-664;-579;17;167;-132;
510410887;-5;3;-208;-674;-607;8;162;-133;
510411958;-14;-10;-213;-680;-603;3;162;-146;
510412992;-4;4;-225;-673;-596;65;176;-144;
510414023;-2;-1;-185;-670;-581;15;176;-128;
510415120;3;8;-231;-667;-587;-9;184;-123;
510416226;-5;6;-223;-671;-582;-10;170;-131;
510417333;-9;-8;-224;-675;-597;-8;172;-132;
510418466;9;34;-218;-659;-594;-6;183;-129;
510419577;-15;2;-207;-678;-597;-2;169;-142;
510420688;-3;10;-216;-670;-589;5;190;-124;
510421739;1;-5;-220;-670;-593;-2;181;-124;
510422773;-9;-15;-236;-674;-610;-2;168;-137;
510423802;8;-6;-222;-676;-593;4;157;-129;
510424828;3;12;-220;-668;-597;3;165;-136;
510425862;1;2;-220;-670;-589;0;180;-141;
510426888;5;7;-220;-664;-601;5;172;-128;
510427916;-1;6;-231;-676;-619;-4;175;-129;
510428946;-1;-4;-343;-670;-572;5;182;-114;
510429974;-3;3;-204;-669;-600;5;170;-117;
510431018;-2;-6;-222;-661;-583;1;177;-127;
510432059;0;-5;-220;-670;-597;0;298;-132;
510433088;-1;9;-220;-662;-604;10;173;-120;
510434126;-5;-14;-227;-678;-606;-3;178;-134;
510435163;3;4;-180;-668;-591;-1;192;-117;
510436188;2;7;-218;-667;-588;13;172;-126;
510437217;-11;-16;-231;-689;-598;-16;155;-141;
510438245;56;50;-141;-607;-519;57;132;-112;
510439278;-1;4;-221;-577;-492;1;-95;-221;
510440311;4;-5;-216;-550;-468;0;-150;-240;
510441328;53;2;-233;-546;-468;-1;-129;-242;
510442360;-9;-13;-241;-557;-482;-7;-150;-250;
510443390;-13;-14;-250;-553;-475;-8;-167;-251;
510444435;-3;-2;-239;-551;-477;12;-89;-203;
510445461;0;-3;-194;-565;-484;9;-129;-241;
510446518;-4;2;-220;-541;-464;11;-160;-253;
510447612;-13;-1;-233;-549;-467;11;-145;-241;
510448687;-1;-6;-221;-544;-465;2;-163;-248;
510449724;17;-1;-227;-546;-464;5;-151;-249;
510450791;-11;-3;-223;-557;-477;6;-165;-247;
510451837;-4;-1;-226;-561;-468;8;-163;-242;
510452897;-5;-15;-229;-546;-469;1;-170;-254;
510454021;-5;-5;-222;-542;-461;-1;-159;-246;
510455132;1;-11;-224;-547;-468;-3;-173;-260;
510456242;1;4;-221;-542;-472;4;-164;-258;
510457346;-8;8;-227;-544;-466;9;-223;-272;
510458459;-5;-7;-268;-479;-392;-3;-443;-315;
510459530;-8;-5;-310;-448;-365;1;-464;-324;
510460561;5;-1;-321;-438;-365;16;-461;-350;
510461596;-3;13;-315;-422;-357;4;-455;-331;
510462631;-1;-11;-308;-439;-357;2;-453;-343;
510463659;-3;-3;-297;-456;-351;7;-459;-333;
510464691;6;-1;-306;-422;-337;24;-448;-333;
510465770;2;-5;-303;-436;-350;-124;-462;-346;
510466807;-16;-17;-310;-439;-361;-10;-472;-351;
510467837;0;-7;-309;-427;-353;0;-445;-343;
510468879;0;-1;-313;-422;-360;3;-457;-343;
510469912;6;-6;-322;-430;-354;-3;-460;-354;
510470951;-17;-12;-327;-451;-369;-22;-467;-345;
510471986;-6;-3;-321;-447;-378;-5;-464;-353;
510473012;26;-4;-311;-423;-361;3;-460;-345;
510474046;0;-12;-302;-439;-360;-10;-465;-356;
510475071;10;4;-305;-412;-353;7;-451;-338;
510476101;-14;-10;-333;-461;-376;-38;-479;-355;
510477138;-3;-15;-247;-426;-358;8;-480;-362;
510478177;5;-17;-295;-427;-354;10;-445;-345;
510479210;-3;-8;-303;-428;-359;1;-461;-351;
510480244;28;-8;-304;-422;-343;6;-450;-335;
510481284;-2;-12;-295;-429;-346;9;-464;-345;
510482318;11;8;-292;-418;-353;9;-433;-337;
510483354;6;-8;-309;-443;-373;-7;-468;-366;
510484379;-4;-4;-301;-432;-360;-3;-459;-345;
510485412;6;2;-307;-416;-346;5;-460;-340;
510486446;-10;-7;-312;-468;-351;-1;-458;-353;
510487472;5;10;-288;-411;-354;10;-456;-340;
510488547;-12;-18;-363;-433;-357;3;-471;-359;
510489577;4;-3;-307;-435;-359;1;-463;-314;
510490606;-8;-15;-316;-443;-369;-8;-472;-355;
510491660;-8;10;-306;-412;-343;12;-458;-338;
510495905;-22;-9;-305;-558;-357;22;-465;-368;
510497002;1;-23;-316;-442;-353;-2;-470;-353;
510498126;-7;-2;-312;-438;-352;-13;-467;-350;
510499226;9;-3;-295;-408;-373;-1;-460;-348;
510500327;-40;-9;-314;-429;-354;8;-468;-357;
510501355;-5;2;-306;-420;-356;1;-453;-349;
510502389;0;3;-303;-414;-348;2;-464;-369;
510503478;2;4;-290;-422;-351;14;-461;-349;
510504555;19;2;-309;-412;-358;5;-425;-356;
510505602;-2;-11;-311;-428;-363;-2;-466;-354;
510506649;-9;-23;-303;-421;-364;0;-464;-370;
510507710;-6;4;-299;-434;-357;13;-459;-351;
510508735;-10;-4;-303;-419;-352;3;-486;-336;
510509842;15;-4;-305;-422;-373;14;-442;-356;
510510956;-4;4;-303;-404;-357;-4;-458;-357;
510512056;-37;2;-303;-425;-347;7;-469;-355;
510513143;-3;-15;-297;-435;-360;-1;-460;-366;
510514246;-8;-26;-309;-432;-361;1;-464;-361;
510515280;8;0;-294;-424;-353;0;-460;-353;
510516307;-14;0;-299;-425;-357;9;-462;-358;
510517331;2;0;-311;-434;-348;9;-453;-285;
510518360;-6;-6;-321;-442;-361;-6;-475;-356;
510519387;-2;-1;-309;-421;-352;6;-467;-353;
510520422;5;4;-301;-421;-340;4;-464;-339;
510521451;25;25;-282;-415;-316;27;-436;-321;
510522478;-8;-1;-304;-444;-362;5;-461;-353;
510523509;12;2;-294;-425;-351;9;-468;-348;
510524544;4;-4;-307;-426;-354;11;-464;-354;
510525572;9;-8;-288;-408;-361;9;-444;-357;
510526631;-10;0;-298;-423;-365;-4;-465;-339;
510527727;-14;-7;-313;-419;-346;-5;-472;-362;
510528755;-1;4;-305;-437;-359;0;-477;-353;
510529788;0;-7;-292;-423;-349;12;-342;-336;
510530834;0;-8;-306;-428;-365;-5;-464;-344;
510531898;5;5;-308;-423;-342;6;-477;-350;
510532942;-19;3;-333;-438;-372;1;-467;-369;
510533978;-3;-7;-312;-496;-392;-3;-467;-348;
510535008;5;-4;-300;-337;-347;0;-475;-348;
510536099;-1;-11;-309;-424;-348;3;-473;-343;
510537131;-4;2;-311;-423;-361;12;-463;-355;
510538211;-6;0;-294;-415;-356;4;-470;-356;
510539244;-1;-1;-314;-432;-351;8;-478;-343;
510540297;-29;0;-300;-412;-355;3;-475;-342;
510541395;6;5;-308;-427;-356;8;-466;-335;
510542519;28;1;-295;-427;-350;3;-461;-347;
510543628;-6;-10;-237;-441;-357;-9;-481;-343;
510544738;7;13;-303;-429;-340;1;-460;-330;
510545841;-16;-19;-309;-438;-361;-5;-442;-349;
510546950;-12;-38;-299;-432;-357;-5;-428;-340;
510548034;-68;-63;-353;-487;-427;-71;-532;-403;
510549145;-5;-6;-305;-422;-355;-8;-466;-350;
510550265;-10;-2;-300;-430;-355;3;-467;-384;
510551364;-8;12;-307;-422;-362;-5;-461;-339;
510552477;-10;-18;-303;-443;-364;-9;-484;-366;
510553594;-1;-42;-310;-428;-359;-1;-470;-353;
510554708;1;5;-300;-421;-358;1;-456;-347;
510555805;0;-5;-311;-426;-356;8;-468;-345;
510556857;-3;0;-309;-438;-347;-4;-465;-330;
510557884;-5;2;-292;-423;-351;12;-410;-334;
510558914;1;1;-312;-421;-366;-5;-502;-344;
510559940;-6;-8;-300;-426;-357;-7;-460;-331;
510560972;-4;-5;-312;-420;-349;-5;-469;-346;
510562008;-7;-4;-310;-438;-351;-3;-464;-336;
510563049;4;4;-299;-406;-346;12;-465;-339;
510564118;5;4;-292;-430;-351;20;-457;-340;
510565190;-9;-2;-297;-426;-348;4;-466;-349;
510566210;4;8;-305;-413;-351;5;-462;-332;
510567304;-17;-19;-310;-429;-361;-9;-477;-348;
510568337;-3;-5;-311;-430;-345;20;-474;-339;
510569401;-7;-3;-312;-419;-358;0;-480;-345;
510570534;6;-4;-308;-428;-357;7;-464;-337;
510571630;1;1;-303;-428;-352;-4;-475;-339;
510572736;16;11;-305;-422;-341;10;-460;-331;
510573845;-4;-10;-307;-441;-356;-17;-475;-352;
510574941;12;0;-303;-418;-363;-5;-471;-326;
510575990;-12;-13;-295;-430;-364;-11;-486;-344;
510577081;-7;0;-314;-441;-367;-6;-480;-341;
510578122;-6;4;-316;-419;-358;-3;-471;-338;
510579149;-10;-35;-230;-436;-358;-10;-483;-340;
510580182;4;-3;-302;-432;-362;-1;-466;-328;
510581265;0;-2;-286;-422;-352;6;-465;-336;
510582314;-2;-8;-313;-426;-361;-4;-464;-335;
510583348;-35;-16;-320;-446;-371;-12;-485;-346;
510584403;-29;-20;-328;-526;-377;-20;-479;-354;
510585462;-1;-9;-308;-418;-351;1;-463;-330;
510586513;-13;-10;-317;-436;-362;-13;-478;-353;
510587636;-8;6;-293;-413;-358;4;-475;-337;
510588749;4;-15;-312;-359;-364;6;-476;-336;
510589867;-5;0;-314;-437;-364;-5;-482;-357;
510590991;-7;3;-310;-416;-364;-13;-467;-338;
510592046;0;-7;-290;-412;-355;-1;-474;-335;
510593073;10;-14;-307;-417;-361;-2;-472;-321;
510594103;-41;2;-309;-394;-339;10;-469;-331;
510595138;-7;39;-305;-425;-362;-4;-476;-336;
510596172;3;-1;-300;-428;-345;9;-464;-336;
510597200;-8;-13;-312;-434;-370;-16;-471;-346;
510598276;-3;-5;-301;-415;-349;0;-476;-324;
510599370;-1;4;-292;-409;-335;6;-471;-324;
510600461;-7;-6;-299;-417;-352;1;-463;-330;
510601573;10;-8;-296;-412;-377;2;-465;-334;
510602604;0;0;-307;-412;-355;11;-468;-334;
510603677;9;-4;-311;-410;-347;9;-464;-357;
510604714;-8;-10;-310;-416;-354;-11;-506;-345;
510605788;11;-9;-310;-400;-363;0;-461;-343;
510606909;2;-11;-305;-413;-340;14;-477;-340;
510608007;4;4;-284;-408;-345;4;-465;-327;
510609125;-14;-5;-313;-434;-352;-2;-483;-344;
510610236;3;6;-298;-419;-357;6;-464;-338;
510611332;-15;-13;-320;-440;-361;-8;-485;-349;
510612371;15;5;-305;-407;-341;11;-466;-327;
510613410;0;5;-305;-406;-348;4;-480;-335;
510614464;13;11;-290;-413;-348;12;-450;-340;
510615531;13;5;-252;-413;-339;11;-457;-334;
510616585;0;-51;-309;-416;-340;12;-473;-339;
510617619;-18;-14;-157;-564;-477;-1;-230;-197;
510618654;1;-3;-121;-600;-536;9;129;-118;
510619681;-13;-8;-126;-614;-547;-11;125;-140;
510620717;-12;0;-136;-613;-553;-12;126;-136;
510621756;-3;-2;-122;-590;-536;-3;117;-130;
510622817;-2;39;-114;-600;-523;-7;142;-120;
510623866;-4;-4;-141;-606;-548;-8;127;-133;
510624948;0;0;-128;-601;-536;9;129;-123;
510625976;0;-2;-135;-598;-520;3;123;-133;
510627069;17;4;-128;-590;-519;5;125;-120;
510628157;-4;-7;-128;-576;-536;6;125;-126;
510629260;-2;-7;-29;-621;-546;-5;231;-121;
510630371;-9;123;-145;-605;-536;-9;120;-133;
510631495;6;2;-128;-589;-526;15;129;-117;
510632587;12;-11;-133;-601;-527;0;113;-126;
510633706;-26;-16;-146;-601;-537;-6;109;-132;
510634805;1;20;-135;-596;-527;3;126;-118;
510635847;14;0;-129;-587;-528;15;128;-128;
510636876;6;0;-126;-594;-535;0;120;-107;
510637910;42;2;-137;-583;-525;7;130;-105;
510638942;-12;-9;-135;-603;-538;-9;107;-128;
510639976;6;-3;-132;-596;-521;2;167;-106;
510641017;-4;0;-137;-596;-521;11;107;-114;
510642131;-17;15;-133;-605;-547;-9;113;-121;
510643257;0;12;-133;-594;-531;0;128;-104;
510644371;14;13;-135;-596;-542;-3;114;-118;
510645495;-3;-16;-123;-595;-515;4;130;-103;
510646598;1;-2;-112;-594;-525;3;127;-116;
510647685;11;-1;-130;-592;-531;-3;118;-124;
510648788;-4;1;-146;-611;-539;-13;101;-129;
510649827;1;-13;-137;-600;-549;-38;111;-113;
510650904;4;-3;-162;-576;-511;19;133;-96;
510651942;10;10;-128;-594;-521;9;122;-95;
510653003;-14;-11;-142;-595;-540;-14;160;-117;
510654105;1;2;-120;-615;-518;-4;115;-120;
510655220;-1;6;-143;-600;-546;-5;114;-162;
510656316;4;13;-142;-586;-528;7;102;-114;
510657440;-7;14;-130;-584;-530;6;112;-116;
510658543;-1;112;-125;-586;-527;-1;126;-119;
510659642;-8;-5;-140;-656;-536;-10;117;-129;
510660717;5;-2;-139;-607;-553;-9;108;-135;
510661785;18;-3;-140;-606;-537;-12;109;-125;
510662843;4;17;-132;-573;-537;4;126;-114;
510663904;1;-3;-140;-606;-539;-4;113;-128;
510664939;14;5;-123;-589;-536;16;134;-112;
510665981;-6;-12;-147;-601;-552;-17;38;-162;
510667022;-66;14;-136;-587;-524;-8;122;-111;
510668084;1;4;-219;-583;-523;-6;126;-119;
510669133;1;5;-136;-601;-537;109;111;-111;
510670182;-15;-5;-141;-612;-545;-17;-119;-133;
510671267;0;19;-129;-587;-526;6;125;-75;
510672339;-1;9;-140;-568;-494;8;103;-117;
510673421;-88;11;-128;-596;-474;-2;-171;-221;
510674535;7;2;-178;-569;-520;18;115;-128;
510675651;-6;-9;-191;-524;-464;-21;-253;-266;
510676753;0;19;-261;-453;-395;1;-329;-284;
510677861;3;6;-270;-446;-403;-3;-353;-295;
510678972;3;13;-232;-493;-415;5;-308;-278;
510680075;-8;14;-258;-468;-472;-5;-338;-277;
510681108;-6;-3;-280;-445;-384;4;-358;-278;
510682140;-16;7;-289;-451;-396;-6;-369;-299;
510683254;26;5;-275;-442;-373;17;-365;-296;
510684365;0;16;-220;-524;-469;0;121;-141;
510685480;-17;-6;-131;-585;-523;-16;112;-158;
510686598;84;11;-126;-590;-528;0;115;-113;
510687684;-10;-5;-139;-614;-547;-8;111;-122;
510688790;-13;6;-130;-600;-520;10;123;-136;
510689913;-3;1;-144;-591;-537;0;112;-116;
510691025;2;14;-123;-583;-521;5;132;-123;
510692103;-1;6;-140;-592;-532;-7;123;-119;
510693132;-15;8;-139;-592;-539;-11;120;-139;
510694209;4;-115;-142;-591;-543;-7;110;-115;
510695314;1;-1;-132;-601;-530;-5;113;-128;
510696420;-9;5;-142;-605;-536;4;95;-192;
510697516;4;5;-129;-606;-525;7;126;-89;
510698623;-2;6;-137;-602;-536;3;45;-128;
510699729;12;23;-116;-580;-513;13;141;-105;
510700841;8;18;-133;-582;-519;3;133;-119;
510701937;3;17;-131;-584;-519;-24;118;-126;
510703043;-3;-4;-133;-581;-530;12;120;-126;
510704113;-2;16;-120;-581;-519;0;125;-126;
510705236;2;9;-119;-577;-532;15;133;-116;
510706350;-2;-4;-171;-598;-540;-10;105;-145;
510707478;3;9;-137;-576;-516;9;128;-122;
510708563;0;1;-141;-572;-528;13;137;-131;
510709667;-46;-38;-178;-554;-568;-50;77;-186;
510710774;12;16;-132;-583;-524;1;116;-135;
510711838;5;4;-148;-602;-532;5;120;-146;
510712918;13;0;-139;-585;-518;-9;115;-132;
510713996;4;16;-130;-577;-524;12;121;-120;
510715023;7;9;-143;-582;-533;14;124;-129;
510716059;16;14;-148;-583;-518;0;123;-117;
510717097;4;6;-138;-593;-520;-1;122;-149;
510718193;6;15;-138;-593;-527;-7;102;-145;
510719283;-15;-8;-169;-603;-542;-24;94;-167;
510720387;16;12;-144;-579;-524;-42;125;-128;
510721507;-14;3;-153;-599;-537;-15;107;-145;
510722625;13;6;-154;-574;-531;-30;114;-135;
510723735;17;23;-131;-572;-505;0;118;-139;
510724762;3;37;-144;-582;-524;16;120;-151;
510725797;16;12;-147;-572;-526;-2;114;-150;
510726833;8;5;-147;-561;-503;-1;124;-146;
510727871;13;17;-134;-594;-495;18;130;-145;
510728905;5;10;-156;-583;-518;3;112;-139;
510729936;-1;7;-150;-587;-514;7;122;-136;
510730970;5;19;-143;-572;-515;11;125;-146;
510732004;-2;4;-146;-585;-522;-5;125;-148;
510733098;3;17;-136;-582;-526;0;125;-141;
510734136;-5;9;-141;-594;-515;-5;113;-146;
510735168;16;13;-140;-582;-520;0;117;-108;
510736198;47;-4;-149;-595;-540;-10;115;-155;
510737259;4;17;-132;-572;-516;13;129;-133;
510738365;2;10;-140;-602;-523;-4;108;-151;
510739394;15;14;-152;-586;-521;-2;117;-145;
510740446;15;9;-133;-571;-531;0;122;-139;
510741483;10;8;-102;-588;-533;49;134;-139;
510742509;8;7;-144;-598;-537;-10;124;-149;
510743545;-2;14;-140;-579;-538;3;129;-146;
510744576;4;0;-128;-589;-537;-4;114;-142;
510745609;15;14;-135;-577;-522;14;124;-140;
510746679;56;13;-132;-587;-533;0;129;-148;
510747755;-10;0;-148;-590;-524;-7;100;-163;
510748796;5;9;-138;-581;-520;4;118;-149;
510749833;-16;3;-134;-599;-529;-10;102;-159;
510750944;2;2;-114;-585;-521;5;127;-154;
510752042;9;10;-142;-592;-524;0;99;-139;
510753140;-2;-2;-140;-593;-528;-16;117;-161;
510754241;4;10;-137;-597;-538;-9;104;-139;
510755340;6;3;-147;-594;-530;-1;126;-146;
510756456;4;17;-140;-606;-525;-6;109;-159;
510757586;7;4;-137;-598;-544;-2;115;-158;
510758703;-6;8;-132;-611;-532;5;126;-155;
510759798;20;19;-115;-579;-532;14;130;-75;
510760894;-14;14;-136;-608;-541;-6;119;-164;
510761970;12;0;-136;-587;-532;1;119;-167;
510763029;-6;-4;-155;-598;-550;-35;107;-172;
510764061;4;-33;-126;-579;-524;7;122;-154;
510765094;0;28;-126;-586;-526;13;121;-164;
510766127;-28;-22;-163;-615;-558;-9;103;-197;
510767168;-16;0;-149;-602;-535;-8;73;-187;
510768205;1;14;-144;-593;-539;-4;109;-177;
510769261;3;12;-122;-597;-534;18;123;-158;
510770371;8;26;-125;-581;-525;-1;116;-166;
510771477;0;3;-139;-602;-530;-9;108;-187;
510772571;1;7;-144;-607;-526;-8;106;-190;
510773677;-2;17;-135;-596;-524;-17;114;-169;
510774737;4;2;-145;-603;-530;-4;116;-184;
510775771;-11;-4;-140;-609;-556;-20;103;-182;
510776856;-2;15;-130;-713;-533;3;123;-163;
510777952;2;17;-129;-609;-537;-1;117;-185;
510779059;4;18;-128;-589;-520;14;135;-176;
510780147;4;13;-128;-608;-539;14;103;-185;
510781252;0;10;-130;-557;-546;-5;115;-183;
510782373;11;12;-134;-587;-528;4;129;-199;
510783513;5;6;-128;-598;-533;0;116;-188;
510784576;18;13;-227;-480;-407;2;-292;-352;
510785609;-1;-3;-268;-449;-372;-2;-349;-385;
510786644;11;-28;-295;-441;-361;-4;-350;-394;
510787696;3;-2;-287;-436;-358;3;-386;-406;
510788746;19;14;-289;-419;-330;4;-407;-413;
510789775;0;-5;-308;-456;-339;-5;-435;-438;
510790803;2;-23;-324;-410;-334;-5;-436;-433;
510791837;-2;16;-309;-410;-316;-1;-464;-449;
510792875;0;10;-315;-395;-317;9;-472;-425;
510793919;1;1;-325;-406;-321;-2;-505;-464;
510794944;-7;-7;-358;-396;-311;-6;-520;-504;
510795976;-38;-30;-313;-415;-341;-47;-574;-568;
510797015;-8;-10;-358;-379;-297;-2;-537;-521;
510798061;-4;11;-356;-363;-221;-1;-552;-533;
510799102;-4;1;-357;-361;-290;3;-572;-558;
510800134;-21;-13;-370;-377;-278;4;-610;-555;
510801170;10;-125;-370;-329;-252;13;-597;-548;
510802206;2;-7;-377;-356;-265;6;-614;-563;
510803246;-9;-9;-382;-347;-265;-9;-622;-572;
510804279;-17;-8;-390;-357;-281;-21;-622;-590;
510805312;-16;-14;-388;-365;-379;-14;-621;-573;
510806348;-10;11;-389;-351;-274;-3;-643;-569;
510807379;-11;8;-397;-343;-279;-13;-635;-575;
510808411;0;3;-389;-357;-259;3;-612;-570;
510809449;4;0;-382;-349;-271;9;-577;-562;
510810490;37;20;-273;-392;-292;53;-522;-483;
510811528;-1;-7;-359;-365;-295;1;-539;-555;
510812568;3;-6;-358;-383;-309;-3;-524;-572;
510813596;-17;-3;-356;-387;-314;-9;-510;-559;
510814624;-14;-16;-350;-401;-325;-11;-497;-557;
510815655;-8;-9;-336;-401;-313;8;-470;-556;
510816698;1;-12;-335;-387;-326;5;-446;-562;
510839983;-5;-34;-336;-445;-364;-5;-383;-595;
510841096;-1;-85;-316;-439;-350;-2;-378;-575;
510842207;-7;-82;-321;-440;-349;-5;-386;-573;
510843305;0;-33;-314;-437;-358;-7;-382;-589;
510844363;-12;-31;-325;-423;-356;0;-386;-581;
510845487;-1;12;-304;-438;-361;-10;-374;-588;
510846595;-9;-38;-269;-434;-339;0;-378;-577;
510847684;-8;0;-315;-417;-358;8;-355;-555;
510848787;-14;-17;-318;-439;-378;-26;-365;-604;
510849895;-11;-5;-304;-433;-364;-4;-355;-576;
510850994;-1;-33;-318;-416;-346;-7;-358;-575;
510852087;-5;-29;-312;-434;-358;0;-336;-571;
510853143;-5;-16;-316;-435;-355;2;-356;-574;
510854172;-4;-9;-307;-412;-346;8;-340;-576;
510855203;-5;-16;-317;-410;-358;0;-350;-567;
510856231;-4;-34;-311;-420;-351;6;-350;-568;
510857268;-13;-16;-317;-419;-345;0;-360;-574;
510858298;-8;-10;-265;-415;-345;2;-358;-580;
510859327;-27;-42;-335;-432;-371;-17;-377;-580;
510860357;-9;-20;-274;-449;-373;-4;-309;-563;
510861402;1;-41;-326;-417;-355;0;187;-384;
510862465;-13;-27;-118;-633;-604;-1;153;-327;
510863530;-10;-40;-134;-629;-586;-6;177;-335;
510864562;-117;-24;-129;-617;-573;0;179;-324;
510865673;3;-13;-120;-613;-514;-3;-327;-523;
510866713;28;-25;-329;-413;-341;-1;-359;-573;
510867783;5;-11;-335;-410;-338;9;-361;-554;
510868892;-3;8;-249;-506;-459;-4;-220;-397;
510869995;-10;-1;-266;-515;-439;-7;-190;-453;
510871106;-3;15;-223;-542;-522;-2;180;-338;
510872197;14;5;-135;-615;-548;4;183;-323;
510873261;-1;-8;-142;-615;-538;-1;170;-327;
510874304;0;-3;-131;-619;-554;-3;185;-326;
510875326;-1;-11;-145;-621;-572;-11;182;-343;
510876360;12;-13;-137;-627;-558;-9;197;-328;
510877477;16;-4;-126;-621;-561;-2;183;-340;
510878514;21;1;-144;-623;-561;3;187;-332;
510879545;23;-4;-127;-621;-561;3;190;-316;
510880622;53;15;-107;-591;-512;28;235;-296;
510881727;26;-7;-141;-618;-556;0;206;-324;
510882794;13;-17;-141;-631;-571;-4;186;-324;
510883838;34;-17;-137;-616;-549;17;212;-322;
510884945;27;11;-145;-634;-537;-2;191;-313;
510886067;17;47;-141;-623;-558;-13;185;-326;
510887160;25;38;-143;-618;-548;5;183;-311;
510888269;23;3;-134;-626;-540;-4;206;-322;
510889371;19;-26;-149;-620;-551;-5;191;-336;
510890470;32;-34;-132;-614;-539;14;195;-314;
510891498;36;-27;-142;-616;-559;-13;143;-325;
510892546;24;-20;-156;-602;-555;13;200;-312;
510893656;30;-6;-138;-632;-538;3;210;-291;
510894688;34;-26;-132;-643;-538;7;198;-303;
510895756;29;128;-143;-632;-540;-1;202;-318;
510896791;45;1;-133;-621;-546;5;190;-310;
510897838;39;9;-123;-619;-527;10;206;-308;
510898878;31;14;-134;-638;-544;-3;190;-264;
510899916;28;30;-146;-633;-529;61;207;-307;
510900999;43;30;-140;-635;-532;7;207;-305;
510902037;12;45;-149;-637;-540;-2;185;-316;
510903092;0;25;-159;-666;-557;-24;159;-335;
510904191;26;32;-152;-632;-536;-8;188;-309;
510905303;8;13;-148;-651;-542;-3;196;-328;
510906387;6;31;-141;-638;-533;1;193;-294;
510907501;6;46;-146;-640;-535;-15;217;-324;
510908610;107;128;-64;-493;-431;71;284;-222;
510909725;0;86;-138;-643;-526;-3;209;-308;
510910759;7;33;-135;-617;-523;10;207;-284;
510911794;10;42;-137;-647;-527;2;130;-310;
510912824;13;23;-120;-669;-531;-4;200;-308;
510913852;-7;19;-152;-662;-539;2;196;-300;
510914873;23;24;-141;-582;-520;15;205;-302;
510915968;15;16;-138;-648;-533;-10;202;-317;
510917045;21;35;-134;-662;-541;-4;185;-234;
510918093;-17;42;-129;-688;-530;7;201;-337;
510919157;28;37;-137;-649;-524;-1;189;-300;
510920204;29;25;-133;-644;-524;1;191;-309;
510921237;23;25;-126;-650;-535;6;201;-303;
510922334;36;7;-124;-657;-530;3;190;-310;
510923456;39;5;-158;-654;-523;8;183;-305;
510924560;78;24;-136;-666;-526;0;190;-294;
510925645;78;15;-133;-659;-530;-3;204;-300;
510926755;67;-35;-128;-642;-527;5;189;-302;
510927847;55;16;-155;-666;-531;-3;198;-312;
510928947;110;70;-99;-605;-458;19;245;-260;
510930050;66;24;-140;-650;-515;5;193;-296;
510931088;69;21;-161;-653;-522;5;184;-303;
510932181;64;24;-140;-654;-534;6;178;-302;
510933293;55;25;-150;-695;-523;-5;187;-288;
510934397;52;10;-155;-659;-518;-6;184;-307;
510935516;63;25;-147;-656;-510;5;206;-295;
510936627;75;21;-144;-662;-518;5;204;-283;
510937717;48;27;-149;-653;-521;4;188;-291;
510938751;70;25;-145;-646;-513;-2;199;-281;
510939784;68;26;-140;-657;-522;15;192;-290;
510940825;76;19;-143;-655;-514;13;203;-292;
510941877;63;28;-145;-663;-508;2;268;-291;
510942911;74;25;-142;-655;-511;10;202;-281;
510943951;58;25;-142;-661;-515;7;186;-291;
510944983;69;33;-146;-663;-517;2;188;-275;
510946079;52;39;-149;-655;-505;0;205;-412;
510947198;45;8;-159;-668;-512;-9;184;-298;
510948243;50;26;-149;-646;-511;0;189;-326;
510949268;52;25;-221;-579;-434;12;2;-372;
510950304;44;23;-169;-655;-494;-7;117;-323;
510951339;63;42;-145;-663;-512;0;187;-296;
510952449;86;88;-117;-671;-492;25;218;-261;
510953584;52;34;-144;-659;-524;13;182;-283;
510954679;10;38;-148;-677;-515;0;172;-303;
510955775;48;33;-144;-655;-512;12;177;-276;
510956898;54;28;-134;-642;-494;5;141;-279;
510958007;74;-8;-138;-662;-515;2;178;-293;
510959040;44;25;-137;-671;-512;-1;186;-275;
510960072;44;18;-154;-681;-528;-8;191;-294;
510961098;38;25;-134;-673;-524;-5;169;-278;
510962136;51;25;-320;-470;-306;-1;-407;-520;
510963174;45;21;-350;-446;-289;-6;-422;-460;
510964215;43;31;-343;-439;-282;1;-434;-538;
510965251;30;12;-340;-445;-288;-5;-426;-551;
510966301;43;21;-334;-442;-278;2;-423;-542;
510967385;14;20;-314;-452;-297;-6;-417;-544;
510968438;41;22;-346;-451;-294;-7;-421;-539;
510969475;42;28;-345;-441;-282;8;-423;-536;
510970502;40;62;-306;-475;-306;13;-428;-540;
510971531;41;25;-338;-434;-289;-3;-434;-545;
510972568;39;21;-258;-575;-425;10;-398;-514;
510973595;31;19;-307;-574;-464;-3;182;-300;
510974625;42;30;-114;-666;-515;-2;196;-287;
510975679;31;24;-131;-660;-523;-52;202;-285;
510976747;40;26;-121;-680;-514;-7;152;-285;
510977773;32;13;-133;-680;-516;7;207;-285;
510978806;26;29;-138;-675;-515;-9;184;-288;
510979832;48;24;-159;-570;-374;-18;-393;-517;
510980861;40;32;-332;-442;-300;0;-388;-508;
510981899;28;20;-327;-462;-286;-1;-424;-540;
510982962;24;11;-330;-448;-303;51;-425;-508;
510984014;47;75;-332;-444;-299;-2;-426;-544;
510985050;31;22;-338;-448;-288;-15;-395;-544;
510986134;38;27;-326;-451;-306;1;-403;-528;
510987174;45;26;-323;-487;-283;13;-390;-524;
510988215;25;13;-332;-473;-298;-9;-411;-537;
510989236;26;16;-334;-463;-300;0;-403;-534;
510990257;25;25;-322;-453;-295;8;-401;-537;
510991281;37;31;-320;-448;-294;-4;-397;-525;
511003385;13;9;-156;-675;-485;-1;-26;-441;
511004512;100;84;-221;-533;-404;64;262;-230;
511005607;29;8;-189;-669;-511;-6;172;-299;
511006707;35;22;-136;-673;-504;9;187;-270;
511007750;18;5;-134;-684;-491;-14;167;-297;
511008771;16;9;-125;-683;-529;-13;174;-291;
511009791;37;20;-113;-677;-506;15;212;-281;
511010814;44;26;-128;-680;-509;5;181;-281;
511011835;36;20;-131;-675;-531;4;178;-285;
511012860;42;30;-124;-668;-514;17;185;-281;
511013895;13;6;-141;-693;-528;-11;163;-291;
511014923;39;31;-107;-677;-505;0;270;-278;
511015958;15;6;-146;-701;-534;-18;162;-305;
511016992;57;17;-133;-694;-532;-9;170;-292;
511018019;38;-12;-127;-674;-519;-2;179;-284;
511019044;-1;13;-129;-676;-520;10;174;-290;
511020072;22;17;-137;-692;-527;-9;184;-319;
511021098;41;33;-131;-669;-509;1;188;-277;
511022129;28;25;-131;-670;-513;0;187;-282;
511023169;32;23;-118;-686;-503;2;175;-286;
511024196;30;19;-144;-711;-515;-7;171;-286;
511025228;43;16;-118;-679;-511;4;183;-283;
511026257;40;25;-130;-681;-511;0;177;-279;
511027281;22;31;-142;-696;-527;-5;174;-286;
511028308;36;25;-132;-686;-516;1;180;-283;
511029340;38;3;-115;-683;-516;-2;175;-287;
511030381;27;24;-136;-690;-525;-3;177;-290;
511031410;24;24;-126;-682;-517;-9;181;-280;
511032457;13;27;-126;-687;-523;-15;170;-296;
511033481;32;22;-131;-683;-504;1;191;-280;
511034502;38;26;-116;-684;-556;-3;183;-286;
511035525;44;23;-127;-685;-514;6;143;-282;
511036547;56;56;-108;-668;-497;24;166;-254;
511037569;20;-5;-134;-689;-522;-4;179;-284;
511038592;29;25;-127;-683;-523;0;181;-278;
511039615;14;13;-133;-697;-527;-10;168;-296;
511063473;93;18;-129;-710;-529;-15;166;-291;
511064588;25;40;-116;-696;-513;-1;183;-287;
511065689;18;23;-125;-685;-519;-3;170;-287;
511066773;6;13;-125;-695;-532;-3;170;-289;
511067877;22;18;-128;-684;-512;9;186;-287;
511068909;21;25;-117;-698;-516;17;176;-284;
511069939;10;0;-136;-708;-523;4;163;-291;
511070970;81;-41;-126;-706;-529;-12;171;-293;
511072002;9;11;-125;-697;-528;-14;176;-285;
511073055;26;16;-128;-705;-523;-7;180;-271;
511074148;34;18;-118;-701;-518;18;193;-294;
511075178;31;17;-110;-699;-509;9;181;-286;
511076210;49;44;-91;-664;-486;36;208;-252;
511077249;20;4;-119;-709;-522;-8;165;-293;
511078293;11;9;-117;-706;-512;-7;179;-297;
511079323;18;22;-131;-695;-515;1;180;-287;
511080353;-1;16;-141;-721;-539;-25;237;-297;
511081395;16;21;-120;-710;-524;1;176;-351;
511082436;16;-3;-308;-518;-336;-8;-390;-532;
511083471;2;-5;-308;-500;-320;-13;-395;-514;
511084502;-52;-50;-376;-562;-372;-54;-464;-582;
511085528;-1;21;-313;-493;-313;10;-383;-523;
511086567;12;17;-311;-493;-331;-9;-406;-509;
511087610;14;13;-303;-492;-298;53;-398;-524;
511088662;0;0;-301;-498;-319;-9;-404;-537;
511089689;-7;3;-318;-499;-331;-7;-398;-526;
511090721;-6;1;-323;-506;-310;-19;-402;-519;
511091752;0;16;-229;-623;-482;-13;39;-407;
511092777;-2;8;-129;-685;-494;1;-321;-482;
511093807;2;8;-295;-498;-305;0;-381;-516;
511094835;8;10;-303;-487;-316;4;-371;-510;
511095863;12;11;-293;-484;-308;13;-373;-515;
511096901;-2;23;-293;-492;-307;-2;-359;-504;
511097942;-2;7;-184;-595;-382;-3;-351;-505;
511098973;0;19;-116;-697;-517;3;159;-283;
511100005;21;14;-221;-556;-352;-2;-333;-499;
511120625;21;11;-280;-513;-320;5;-359;-512;
511121713;8;16;-281;-510;-327;5;-340;-515;
511122852;-6;-6;-294;-523;-324;-3;-364;-516;
511123967;-2;8;-277;-513;-325;6;-364;-519;
511125070;-2;-104;-281;-523;-326;14;-364;-518;
511126180;16;22;-284;-519;-323;-11;-356;-509;
511127266;0;5;-282;-506;-318;9;-361;-501;
511128292;0;3;-289;-516;-320;9;-372;-512;
511129350;-4;11;-281;-514;-309;3;183;-341;
511130407;-5;14;-79;-702;-526;2;182;-288;
511131434;5;8;-82;-706;-526;122;187;-283;
511132457;4;-2;-101;-714;-535;-7;167;-291;
511133480;-36;10;-100;-713;-531;-4;180;-286;
511134501;8;22;-80;-697;-511;-1;185;-332;
511135528;9;-1;-188;-584;-366;8;-323;-464;
511136548;-15;-21;-298;-535;-349;-26;-402;-517;
511137570;12;17;-274;-498;-307;12;208;-333;
511138591;2;12;-265;-555;-392;11;189;-382;
511139614;-12;1;-115;-710;-529;-3;175;-288;
511140640;5;17;-97;-705;-523;4;184;-271;
511141664;4;9;-101;-709;-523;2;221;-271;
511142690;40;16;-93;-714;-520;-2;180;-284;
511143720;5;22;-88;-716;-543;3;175;-280;
511144752;11;5;-108;-676;-523;4;178;-289;
511145838;-8;-1;-106;-725;-524;15;171;-293;
511146967;5;0;-116;-702;-537;-11;158;-293;
511148068;2;11;-96;-711;-513;16;183;-281;
511149152;1;25;-110;-706;-524;11;178;-281;
511150223;-10;-14;-130;-745;-539;-13;156;-297;
511151244;-11;-13;-116;-731;-527;-17;160;-289;
511152265;-5;4;-108;-727;-541;-15;166;-296;
511153286;22;4;-113;-698;-513;16;176;-284;
511154308;5;3;-104;-709;-528;0;104;-283;
511155324;-18;1;-111;-721;-534;-5;171;-293;
511156344;15;23;-104;-708;-537;-7;182;-294;
511157366;-4;5;-96;-742;-531;-6;165;-242;
511158387;-4;0;-137;-719;-536;-9;163;-282;
511159417;13;3;-108;-722;-527;1;162;-291;
511160449;-2;21;-108;-706;-510;8;177;-289;
511161482;10;15;-109;-702;-513;4;175;-286;
511162514;-3;0;-122;-724;-527;-16;171;-290;
511163549;5;3;-99;-706;-524;10;179;-278;
511164581;14;8;-114;-716;-528;2;174;-286;
511165608;0;-24;-108;-710;-532;0;174;-291;
511166639;16;16;-106;-714;-525;4;176;-294;
511167676;-43;10;-100;-705;-526;10;177;-285;
511168699;-13;6;-112;-720;-535;-9;161;-282;
511169730;3;3;-106;-712;-516;11;177;-272;
511170771;3;9;-106;-721;-515;38;173;-277;
511171861;-5;8;-119;-710;-523;6;172;-287;
511172918;-20;-22;-153;-748;-555;-39;124;-319;
511173952;12;-10;-114;-714;-514;13;167;-277;
511174984;6;19;-81;-710;-518;-9;148;-272;
511176070;11;26;-114;-704;-582;8;181;-285;
511177152;-3;11;-109;-713;-527;-32;164;-271;
511178190;22;-20;-100;-700;-511;17;183;-275;
511179237;-7;-7;-116;-709;-530;-12;157;-296;
511180295;16;20;-102;-711;-522;3;173;-282;
511181322;1;-2;-110;-696;-528;4;156;-279;
511182395;-9;-7;-116;-717;-536;-12;159;-286;
511183438;-3;15;-107;-718;-529;-4;177;-270;
511189709;5;5;-101;-705;-527;-84;175;-274;
511190806;8;-2;-110;-727;-523;-7;161;-286;
511191896;-3;5;-114;-731;-524;-16;174;-280;
511192991;72;72;-29;-652;-441;46;240;-215;
511194020;-12;3;-119;-735;-529;-11;167;-287;
511195054;4;3;-108;-727;-529;-8;176;-288;
511196082;24;11;-97;-724;-525;-2;174;-274;
511197191;-15;-2;-96;-735;-529;-8;162;-298;
511198236;0;-9;-116;-725;-530;-17;167;-293;
511199260;-11;-7;-101;-720;-539;0;170;-296;
511200302;-8;-9;-112;-711;-521;-9;159;-292;
511201388;15;17;-110;-706;-550;4;177;-281;
511202435;-25;-25;-137;-739;-545;-21;149;-312;
511203464;4;7;-105;-721;-518;7;170;-289;
511204527;-8;-12;-115;-728;-523;-5;174;-286;
511205566;-11;-2;-123;-730;-514;-11;156;-282;
511206593;3;-106;-115;-712;-516;-2;177;-278;
511207627;-59;-65;-177;-775;-589;-75;114;-358;
511208662;-5;1;-107;-717;-511;-2;170;-280;
511209741;13;-12;-111;-723;-526;-25;173;-294;
511210841;-6;3;-109;-714;-520;4;161;-284;
511211952;4;9;-106;-705;-511;18;187;-277;
511213064;-4;-17;-107;-720;-516;-10;151;-272;
511214174;-4;0;-96;-685;-524;-1;178;-282;
511215274;6;6;-99;-717;-522;4;171;-279;
511216301;0;-1;-113;-715;-516;-1;162;-289;
511217328;0;8;-25;-696;-526;0;187;-275;
511218357;6;0;-117;-719;-539;-12;170;-287;
511219388;21;0;-103;-714;-527;0;181;-278;
511220418;-3;7;-103;-709;-519;-3;164;-277;
511221461;-5;13;-96;-716;-545;-5;171;-287;
511222490;-3;2;-104;-731;-524;0;167;-285;
511223610;1;-6;-118;-722;-518;4;175;-300;
511224645;8;-5;-97;-709;-518;-5;165;-286;
511225681;9;21;-103;-716;-513;13;179;-278;
511226719;5;14;-90;-706;-512;0;179;-277;
511227749;9;-2;-106;-717;-530;10;161;-289;
511228796;6;7;-111;-726;-527;-5;161;-290;
511229825;-9;-11;-112;-721;-550;-4;86;-287;
511230853;7;-3;-106;-722;-532;-9;167;-277;
511231888;8;-2;-112;-720;-521;11;166;-273;
511232915;-4;-1;-114;-712;-520;-4;172;-287;
511233952;6;4;-113;-618;-362;-1;-344;-476;
511235038;-2;7;-359;-528;-337;-27;-369;-488;
511236073;0;13;-269;-563;-432;4;119;-286;
511237110;4;-5;-105;-701;-510;-9;-90;-318;
511238182;-5;0;-193;-585;-358;10;-345;-494;
511239230;-6;3;-301;-529;-337;-6;-341;-498;
511240280;4;11;-283;-514;-329;-4;-323;-502;
511241398;12;-1;-280;-528;-318;2;-357;-494;
511242516;6;0;-296;-523;-326;11;-309;-498;
511243618;1;9;-277;-531;-347;9;-206;-344;
511244725;-2;-5;-124;-678;-469;4;-162;-322;
511245841;-7;2;-135;-680;-487;-5;-169;-333;
511246940;-16;-22;-150;-700;-499;-20;-171;-348;
511247973;9;10;-135;-670;-470;15;-145;-308;
511249008;7;-87;-125;-679;-496;2;-153;-320;
511250047;-9;0;-141;-688;-440;-2;-158;-327;
511251072;8;-2;-139;-683;-491;6;-163;-318;
511252103;3;7;-132;-676;-488;-1;-151;-323;
511253137;13;9;-137;-680;-466;13;-146;-304;
511254167;7;4;-123;-677;-472;4;-140;-312;
511255205;-10;5;-136;-702;-487;3;-140;-304;
511256231;-3;-17;-142;-693;-503;-5;-156;-322;
511257269;0;119;-140;-686;-486;-1;-143;-325;
511258299;-11;-1;-146;-678;-470;-10;-158;-332;
511259365;-2;-5;-110;-685;-469;-1;-151;-324;
511260415;-12;3;-140;-678;-482;-7;-161;-331;
511261451;-2;5;-133;-685;-481;8;-146;-325;
511262477;-2;1;-128;-670;-466;8;-155;-314;
511263510;4;-4;-103;-694;-484;9;63;-294;
511264544;-21;-1;-115;-715;-512;-14;11;-312;
511265570;9;15;-103;-719;-505;0;-49;-308;
511266634;-62;-6;-127;-701;-490;-7;-160;-320;
511267667;6;2;-131;-680;-487;3;-105;-303;
511268694;9;-1;-129;-717;-507;-8;-131;-310;
511269723;16;5;-138;-687;-489;-4;-77;-303;
511270834;-1;5;-105;-724;-518;-6;25;-296;
511271953;6;9;-90;-722;-520;0;140;-276;
511273040;-19;-3;-107;-731;-529;-9;170;-292;
511274163;4;-1;-101;-721;-505;-14;-114;-316;
511275273;8;13;-123;-710;-503;-2;167;-272;
511276394;8;9;-121;-688;-466;-4;-66;-304;
511277434;-9;-9;-100;-719;-526;-9;159;-287;
511278467;12;15;-71;-710;-513;10;148;-274;
511279500;14;0;-105;-727;-519;-5;180;-273;
511280528;-9;4;-111;-715;-532;-10;162;-292;
511281568;13;-3;-95;-722;-514;13;175;-270;
511282598;3;7;-103;-754;-524;4;175;-289;
511283625;-8;-7;-107;-722;-527;0;166;-277;
511284653;-13;6;-113;-731;-536;-7;160;-274;
511285744;1;9;-99;-721;-515;67;170;-276;
511286790;7;8;-113;-724;-519;3;161;-276;
511287825;0;9;-102;-717;-526;15;168;-272;
511288869;-9;-8;-90;-731;-523;12;155;-278;
511289912;3;6;-96;-721;-521;-4;180;-271;
511290945;5;15;-96;-721;-516;2;120;-271;
511291983;-7;2;-112;-735;-535;-6;163;-287;
511293014;4;2;-96;-725;-511;8;171;-257;
511294046;49;3;-107;-720;-525;4;171;-280;
511295084;-5;-4;-101;-726;-515;5;174;-263;
511296108;-11;-6;-98;-733;-526;-3;154;-287;
511297145;8;11;-103;-728;-525;-8;163;-281;
511298173;3;9;-94;-732;-519;-7;169;-276;
511299201;19;0;-92;-723;-523;5;167;-268;
511300231;-7;-4;-102;-717;-520;1;170;-269;
511301265;-32;-21;-139;-763;-565;-42;143;-303;
511302310;-11;-11;-106;-730;-526;-5;166;-280;
511303336;0;5;-102;-729;-512;-2;164;-274;
511304374;0;12;-98;-722;-523;0;170;-268;
511305411;-10;-10;-160;-716;-527;1;107;-304;
511306450;-11;-11;-105;-739;-522;-2;164;-269;
511307475;2;1;-88;-728;-514;2;161;-274;
511308508;10;0;-98;-719;-519;1;50;-273;
511309545;0;-8;-104;-728;-571;5;166;-277;
511324162;11;7;-100;-722;-524;13;176;-279;
511325262;23;44;-66;-701;-501;25;194;-244;
511326376;0;-7;-86;-721;-519;-3;154;-261;
511327469;-9;0;-112;-715;-525;-9;170;-270;
511328504;8;4;-103;-722;-515;0;176;-272;
511329598;13;-1;-83;-725;-499;-7;168;-275;
511330651;-21;-7;-121;-738;-515;4;169;-265;
511331685;6;-9;-94;-720;-517;3;179;-268;
511332724;5;11;-95;-724;-523;8;164;-254;
511333753;-16;-2;-102;-720;-513;7;160;-263;
511334785;-6;-16;-94;-727;-528;4;155;-275;
511335818;12;5;-91;-709;-516;10;173;-266;
511336853;34;12;-87;-715;-513;5;182;-256;
511337891;11;-3;-92;-733;-521;-5;156;-268;
511338926;-16;-3;5;-731;-630;-9;164;-269;
511339948;-17;-5;-105;-734;-534;0;120;-279;
511341021;5;-1;-100;-726;-518;8;174;-268;
511342059;-69;36;-107;-734;-523;-6;163;-265;
511343090;-3;9;-91;-719;-526;-11;173;-276;
511344143;-10;-8;-107;-727;-523;-9;135;-256;
511345208;-16;-9;-115;-732;-544;-13;154;-278;
511346237;10;-1;-120;-709;-515;10;160;-257;
511347304;0;10;-101;-729;-532;2;167;-265;
511348337;2;-46;-89;-717;-516;10;158;-260;
511349399;24;-1;-87;-715;-532;-9;168;-267;
511350529;-2;0;-90;-729;-523;1;168;-267;
511351622;13;-4;-97;-726;-521;-5;168;-271;
511352721;2;5;-95;-724;-521;10;181;-257;
511353821;-10;-10;-105;-722;-530;-5;162;-268;
511354923;21;27;-98;-727;-508;2;171;-268;
511356014;5;5;-78;-722;-525;-7;212;-294;
511357108;-6;-1;-90;-733;-521;29;157;-265;
511358153;-3;-3;-97;-727;-518;-8;156;-265;
511359213;6;9;-93;-712;-514;11;176;-247;
511360322;-7;-15;-109;-710;-522;-6;165;-279;
511361444;2;3;-70;-735;-522;11;166;-269;
511362564;-6;-8;-131;-728;-519;15;162;-250;
511363667;-9;-23;-120;-747;-539;-25;147;-288;
511364783;1;2;-106;-734;-525;-4;184;-271;
511365845;-1;-8;-78;-726;-514;6;171;-265;
511366909;-7;4;-110;-735;-536;2;168;-268;
511367957;8;-1;-196;-730;-515;-11;162;-266;
511368991;1;-4;-81;-721;-523;15;163;-263;
511370021;-1;7;-102;-731;-530;-6;156;-259;
511371061;7;0;-70;-716;-533;13;146;-259;
511372095;14;1;-84;-722;-516;1;165;-269;
511373127;-15;-8;-109;-738;-526;-8;146;-264;
511374192;8;12;-80;-710;-506;16;177;-253;
511375252;-11;-1;-108;-733;-531;-2;148;-269;
511376294;4;-25;-87;-722;-522;9;168;-249;
511377387;-2;-9;-88;-728;-526;-10;174;-259;
511378422;0;1;-86;-710;-517;2;174;-272;
511379537;12;-3;-36;-723;-535;1;158;-257;
511380654;-15;-4;-103;-733;-526;-3;155;-272;
511381750;-5;-13;-99;-727;-533;-4;151;-274;
511382857;6;-28;-98;-720;-520;-1;152;-257;
511383950;-2;-10;-101;-731;-526;1;159;-276;
511385045;-25;-47;-90;-714;-523;-8;162;-269;
511386068;-11;-10;-119;-717;-533;-16;-74;-306;
511387104;-7;4;-103;-710;-509;12;-51;-290;
511388138;-10;0;-97;-720;-525;-2;-76;-303;
511389163;2;-4;-124;-700;-476;-23;-128;-297;
511390202;5;-1;-95;-727;-511;-1;-10;-296;
511391226;-4;-26;-118;-707;-504;7;-43;-294;
511392270;13;0;-53;-697;-503;48;144;-268;
511393299;6;5;-98;-713;-495;9;-127;-307;
511394328;-13;-16;-129;-706;-482;-9;-154;-318;
511395374;-1;-7;-128;-696;-491;5;-137;-313;
511396410;0;-8;-114;-696;-408;9;-132;-305;
511397502;-4;-1;-128;-684;-485;0;-128;-301;
511398548;-12;-2;-112;-680;-492;8;-141;-304;
511399581;-3;-14;-131;-707;-498;-13;-135;-323;
511400609;-5;-13;-128;-689;-467;6;-225;-386;
511401652;5;-4;-223;-587;-387;-11;-252;-433;
511402683;4;-9;-224;-610;-390;-15;-224;-403;
511403712;0;-9;-178;-691;-439;0;-159;-334;
511404751;-6;8;-116;-688;-467;4;-137;-307;
511405785;1;7;-125;-699;-495;7;-126;-315;
511406817;-17;-16;-129;-707;-499;-2;-129;-299;
511407842;-8;-9;-133;-709;-492;-5;-133;-302;
511408878;0;0;-123;-700;-488;6;-129;-300;
511409918;3;-2;-121;-698;-471;-6;-135;-303;
511410979;0;0;-124;-695;-491;4;-128;-294;
511412021;0;-2;-124;-698;-494;6;-120;-305;
511413059;-94;-7;-122;-729;-487;-1;-134;-311;
511414092;-71;-71;-187;-765;-567;-77;-204;-410;
511415120;-2;5;-105;-691;-488;-2;-128;-291;
511416151;0;4;-127;-704;-513;8;-120;-290;
511417194;64;74;-53;-631;-421;80;-69;-231;
511418218;9;-1;-113;-703;-500;3;-134;-287;
511440047;5;0;-66;-748;-530;-2;158;-243;
511441149;-10;-16;-65;-750;-527;-3;152;-242;
511442258;-5;0;-77;-734;-531;9;128;-240;
511443367;-4;0;-74;-737;-527;-8;131;-236;
511444481;-2;1;-81;-738;-539;-7;131;-235;
511445517;-10;4;-71;-728;-521;3;160;-229;
511446549;-8;-4;-93;-738;-536;5;150;-242;
511447584;-3;0;-78;-750;-531;10;147;-240;
511448695;-9;-6;-86;-743;-535;-9;146;-236;
511449738;-2;-1;-74;-734;-523;0;155;-232;
511450777;-3;-10;-87;-746;-533;-3;165;-230;
511451833;8;-5;-65;-758;-535;0;158;-228;
511452927;-21;-13;-98;-756;-548;-16;149;-251;
511454036;-10;-3;-98;-734;-520;-10;148;-223;
511455145;19;0;-84;-764;-536;3;164;-209;
511456248;-109;-100;-170;-843;-633;-100;63;-331;
511457353;-7;-4;-77;-748;-529;4;161;-231;
511458469;-2;-10;-75;-755;-531;3;160;-224;
511459502;2;-72;-73;-745;-533;1;151;-218;
511460561;9;-5;-72;-752;-525;-13;149;-225;
511461635;5;8;-66;-737;-524;6;170;-211;
511462666;-4;-7;-77;-761;-542;8;156;-220;
511463694;3;-3;-70;-744;-535;9;160;-216;
511464725;-18;-9;-85;-766;-546;-5;152;-226;
511465809;-2;-4;-71;-761;-535;-4;158;-220;
511466837;3;2;-59;-763;-534;6;163;-219;
511467883;-1;26;-122;-763;-529;-2;137;-223;
511468914;-1;-4;-62;-759;-533;3;161;-216;
511469943;-7;-3;-79;-749;-542;-1;157;-223;
511470977;-8;-20;-80;-763;-543;5;148;-228;
511472022;-2;-3;-64;-759;-530;-6;164;-201;
511473060;-13;-12;-83;-781;-536;-4;145;-206;
511474135;3;-14;-61;-758;-556;-1;153;-201;
511475247;-2;-16;-65;-778;-559;6;151;-207;
511476348;2;2;-59;-774;-539;12;163;-188;
511477484;-21;-5;-68;-800;-563;-16;152;-213;
511478591;-21;-19;-73;-805;-567;-10;146;-238;
511479702;-9;-9;-60;-793;-576;-9;150;-189;
511480817;-5;4;-61;-784;-560;-6;160;-191;
511481919;-23;-13;-66;-800;-576;-6;166;-202;
511483023;-7;-1;-2;-881;-587;-7;141;-199;
511484120;-14;5;-64;-795;-578;3;155;-186;
511485163;-8;5;-97;-770;-575;6;172;-180;
511486273;-7;-4;-57;-780;-593;-9;151;-187;
511487375;-9;-11;-63;-803;-606;2;158;-188;
511488500;0;-5;-48;-794;-582;5;166;-192;
511489591;0;9;-38;-784;-587;10;170;-188;
511490705;-4;1;-51;-799;-600;-11;153;-194;
511491797;-18;-25;-66;-811;-605;-4;139;-214;
511492837;-18;-14;-56;-801;-590;-10;150;-198;
511493880;7;25;3;-738;-572;19;185;-175;
511494966;-16;-17;-39;-785;-604;-9;149;-205;
511496044;-2;-12;-31;-790;-583;7;162;-191;
511497085;-12;-7;-24;-795;-588;19;193;-188;
511498135;-15;-15;-32;-796;-589;-8;150;-207;
511499197;-8;-16;-25;-801;-574;1;155;-198;
511500221;0;-10;-1;-796;-568;2;143;-197;
511501251;26;-10;-21;-785;-701;0;157;-195;
511502293;0;-9;3;-775;-566;9;151;-216;
511503325;-17;-16;-4;-805;-586;-13;142;-206;
511504355;-7;-18;-16;-787;-581;2;151;-198;
511505400;-7;-13;-4;-787;-568;16;145;-202;
511506517;-32;-33;-21;-812;-594;-8;125;-216;
511507623;2;-13;10;-775;-574;-14;145;-219;
511508729;-16;0;13;-777;-556;4;134;-220;
511509839;13;-14;-71;-530;-316;5;-587;-502;
511510882;-20;-24;-97;-467;-277;0;-672;-647;
511511925;-3;-18;-80;-464;-270;2;-668;-562;
511512952;-6;-8;-71;-467;-265;13;-666;-573;
511513990;-15;-8;-57;-453;-269;3;-667;-564;
511515021;-4;-55;-74;-460;-282;2;-643;-582;
511516056;-3;-10;-55;-471;-290;5;-663;-578;
511517163;-21;-29;-5;-490;-302;-7;-626;-592;
511518217;-17;-29;-54;-489;-302;-4;-651;-573;
511519244;-12;-8;-56;-514;-308;1;-414;-564;
511520280;-23;-12;-54;-522;-306;-12;-321;-410;
511521307;10;-18;5;-705;-487;10;-169;-286;
511522329;-4;-5;13;-732;-515;-1;-154;-282;
511523357;-7;-10;20;-702;-508;15;-139;-264;
511524388;-12;-17;17;-718;-523;2;-137;-274;
511525422;-30;-21;11;-727;-559;-14;-127;-287;
511526452;-12;-20;2;-740;-515;6;-128;-290;
511527481;-25;-28;26;-747;-553;2;137;-245;
511528514;-25;-21;19;-755;-556;0;142;-237;
511529547;-21;-34;3;-754;-566;-6;95;-252;
511530576;-20;-21;6;-712;-446;-9;-484;-527;
511531611;-25;-68;-23;-526;-374;-17;-508;-543;
511532657;-29;-39;-11;-504;-352;6;-516;-545;
511533684;0;-2;26;-507;-304;36;-523;-518;
511534720;-12;-5;-8;-481;-299;5;-536;-546;
511535757;8;6;16;-473;-294;24;-536;-540;
511536790;-29;-49;-21;-498;-313;-5;-562;-562;
511537833;-14;-14;-1;-469;-307;7;-470;-525;
511538871;-31;-29;5;-508;-402;3;-440;-505;
511539900;-147;-26;3;-477;-330;-3;-539;-539;
511540945;-83;-30;-4;-548;-321;-3;-551;-549;
511541995;-37;-18;-9;-472;-344;-17;-537;-543;
511543026;-26;-62;27;-456;-316;9;-544;-543;
511592519;-81;-9;18;-594;-471;4;139;-149;
511593627;-142;-86;-47;-545;-551;-67;68;-220;
511594713;-56;-27;21;-506;-475;5;129;-160;
511595812;-64;-34;18;-534;-461;-10;134;-125;
511596837;-56;-20;32;-514;-447;-4;132;-160;
511597884;-61;-15;26;-528;-469;5;133;-158;
511598915;-54;-37;36;-530;-453;-6;128;-150;
511599943;-52;-38;48;-529;-460;15;145;-154;
511600976;-41;-12;27;-528;-466;3;128;-183;
511602002;-37;-20;34;-518;-463;-1;127;-156;
511603023;-49;-28;26;-533;-474;-27;138;-146;
511604057;-35;-30;31;-528;-478;-2;130;-148;
511605096;-48;-30;26;-515;-483;0;137;-158;
511606129;-28;-23;38;-535;-470;1;130;-135;
511607166;-42;-29;47;-551;-476;4;124;-144;
511608205;-42;-40;38;-554;-491;-9;112;-163;
511609236;-40;-28;50;-551;-480;-3;139;-158;
511610282;-52;-38;26;-554;-486;3;128;-167;
511611310;-34;-23;35;-568;-516;4;127;-150;
511612345;-44;-38;21;-579;-490;3;129;-156;
511613378;-38;-27;24;-581;-471;0;133;-156;
511614435;-35;-18;34;-572;-471;2;135;-134;
511615462;-43;-34;27;-582;-500;-10;119;-168;
511616500;-50;-45;15;-599;-492;-10;123;-165;
511617531;-51;-27;36;-583;-503;9;177;-154;
511618566;-51;-23;18;-571;-502;-4;126;-151;
511619605;-32;-45;10;-571;-501;3;151;-160;
511620641;-42;-29;1;-596;-526;3;170;-174;
511621684;-27;-24;13;-596;-527;0;161;-182;
511622773;-62;-37;4;-606;-542;-13;163;-184;
511623806;-41;16;17;-595;-535;11;181;-171;
511624875;-28;-59;11;-609;-536;1;176;-199;
511625909;-29;-13;14;-611;-533;5;173;-164;
511626985;-38;-29;8;-615;-548;-3;162;-190;
511628034;-49;-30;7;-622;-548;5;289;-183;
511629073;-33;-30;-4;-623;-547;-1;172;-192;
511637150;-55;-34;-18;-660;-573;-12;149;-189;
511638266;-29;-29;-9;-620;-562;-5;172;-185;
511639377;-30;-20;-17;-647;-556;-10;166;-176;
511640467;-46;-32;-21;-645;-571;-14;172;-190;
511641530;-33;-34;-10;-628;-562;-7;168;-189;
511642613;-36;-24;-16;-635;-564;22;197;-176;
511643644;-43;-29;-31;-632;-572;2;173;-202;
511644676;-68;-70;-68;-677;-611;-46;131;-231;
511645709;-14;-10;-6;-626;-553;6;188;-158;
511646740;-30;-29;-30;-640;-570;-11;177;-178;
511647766;-38;-34;-40;-657;-593;-38;167;-188;
511648797;-26;-20;-33;-641;-563;4;185;-182;
511649826;-29;-35;-57;-640;-572;-6;175;-182;
511650864;-29;-23;-41;-640;-583;8;144;-182;
511651889;-9;-26;-46;-619;-564;-1;91;-185;
511652914;-29;-27;-60;-620;-566;-2;94;-186;
511653940;-34;-29;-46;-644;-562;12;78;-178;
511654967;-26;-8;-34;-645;-567;-17;166;-175;
511656006;-25;-24;-53;-650;-581;-4;172;-176;
511657049;-28;-28;-47;-648;-581;-2;174;-179;
511658078;-36;-21;-60;-650;-583;-10;162;-201;
511659105;-29;-49;-66;-656;-578;-9;168;-193;
511660155;-36;-36;-61;-668;-597;-3;167;-196;
511661184;-29;-33;-46;-659;-599;-9;172;-182;
511662215;-30;-43;-57;-641;-574;-6;175;-188;
511663246;-9;-25;-60;-593;-568;13;162;-171;
511664286;11;15;-41;-607;-533;38;180;-143;
511665322;6;-12;-55;-614;-555;17;174;-145;
511666360;-2;-9;-73;-620;-561;10;159;-170;
511667389;-7;-24;-75;-623;-556;8;155;-157;
511668437;-12;-19;-68;-608;-547;-5;161;-160;
511669516;-27;-35;-75;-629;-564;-7;149;-173;
511670553;-18;-33;-81;-626;-568;-8;148;-158;
511671581;-20;-31;-83;-614;-567;-1;148;-155;
511672614;-21;-33;-86;-627;-563;-9;147;-163;
511686265;-28;-16;-49;-623;-562;2;170;-167;
511687366;-29;-13;-54;-642;-573;-5;177;-181;
511688473;-30;-26;-54;-670;-582;-2;177;-175;
511689568;-27;-19;-55;-651;-586;-6;175;-166;
511690591;-57;-31;-113;-680;-588;-24;175;-198;
511691634;-30;-11;-45;-650;-577;-5;215;-174;
511692664;-29;-30;-50;-653;-574;-6;177;-188;
511693694;-20;-27;-48;-656;-577;-10;178;-165;
511694721;-26;-9;-41;-645;-578;7;132;-155;
511695757;-22;-21;-75;-625;-550;-13;128;-136;
511696794;3;-11;-80;-619;-552;0;138;-134;
511697838;-24;-11;-77;-610;-536;5;143;-121;
511698878;-22;-10;-65;-617;-546;15;140;-123;
511699981;-44;-14;-85;-635;-562;-22;130;-134;
511701022;-21;-19;-65;-589;-535;100;146;-108;
511702098;-26;-27;-90;-644;-541;0;132;-137;
511703145;-17;-16;-84;-619;-586;6;141;-128;
511704180;-57;-44;-111;-660;-585;-39;91;-171;
511705223;-16;-15;-80;-611;-531;11;131;-116;
511706300;-31;-23;-97;-621;-554;-17;116;-145;
511707328;-33;-22;-85;-609;-557;6;133;-130;
511708411;-10;-14;-83;-611;-549;-5;133;-132;
511709451;-21;-16;-74;-597;-542;-4;128;-118;
511710481;-21;-8;-67;-613;-542;0;149;-103;
511711522;-10;-16;-87;-606;-534;13;146;-122;
511712552;-12;-16;-88;-605;-540;9;136;-123;
511713580;-17;-12;-63;-614;-545;-15;146;-120;
511714610;-9;-6;-86;-620;-556;-11;120;-113;
511715640;-16;4;-82;-615;-544;-5;127;-117;
511716667;-25;-84;-75;-606;-547;4;137;-121;
511717698;-6;-17;-97;-618;-552;-6;138;-126;
511718728;-12;-8;-74;-618;-575;5;143;-107;
511719765;-11;-12;-82;-610;-530;10;150;-124;
511720797;-24;-11;-87;-613;-550;6;202;-120;
511721869;0;-14;-81;-608;-541;5;132;-137;
511722991;-21;-29;-90;-627;-549;-17;123;-133;
511724666;-27;-6;-89;-617;-554;-11;134;-118;
511725771;-29;-7;-71;-625;-562;6;131;-133;
511726870;-20;-12;-82;-618;-557;36;142;-137;
511727972;-21;-7;-114;-626;-551;-8;135;-123;
511728995;-9;-13;-86;-681;-561;-14;121;-133;
511730025;-8;13;-78;-624;-549;17;140;-114;
511731103;-12;9;-73;-632;-541;14;152;-126;
511732135;-7;-4;-79;-616;-548;-24;145;-120;
511733171;-13;8;-79;-604;-543;15;149;-114;
511734223;-15;-7;-78;-619;-554;4;148;-120;
511735281;-13;-13;-38;-617;-558;10;147;-118;
511736309;-21;-8;-89;-621;-556;-7;133;-137;
511737385;-5;-14;-85;-620;-553;-47;142;-180;
511738422;-2;-10;-76;-618;-550;15;146;-122;
511739462;-30;-29;-95;-652;-564;-26;12;-146;
511740495;-24;-21;-93;-626;-550;5;141;-120;
511741536;-20;-21;-86;-614;-557;-8;144;-136;
511742629;-16;-37;-84;-624;-542;2;130;-125;
511743731;-4;-12;-60;-606;-539;2;142;-110;
511744828;-13;-11;-71;-616;-551;7;154;-116;
511745941;-28;-20;-98;-634;-546;-14;134;-133;
511747032;-22;-21;-99;-630;-565;-22;115;-153;
511748077;-10;-6;-90;-620;-561;-6;138;-130;
511749104;-20;11;-73;-609;-541;10;131;-115;
511750136;10;-2;-90;-609;-546;-3;33;-130;
511751172;-15;0;-90;-601;-531;34;37;-128;
511752275;-8;8;-92;-606;-496;-18;-19;-133;
511753358;-13;-1;-142;-529;-444;5;-117;-258;
511754391;-11;-5;-174;-523;-450;-4;-137;-291;
511755446;-13;4;-189;-484;-427;1;-153;-281;
511756507;-21;-5;-200;-494;-426;7;-167;-292;
511757552;-20;0;-229;-502;-421;-10;-146;-229;
511758653;-64;-72;-221;-590;-541;-45;-149;-326;
511759787;-5;1;-176;-505;-425;-69;-142;-296;
511760895;-4;1;-154;-536;-464;0;-128;-256;
511761996;-14;7;-155;-516;-444;12;-129;-303;
511763087;-22;-13;-148;-593;-535;-12;-75;-232;
511764123;-19;-1;-182;-516;-441;-3;-147;-303;
511765162;-4;8;-170;-514;-433;13;-103;-163;
511766190;-8;14;-117;-561;-467;13;-102;-273;
511767296;-27;7;-197;-496;-419;-4;-160;-166;
511768338;-15;13;-202;-482;-421;-5;-159;-308;
511769372;-23;-8;-197;-494;-420;-12;-170;-317;
511770408;-13;5;-167;-543;-474;0;-129;-278;
511771456;-21;14;-196;-490;-424;17;-160;-310;
511772515;-6;-2;-196;-496;-415;0;-160;-310;
511773601;-14;0;-222;-485;-414;-7;-159;-290;
511774634;-11;-7;-203;-479;-400;3;-172;-318;
511775725;-20;2;-229;-494;-409;-7;-169;-324;
511776768;74;78;-89;-405;-326;66;-89;-238;
511777813;-3;16;-217;-474;-401;8;-164;-352;
511778911;5;13;-229;-472;-381;5;-151;-311;
511780027;-20;-3;-212;-485;-411;-16;-166;-333;
511781144;-19;3;-229;-490;-415;0;-189;-327;
511782258;-8;13;-216;-462;-390;9;-170;-317;
511783369;-10;7;-203;-477;-404;-6;-173;-323;
511784470;-6;24;-226;-474;-397;-3;-185;-333;
511785498;-15;0;-204;-464;-386;0;-180;-320;
511786533;-15;2;-231;-488;-397;-7;-182;-334;
511787560;-40;8;-216;-459;-373;9;-170;-326;
511788645;-8;10;-224;-479;-389;1;-183;-324;
511789731;-2;3;-223;-472;-401;-8;-185;-330;
511790766;-2;5;-220;-463;-398;10;-177;-323;
511791822;-12;-10;-201;-473;-390;-6;-182;-319;
511792881;11;18;-208;-452;-373;10;-168;-316;
511793913;-10;20;-218;-462;-375;41;-177;-310;
511794941;-16;5;-220;-464;-395;51;-175;-311;
511795974;-8;27;-218;-462;-392;-1;-174;-322;
511797055;-69;-51;-276;-514;-445;-51;-235;-383;
511798155;-6;7;-219;-458;-330;-9;-177;-320;
511799252;-21;5;-231;-477;-397;-21;-191;-333;
511800381;-6;-2;-241;-473;-400;7;-156;-302;
511801486;-8;11;-150;-539;-476;-1;-74;-166;
511802574;-12;6;-68;-609;-537;4;6;-140;
511803603;-11;-17;-105;-561;-543;0;-38;-159;
511804637;-19;-8;-106;-583;-514;14;45;-144;
511805667;1;-11;-100;-589;-516;3;-41;-152;
511806693;20;-2;-93;-568;-516;4;-46;-156;
511807727;-9;-13;-95;-592;-513;12;-46;-160;
511808752;-12;-18;-94;-575;-500;3;-37;-149;
511809789;-1;-8;-100;-564;-496;13;-36;-150;
511810833;-11;-20;-111;-592;-521;-6;-6;-160;
511811867;-9;-2;-89;-589;-528;4;133;-121;
511812903;9;-4;-85;-606;-524;4;140;-136;
511813934;-9;-39;-86;-608;-535;-11;107;-144;
511814958;-9;-6;-79;-609;-525;10;143;-131;
511816060;-1;-9;-83;-563;-507;5;-145;-191;
511817102;-15;-12;-92;-582;-494;9;91;-147;
511818131;-13;-26;-90;-608;-526;-17;140;-141;
511819160;16;0;-94;-590;-563;0;142;-128;
511820192;-2;-21;-91;-604;-542;-9;126;-142;
511821217;-3;-11;-78;-593;-524;9;148;-123;
511822255;-2;-21;-75;-604;-531;12;137;-131;
511823297;1;0;-76;-596;-535;4;146;-108;
511824328;5;-1;-79;-585;-527;16;146;-124;
511825356;-5;1;-77;-597;-520;0;138;-128;
511826410;-1;-5;-78;-584;-528;10;145;-125;
511827492;0;-12;-69;-593;-528;6;142;-120;
511828531;7;-5;-89;-591;-533;5;157;-112;
511829564;-10;-9;-79;-595;-536;-1;132;-119;
511830639;-4;9;-87;-606;-525;0;142;-114;
511831748;-6;12;-72;-593;-512;3;143;-97;
511832845;-9;-3;-89;-598;-535;-1;154;-116;
511833966;-3;-4;-95;-593;-524;34;151;-112;
511835048;-12;-4;-90;-605;-531;-22;138;-122;
511836151;-11;-11;-97;-599;-527;-11;130;-109;
511837262;-1;-7;-85;-598;-533;-6;134;-109;
511838296;-21;-24;-98;-614;-543;-15;121;-137;
511839363;-10;-23;-91;-616;-538;-15;122;-171;
511840466;-11;-4;-90;-604;-518;-37;146;-106;
511841557;-16;-8;-85;-605;-531;3;127;-123;
511842595;6;-4;-78;-580;-526;13;143;-111;
511843663;-12;-9;-89;-602;-519;5;145;-119;
511844750;12;19;-83;-576;-508;12;144;-96;
511845856;-11;-8;-100;-606;-527;-8;135;-131;
511846945;-25;-5;-106;-601;-527;-7;131;-129;
511848059;-116;-10;-96;-619;-550;-15;116;-124;
511849147;19;31;-62;-555;-483;32;171;-71;
511850251;6;5;-112;-577;-500;3;223;-101;
511851361;-7;-3;-94;-593;-529;-3;142;-114;
511852475;-76;-18;-102;-612;-529;-9;123;-127;
511853581;-3;-2;-83;-592;-532;7;141;-105;
511854683;5;0;-95;-587;-514;6;142;-107;
511855782;8;13;-68;-583;-510;17;195;-95;
511856892;-12;-11;-106;-604;-525;-13;143;-112;
511857992;-6;-8;-93;-596;-522;5;133;-120;
511859095;0;-3;-90;-613;-522;15;148;-110;
511860178;-7;-17;-82;-598;-533;1;133;-110;
511861276;-7;-8;-88;-596;-524;-10;148;-106;
511862309;-18;-12;-96;-595;-529;0;145;-121;
511863374;-6;-1;-92;-593;-526;-1;137;-115;
511864408;2;6;-80;-594;-537;-5;139;-105;
511865450;-3;-4;-98;-596;-529;3;137;-105;
511866495;2;-11;-98;-594;-530;2;136;-114;
511867526;-15;-2;-89;-585;-531;9;132;-111;
511868567;-6;-10;-102;-591;-534;-6;133;-108;
511869605;-11;-14;-105;-599;-525;-10;144;-106;
511870639;8;13;-79;-588;-516;17;153;-91;
511871664;6;2;-90;-590;-516;7;145;-106;
511872694;-11;-13;-95;-603;-532;-6;136;-115;
511873737;-9;-9;-85;-596;-546;2;141;-97;
511874840;-5;11;-107;-602;-520;8;140;-106;
511875938;-26;-21;-111;-627;-540;-26;116;-129;
511877049;-11;-19;-96;-694;-522;4;130;-110;
511878156;1;1;-96;-585;-514;1;134;-119;
511879248;-12;-4;-89;-618;-517;5;142;-118;
511880340;-21;-6;-89;-594;-533;1;122;-121;
511881468;-1;-8;-95;-599;-526;10;142;-113;
511882570;-5;-7;-78;-584;-541;0;135;-132;
511883671;-15;-42;-123;-574;-479;-10;115;-119;
511884779;-5;-9;-92;-596;-532;-9;86;-196;
511885874;-5;-12;-92;-595;-534;-2;125;-137;
511886985;-13;-13;-127;-605;-533;-9;140;-133;
511888105;-7;-7;-76;-588;-527;16;136;-112;
511889215;-14;1;-91;-590;-497;-4;-99;-177;
511890323;-9;-4;-112;-600;-521;-5;91;-122;
511891364;-79;-17;-100;-614;-533;-4;121;-117;
511892476;-1;5;-116;-567;-518;3;146;-106;
511893574;2;3;-101;-591;-516;-2;-18;-152;
511894657;-4;-10;-127;-510;-416;5;-98;-244;
511895782;-5;-11;-211;-497;-428;-10;-124;-263;
511896895;-4;4;-179;-495;-431;3;-72;-173;
511897982;-33;-8;-180;-615;-564;-12;-26;-174;
511899080;0;-6;-142;-574;-497;-6;-57;-196;
511900185;-19;-9;-130;-576;-496;-7;-61;-203;
511901213;-9;-6;-109;-557;-493;3;-55;-199;
511902249;-38;-32;-148;-601;-524;-39;-103;-261;
511903283;-1;-5;-113;-573;-482;7;-71;-226;
511904312;-54;-51;-154;-615;-538;-36;-113;-271;
511905392;-8;-12;-108;-562;-542;-4;-68;-224;
511906513;7;-8;-102;-568;-483;2;-68;-224;
511907634;-1;-4;-109;-549;-491;-3;-80;-226;
511908745;-11;-16;-103;-564;-482;31;-82;-225;
511909881;7;-6;-85;-538;-461;7;-72;-346;
511910992;-4;-34;-80;-552;-477;-4;-90;-242;
511912089;-5;-9;-79;-548;-468;-5;-79;-229;
511913169;-9;-9;-85;-547;-480;-7;-87;-239;
511914223;-1;1;-69;-538;-468;-4;-86;-236;
511915284;-20;-20;-89;-542;-479;-15;-105;-257;
511916342;-11;-10;-86;-537;-474;-5;-87;-242;
511917392;-18;-4;-74;-525;-470;9;-91;-238;
511918424;-9;-2;-63;-542;-464;-1;-89;-231;
511919475;-8;1;-71;-537;-464;1;-86;-236;
511920557;-11;-2;-72;-531;-463;0;-85;-231;
511921670;0;-5;-63;-537;-463;0;-85;-269;
511922772;8;10;-52;-536;-448;10;-87;-239;
511923877;-9;0;-81;-596;-458;-6;-95;-248;
511924975;-11;-14;-64;-533;-450;-1;-73;-246;
511926079;-5;-7;-67;-537;-457;1;-97;-258;
511927120;9;1;-51;-539;-451;11;-95;-237;
511928198;-8;-3;-68;-533;-467;4;-90;-247;
511929221;-14;-18;-69;-532;-461;2;-97;-258;
511930249;-21;-21;-72;-555;-469;-15;-111;-278;
511931287;13;3;-69;-539;-458;-1;-85;-243;
511932322;0;-5;-59;-528;-453;12;-92;-255;
511933353;36;29;-32;-496;-420;41;-47;-203;
511934388;5;-2;-91;-539;-449;9;-95;-239;
511935458;1;-8;-60;-523;-458;0;-106;-244;
511936501;-4;-5;-57;-524;-442;6;-108;-244;
511937558;-1;5;-53;-527;-458;11;-109;-246;
511938625;-3;-3;-62;-523;-456;-2;-75;-252;
511939662;-16;-10;-83;-552;-453;11;-104;-253;
511940693;-6;-8;-34;-537;-464;-12;-104;-245;
511941720;-22;-12;-83;-552;-463;-12;-122;-245;
511942762;4;-6;-56;-543;-478;-2;165;-151;
511943796;-5;-9;-159;-625;-554;11;179;-141;
511944830;-13;-4;-229;-664;-582;0;172;-141;
511945863;-5;-2;-234;-649;-586;-1;172;-125;
511946898;-10;-12;-225;-658;-579;-4;172;-121;
511947967;8;8;-212;-635;-560;14;189;-115;
511949080;-7;1;-225;-653;-573;24;174;-129;
511950183;-3;-6;-199;-659;-592;-4;177;-135;
511951294;58;-9;-232;-654;-593;-16;171;-150;
511952393;7;6;-219;-650;-580;14;186;-127;
511953509;-1;-10;-226;-652;-584;7;173;-125;
511954626;-13;-12;-200;-656;-586;-5;167;-120;
511955727;4;6;-191;-651;-583;0;186;-124;
511956838;10;0;-198;-646;-575;9;182;-103;
511957886;-12;-3;-190;-628;-564;-7;125;-109;
511958944;-20;-17;-192;-630;-540;-9;118;-105;
511960003;-9;4;-181;-611;-540;-1;128;-104;
511961035;-22;3;-86;-611;-550;-5;129;-99;
511962142;-5;-2;-187;-605;-531;10;125;-90;
511963251;4;-2;-187;-611;-532;-2;127;-80;
511964388;-26;-6;-188;-603;-538;-4;126;-98;
511965500;0;2;-169;-603;-532;-4;145;-97;
511966598;-4;-15;-172;-602;-542;1;128;-238;
511967717;-23;-24;-202;-619;-557;-22;112;-117;
511968829;-15;15;-187;-596;-564;-3;127;-90;
511969937;-13;5;-181;-611;-528;-6;132;-82;
511971055;-9;5;-180;-625;-540;-9;126;-108;
511972151;-9;-9;-185;-610;-549;12;126;-99;
511973255;-1;-4;-177;-594;-524;-3;151;-101;
511974355;-33;-10;-165;-610;-546;-9;126;-108;
511975471;-14;-3;-140;-609;-526;-3;142;-97;
511976590;-9;4;-136;-599;-514;6;168;-107;
511977707;8;-9;-126;-614;-527;4;133;-111;
511978793;-14;-9;-129;-605;-531;-2;130;-108;
511979828;-13;-15;-136;-606;-539;-12;121;-116;
511980942;-5;1;-121;-606;-528;1;130;-96;
511982044;3;7;-122;-599;-535;-6;129;-104;
511983138;0;2;-123;-595;-524;-5;134;-113;
511984239;0;-12;-115;-600;-523;11;129;-91;
511985351;-21;-28;-139;-639;-546;-15;131;-133;
511986448;-6;0;-103;-595;-522;13;154;-113;
511987476;-9;-4;-107;-614;-525;-4;126;-98;
511988512;-2;-10;-132;-632;-523;1;133;-104;
511989600;2;0;-99;-599;-525;17;142;-98;
511990655;-9;0;-108;-611;-523;1;120;-115;
511991694;-3;26;-115;-600;-526;-7;130;-104;
511992737;-12;0;-108;-600;-520;-1;128;-104;
511993817;8;16;-118;-605;-521;-5;128;-108;
511994848;-5;5;-99;-593;-527;3;129;-103;
511995883;2;13;-95;-613;-510;9;142;-103;
511996927;-2;-13;-106;-611;-518;-1;170;-110;
511997982;1;7;-94;-598;-525;9;149;-107;
511999060;-19;-13;-114;-615;-530;-2;128;-118;
512000087;-8;11;-110;-601;-512;6;134;-92;
512001160;-13;-5;-106;-603;-533;-8;201;-109;
512002201;19;0;-106;-601;-523;-6;137;-109;
512003262;10;-11;-106;-596;-524;-11;138;-111;
512004390;-2;-6;-105;-600;-529;-2;127;-102;
512005512;-1;-9;-92;-575;-524;7;134;-98;
512006620;-7;2;-103;-606;-532;6;132;-104;
512007719;6;14;-93;-606;-516;5;142;-92;
512008825;-1;-4;-107;-607;-522;-4;144;-95;
512009859;4;1;-95;-606;-527;10;133;-100;
512010951;-19;-7;-112;-605;-530;0;133;-100;
512012003;0;2;-99;-605;-528;6;137;-107;
512013035;-14;-10;-114;-615;-542;1;132;-114;
512014075;2;-11;-94;-607;-527;2;129;-91;
512015101;-1;-1;-108;-603;-530;-1;128;-99;
512016129;-13;-13;-83;-604;-528;8;140;-105;
512017168;0;-4;-108;-604;-534;15;128;-107;
512018210;-7;0;-94;-595;-527;9;118;-103;
512019241;-64;-12;-104;-615;-532;-5;124;-111;
512020273;-5;-5;-108;-613;-537;-2;114;-100;
512021302;-4;8;-103;-609;-529;-1;136;-104;
512022329;0;-6;-109;-604;-532;11;142;-124;
512023361;-11;-3;-109;-607;-536;-6;48;-97;
512024418;2;11;-103;-601;-523;0;121;-103;
512025456;20;66;-86;-575;-499;19;147;-73;
512026485;18;0;-95;-606;-506;17;133;-105;
512027515;-8;10;-106;-599;-520;-4;14;-175;
512028561;5;-12;-196;-491;-410;5;-265;-227;
512029596;2;-4;-230;-483;-396;-7;-303;-262;
512030638;6;-2;-246;-462;-389;-37;-298;-255;
512031663;13;9;-230;-464;-378;0;-311;-263;
512032693;13;9;-225;-462;-375;9;-321;-262;
512033727;-1;-1;-234;-459;-374;-5;-338;-258;
512034764;9;13;-245;-456;-379;2;-188;-245;
512035797;-2;3;-175;-532;-435;-6;-117;-222;
512036888;10;3;-179;-527;-449;5;-131;-227;
512037919;-8;-8;-157;-523;-463;-3;-132;-234;
512038964;8;4;-158;-525;-458;17;-122;-228;
512040060;-8;2;-193;-530;-456;-1;-134;-225;
512041159;-4;-17;-156;-529;-459;4;-129;-225;
512042255;-19;-10;-165;-544;-470;-6;-15;-201;
512043369;-7;0;-108;-579;-489;10;-20;-186;
512044485;-4;-6;-115;-570;-502;10;-26;-222;
512045583;0;-13;-92;-564;-490;6;-16;-198;
512046624;-7;1;-113;-582;-487;-10;-30;-200;
512047657;-8;-5;-121;-573;-495;-101;-14;-226;
512048696;-17;20;-101;-573;-495;-5;-31;-208;
512049783;-12;-10;-112;-561;-498;4;-29;-225;
512050863;-15;-12;-111;-583;-490;-8;-36;-204;
512051929;-8;3;-109;-583;-499;-6;-31;-226;
512053021;9;3;-88;-563;-482;3;-25;-217;
512054111;-9;-24;-145;-562;-482;0;-137;-229;
512055205;-10;0;-139;-536;-464;-27;-115;-227;
512056282;-15;-13;-157;-540;-462;1;-130;-231;
512057394;-17;-29;-157;-545;-468;-19;-120;-224;
512058503;-2;-14;-160;-530;-464;-4;-135;-233;
512059608;-17;-16;-159;-536;-457;-8;-116;-241;
512060722;6;7;-163;-525;-453;-2;-127;-242;
512061842;-5;-9;-162;-541;-496;-9;-133;-245;
512062951;16;-9;-170;-545;-467;-8;-143;-253;
512064071;-9;-7;-160;-544;-458;-6;-135;-250;
512065176;6;16;-165;-528;-463;0;-120;-297;
512066281;-13;-9;-142;-540;-463;12;-125;-255;
512067387;-11;-18;-177;-539;-456;-5;-152;-258;
512068501;6;13;-147;-506;-435;15;-115;-244;
512069586;8;3;-156;-533;-465;16;-127;-250;
512070667;-18;-8;-162;-540;-466;3;-143;-250;
512071760;-12;-6;-164;-657;-469;0;-134;-262;
512072877;11;16;-164;-551;-447;7;-134;-255;
512073983;-11;-8;-173;-541;-474;-13;-163;-256;
512075071;-9;-17;-172;-547;-449;-6;-137;-256;
512076188;-19;-12;-161;-549;-455;8;-136;-228;
512077216;-5;-4;-154;-540;-446;-3;-23;-236;
512078248;-18;-8;-162;-547;-470;5;-137;-259;
512079280;-12;-13;-179;-542;-478;-5;-192;-257;
512080314;-4;0;-168;-539;-465;-2;-136;-244;
512081341;-8;-3;-152;-531;-467;47;-126;-237;
512082373;12;3;-161;-531;-470;-13;-128;-254;
512083412;8;6;-148;-524;-456;5;-127;-238;
512084454;-4;-4;-157;-527;-463;3;-137;-247;
512085484;-6;-6;-156;-538;-458;11;-143;-255;
512086560;6;3;-181;-532;-458;2;-190;-286;
512087665;2;-5;-157;-544;-464;-2;-145;-247;
512088731;0;-13;-155;-575;-451;9;-130;-236;
512089773;-3;0;-154;-541;-443;-5;-124;-240;
512090875;-16;-11;-164;-534;-458;-8;-144;-253;
512091910;-1;0;-154;-532;-473;3;-149;-261;
512092961;-18;-19;-191;-550;-487;-24;-152;-281;
512094018;0;1;-157;-522;-455;5;-129;-254;
512095051;0;-5;-160;-532;-469;4;-141;-262;
512096127;3;6;-165;-515;-490;10;-136;-265;
512097182;-8;-13;-169;-536;-462;3;-128;-265;
512098244;4;-10;-150;-560;-499;-7;120;-182;
512099361;6;4;-62;-633;-570;-32;194;-162;
512100472;-13;2;-54;-643;-576;0;207;-175;
512101587;-8;5;-56;-650;-585;2;195;-175;
512102675;-8;-13;-66;-668;-587;-14;179;-166;
512103771;-8;-2;-70;-659;-592;-2;180;-170;
512104831;1;-1;-45;-649;-568;1;201;-163;
512105860;-17;-13;-69;-652;-577;-29;192;-167;
512106888;-16;-20;-65;-663;-593;-15;184;-185;
512107919;-10;-10;-68;-657;-590;-8;195;-154;
512108950;-4;-20;-62;-671;-589;-6;184;-164;
512109986;-13;-3;-62;-664;-583;-3;166;-131;
512111073;-5;14;-85;-624;-540;4;146;-116;
512112110;-33;-8;-86;-614;-540;74;153;-124;
512113168;7;3;-109;-599;-539;-6;126;-132;
512114218;4;-8;-108;-605;-528;3;140;-124;
512115272;-16;-6;-92;-596;-537;-17;133;-130;
512116397;1;11;-81;-595;-519;21;155;-114;
512117531;1;0;-92;-607;-538;2;137;-120;
512118623;0;3;-94;-598;-535;6;133;-113;
512119715;-16;-22;-132;-615;-545;-10;121;-141;
512120817;-3;3;-98;-614;-530;-3;137;-117;
512121850;-15;1;-81;-605;-542;3;148;-115;
512122942;-3;-5;-96;-606;-540;-1;128;-121;
512124001;-15;-19;-114;-608;-551;-15;122;-132;
512125067;-17;-17;-100;-606;-537;-7;123;-132;
512126100;0;0;-104;-591;-533;-8;129;-103;
512127193;5;0;-100;-605;-532;0;144;-114;
512128277;11;-18;-104;-464;-516;2;133;-110;
512129381;10;-2;-105;-593;-522;-2;126;-118;
512130493;-16;-10;-110;-612;-546;-8;128;-129;
512131589;-14;-9;-117;-588;-544;-10;119;-123;
512132704;-5;-13;-107;-602;-544;50;153;-122;
512133809;4;-2;-107;-591;-530;9;129;-117;
512134905;0;3;-103;-593;-523;0;129;-116;
512136000;-9;-11;-116;-610;-541;-9;131;-196;
512137081;-14;-19;-118;-613;-542;-19;118;-131;
512138190;4;-11;-114;-612;-540;-11;126;-135;
512139291;-5;-7;-103;-597;-534;1;128;-119;
512140386;2;-12;-103;-609;-543;1;131;-120;
512141505;-3;-2;-99;-605;-478;-2;130;-134;
512142616;-18;-8;-118;-609;-540;-8;125;-124;
512143697;1;7;-115;-615;-545;-14;120;-123;
512144809;-5;-7;-93;-591;-541;4;138;-114;
512145837;-6;6;-96;-624;-534;4;142;-127;
512146894;3;2;-87;-590;-527;-5;129;-128;
512147989;-13;-7;-78;-594;-534;-12;128;-116;
512149096;3;-13;-103;-595;-529;-1;140;-127;
512150205;18;3;-90;-592;-520;16;155;-113;
512151314;0;15;-99;-592;-519;4;123;-124;
512152415;-5;6;-97;-603;-535;-12;138;-124;
512153458;79;106;-20;-529;-448;89;216;-42;
512154544;-1;4;-95;-618;-522;0;143;-109;
512155641;-16;-4;-104;-597;-552;-3;119;-111;
512156696;-14;-9;-92;-588;-545;-5;124;-115;
512157736;-60;-11;-116;-604;-545;-8;135;-112;
512158818;-12;-13;-115;-606;-540;-4;124;-133;
512159842;9;13;-102;-641;-531;2;133;-118;
512160921;-4;-13;-106;-615;-540;-9;120;-133;
512161960;5;-4;-93;-610;-539;-1;131;-109;
512163073;-2;-3;-105;-595;-564;13;130;-123;
512164182;-4;3;-79;-593;-536;151;133;-132;
512165269;18;17;-85;-573;-508;31;134;-100;
512166370;-5;4;-118;-611;-572;1;124;-133;
512167493;-5;-7;-98;-611;-532;5;-106;-205;
512168589;4;-5;-221;-486;-417;8;-280;-271;
512169707;-14;-9;-202;-541;-480;-14;113;-148;
512170811;-10;-17;-106;-606;-538;8;109;-129;
512171887;-4;9;-103;-606;-540;12;141;-133;
512172999;0;-3;-103;-603;-528;0;133;-116;
512174101;-7;-13;-110;-613;-543;-8;116;-137;
512175196;-21;-14;-117;-620;-551;-14;118;-129;
512176306;-36;-3;-94;-608;-524;-11;136;-129;
512177398;-8;-27;-109;-609;-549;-20;129;-121;
512178505;15;-5;-95;-598;-540;-1;129;-117;
512179623;-13;11;-101;-599;-543;1;139;-118;
512180739;-6;-18;-110;-606;-547;5;137;-131;
512181858;-7;-14;-109;-603;-536;-6;125;-145;
512182962;10;-1;-100;-597;-547;9;139;-121;
512184052;-12;-10;-125;-604;-537;-4;81;-120;
512185161;5;-9;-103;-606;-544;13;136;-119;
512186266;9;-23;-106;-601;-530;7;131;-114;
512187358;-11;-6;-124;-592;-537;-9;-73;-201;
512188459;-4;-11;-199;-524;-440;-9;-255;-268;
512189547;13;8;-233;-444;-406;2;-298;-269;
512190644;-10;2;-259;-462;-404;3;-312;-285;
512191764;-13;-8;-233;-456;-391;-1;-320;-294;
512192868;-12;-3;-257;-462;-388;0;-348;-297;
512193969;5;20;-247;-436;-371;0;-331;-293;
512195053;-5;-18;-249;-443;-389;-5;-353;-299;
512196158;-13;-21;-253;-454;-401;-17;-353;-287;
512197249;7;24;-223;-434;-350;14;-335;-273;
512198348;-9;-4;-247;-440;-380;8;-368;-291;
512199466;-10;11;-259;-495;-379;-1;-384;-310;
512200553;-12;-5;-249;-453;-388;9;-382;-312;
512201659;-9;0;-249;-455;-415;9;-380;-312;
512202782;9;-9;-259;-440;-375;-2;-388;-305;
512203882;-17;-13;-270;-451;-379;-13;-392;-325;
512205010;9;-9;-256;-438;-371;-12;-377;-319;
512206122;0;5;-244;-427;-365;3;-386;-310;
512207258;-3;-5;-252;-439;-392;-7;-389;-312;
512208368;-1;5;-253;-438;-361;-4;-394;-321;
512209491;-20;-13;-270;-435;-386;-8;-395;-326;
512210577;-10;-11;-267;-456;-376;-3;-397;-328;
512211677;-4;-4;-253;-439;-377;-8;-404;-306;
512212768;-18;-15;-276;-437;-379;1;-409;-329;
512213857;2;4;-249;-431;-368;2;-385;-359;
512214962;-16;-18;-266;-449;-371;7;-420;-291;
512216067;-20;-6;-261;-344;-375;-10;-396;-325;
512217163;0;-1;-254;-416;-362;124;-401;-312;
512218279;20;7;-253;-420;-358;23;-404;-325;
512219372;-3;-1;-263;-441;-370;-6;-405;-330;
512220482;-1;10;-259;-440;-363;1;-411;-338;
512221597;2;5;-253;-427;-359;-1;-413;-329;
512222700;-13;-14;-266;-436;-371;-8;-415;-333;
512223821;6;-9;-265;-425;-365;-1;-400;-321;
512224917;-10;-65;-273;-438;-379;-5;-418;-343;
512226027;-8;-21;-177;-564;-505;-10;91;-153;
512227139;-12;-7;-106;-606;-528;-11;116;-138;
512228248;1;1;-109;-598;-549;-8;132;-135;
512229348;-6;0;-109;-599;-545;-2;122;-134;
512230475;-6;-7;-104;-605;-536;-9;141;-115;
512231587;2;-10;-86;-586;-527;0;129;-124;
512232706;14;-2;-101;-608;-515;-25;129;-58;
512233819;17;10;-93;-589;-519;-10;136;-112;
512234926;40;-15;-67;-558;-428;36;186;-74;
512236037;-12;-18;-116;-614;-533;-13;135;-120;
512237137;-24;3;-104;-585;-528;-31;141;-108;
512238235;-4;-1;-80;-593;-526;11;143;-116;
512239330;-14;-14;-117;-615;-554;7;112;-128;
512240449;-12;-4;-116;-596;-551;-4;129;-118;
512241544;-3;-5;-108;-600;-533;5;145;-108;
512242632;-7;-3;-110;-597;-527;-6;131;-105;
512243661;-1;9;-100;-601;-527;6;135;-106;
512244690;-3;-4;-98;-609;-525;0;133;-112;
512245718;1;3;-99;-598;-531;1;142;-99;
512246755;4;-5;-97;-595;-546;-7;127;-120;
512247786;-15;-16;-138;-607;-537;-3;116;-125;
512248813;4;-7;-97;-590;-532;-4;195;-108;
512249847;0;0;-110;-590;-527;2;127;-61;
512250954;-1;-18;-109;-596;-524;-5;124;-120;
512252064;5;39;-104;-593;-527;0;137;-102;
512253190;-11;-7;-110;-611;-469;-6;116;-114;
512254318;1;2;-103;-593;-471;1;129;-89;
512255415;8;-2;-113;-586;-537;4;131;-118;
512256526;27;27;-65;-565;-505;27;158;-83;
512257623;7;1;-98;-599;-514;3;135;-113;
512258655;-6;0;-119;-594;-532;-7;133;-122;
512259693;62;-1;-104;-581;-541;0;138;-104;
512260791;10;-7;-105;-598;-539;15;127;-115;
512261880;1;4;-91;-606;-536;30;125;-107;
512262945;1;-8;-103;-593;-527;8;137;-99;
512264042;0;-16;-116;-606;-542;-12;124;-116;
512265140;8;12;-103;-593;-523;-4;129;-99;
512266245;-3;-16;-122;-610;-543;3;121;-112;
512267349;-8;-18;-99;-598;-546;-5;133;-108;
512268473;-10;-4;-106;-602;-530;-6;133;-116;
512269599;5;10;-99;-573;-525;10;136;-93;
512270696;-20;-11;-123;-599;-548;-13;133;-118;
512271831;-12;-17;-132;-597;-543;-11;116;-114;
512272918;-11;12;-101;-580;-528;1;126;-113;
512274022;2;-6;-119;-602;-530;-15;132;-114;
512275141;-2;-19;-124;-491;-545;-10;114;-127;
512276233;11;5;-101;-591;-529;-69;132;-102;
512277316;4;5;-95;-573;-514;9;137;-96;
512278349;-7;-5;-102;-599;-548;11;122;-101;
512279440;2;5;-116;-595;-531;-5;127;-100;
512280514;-1;-4;-122;-586;-534;-6;129;-108;
512281586;-11;-9;-113;-602;-535;-9;129;-112;
512282657;6;6;-115;-600;-520;8;137;-91;
512283720;-1;-5;-109;-596;-521;-1;129;-109;
512284794;8;-4;-115;-597;-525;-9;127;-108;
512285900;-1;10;-111;-582;-527;14;123;-105;
512287029;-7;-4;-114;-575;-521;-17;119;-125;
512288147;14;7;-115;-585;-516;-1;127;-103;
512289238;-7;-5;-112;-592;-530;8;123;-110;
512290324;2;15;-119;-592;-527;-3;114;-113;
512291360;8;14;-118;-594;-518;11;138;-104;
512292388;-2;2;-127;-591;-524;1;134;-106;
512293421;6;-7;-114;-598;-530;10;119;-105;
512294454;12;9;-107;-592;-529;1;132;-110;
512295482;1;-9;-124;-599;-527;2;130;-113;
512296509;2;5;-107;-588;-527;2;127;-106;
512297547;-20;-23;-132;-605;-553;-10;79;-130;
512298577;27;-10;-114;-592;-538;-11;126;-108;
512299615;-8;-9;-127;-594;-537;-6;116;-113;
512300650;-6;8;-120;-598;-521;-5;124;-105;
512301679;2;6;-113;-588;-535;-10;129;-120;
512302714;-6;-8;-121;-598;-538;-13;118;-114;
512303751;16;18;-111;-586;-511;10;134;-102;
512304785;-10;67;-122;-597;-539;-12;122;-115;
512305819;-17;-11;-121;-606;-537;-13;121;-108;
512306855;-1;-6;-109;-598;-549;5;123;-96;
512307881;10;2;-116;-591;-531;4;123;-87;
512308913;-9;-3;-122;-585;-528;1;121;-102;
512309946;3;15;-109;-592;-534;2;130;-83;
512311029;5;2;-103;-635;-533;-4;133;-92;
512312073;0;12;-104;-590;-537;11;143;-91;
512313105;2;4;-126;-602;-550;-2;118;-108;
512314131;16;13;-103;-580;-531;-5;129;-99;
512315175;8;13;-103;-593;-532;0;172;-94;
512316208;4;7;-112;-591;-530;1;120;-103;
512317298;2;23;-93;-594;-532;3;140;-77;
512318403;-9;-12;-113;-593;-543;-5;121;-85;
512319535;10;14;-126;-590;-528;0;131;-100;
512320623;-7;0;-119;-601;-526;-3;124;-97;
512321720;-10;-7;-113;-582;-549;-9;119;-105;
512322837;9;11;-108;-606;-529;0;133;-100;
512323891;-9;3;-121;-596;-536;-8;108;-119;
512324930;-11;-6;-178;-536;-456;-3;-239;-237;
512325961;8;-1;-234;-477;-401;-10;-306;-247;
512327062;-11;-9;-245;-467;-368;-9;-349;-255;
512328084;-3;2;-234;-465;-388;8;60;-137;
512329103;-18;-6;-116;-546;-529;-4;116;-116;
512330124;-2;13;-157;-622;-536;7;109;-107;
512331148;1;4;-136;-546;-453;-5;-233;-225;
512332172;3;9;-234;-471;-401;6;-311;-249;
512333192;-11;3;-235;-444;-392;2;-327;-260;
512334212;1;0;-245;-449;-386;-1;-327;-255;
512335236;-26;0;-253;-446;-381;15;-340;-259;
512336257;6;13;-258;-440;-381;0;-351;-269;
512337291;0;1;-259;-436;-386;-2;-367;-277;
512338335;11;2;-257;-445;-389;-2;-378;-294;
512339374;9;18;-245;-432;-381;15;-375;-288;
512340410;-5;1;-266;-432;-370;3;-379;-314;
512341456;-10;-17;-267;-448;-381;-10;-387;-313;
512342521;-16;14;-256;-434;-371;0;-395;-316;
512343547;18;29;-242;-415;-352;17;-332;-307;
512344568;3;16;-248;-434;-371;-2;-389;-300;
512345592;5;20;-270;-420;-374;7;-408;-311;
512346614;1;16;-259;-429;-363;-2;-417;-310;
512347638;-1;20;-269;-429;-369;8;-393;-323;
512348661;-12;-6;-279;-434;-378;-8;-395;-320;
512349684;5;12;-268;-430;-356;5;-401;-306;
512350712;-11;27;-270;-431;-384;-15;-415;-311;
512351734;6;8;-265;-429;-365;16;-405;-300;
512352762;5;6;-289;-428;-358;2;-413;-305;
512353796;-8;18;-298;-436;-372;3;-422;-311;
512354837;-5;21;-269;-409;-367;-1;-411;-308;
512355866;4;1;-277;-435;-374;-4;-425;-303;
512366820;0;21;-188;-511;-440;19;-131;-206;
512367908;-3;12;-200;-527;-451;-13;-137;-207;
512369003;17;22;-189;-516;-450;11;-90;-191;
512370105;2;24;-183;-527;-492;3;-80;-198;
512371147;13;18;-160;-523;-448;20;-42;-172;
512372167;50;13;-159;-535;-473;-1;-41;-181;
512373190;-6;14;-173;-553;-499;-12;-45;-186;
512374210;0;17;-159;-541;-464;23;-25;-178;
512375232;-9;23;-156;-548;-490;-11;-38;-191;
512376253;-2;0;-159;-547;-488;-1;-37;-183;
512377279;12;36;-155;-529;-469;10;-12;-130;
512378320;31;10;-170;-550;-477;-9;-9;-183;
512379359;3;19;-163;-542;-480;2;-27;-176;
512380384;9;38;-157;-544;-477;6;-58;-189;
512381432;2;24;-167;-514;-462;-6;-61;-193;
512382463;20;31;-179;-518;-457;11;-116;-221;
512383492;7;17;-209;-507;-438;-11;-196;-257;
512384518;10;28;-239;-464;-392;-4;-318;-289;
512385542;5;24;-255;-436;-372;8;-359;-288;
512386565;18;23;-261;-435;-369;9;-344;-293;
512387588;12;22;-239;-427;-368;10;-343;-297;
512388609;0;17;-259;-412;-339;9;-390;-300;
512389634;13;36;-248;-425;-369;5;-335;-297;
512390653;18;32;-263;-421;-363;6;-386;-311;
512391677;6;24;-272;-429;-285;-6;-342;-315;
512392698;5;13;-260;-437;-411;-8;-357;-324;
512393722;-20;28;-228;-476;-397;0;-346;-307;
512394763;9;24;-257;-434;-365;-2;-375;-271;
512395797;1;12;-129;-563;-514;0;132;-172;
512396843;7;19;-165;-412;-421;1;-306;-328;
512397873;-29;-2;-287;-469;-405;-37;-344;-310;
512398906;-22;17;-140;-593;-519;-12;111;-183;
512399943;8;12;-116;-591;-515;2;134;-129;
512400974;10;15;-107;-580;-518;1;133;-167;
512402002;0;27;-106;-590;-523;-28;134;-167;
512403088;-11;17;-111;-591;-525;-17;124;-193;
512407247;3;21;-108;-588;-515;-1;129;-170;
512408365;7;29;-109;-595;-520;9;125;-172;
512409490;19;31;-99;-589;-518;3;119;-175;
512410596;-2;-8;-113;-594;-522;0;130;-242;
512411706;-6;16;-112;-609;-532;-7;128;-206;
512412798;-1;23;-104;-596;-515;-27;129;-221;
512413894;-8;19;-117;-591;-515;1;129;-179;
512414976;-7;-1;-106;-596;-518;-11;137;-170;
512416053;7;29;-102;-589;-507;13;143;-181;
512417127;8;8;-113;-589;-498;5;131;-196;
512418194;7;18;-112;-599;-512;11;137;-179;
512419305;-18;1;-116;-615;-521;-11;112;-233;
512420411;-22;-24;-138;-613;-530;-16;234;-245;
512421550;-2;0;-115;-597;-498;5;140;-200;
512422647;-1;3;-117;-595;-504;-3;131;-226;
512423758;-5;0;-114;-593;-497;13;129;-220;
512424860;3;8;-98;-599;-501;3;149;-223;
512425975;-27;0;-107;-604;-503;-5;149;-238;
512427104;-4;6;-105;-602;-517;-1;140;-230;
512428223;-10;19;-102;-616;-524;0;154;-220;
512429327;-22;-10;-108;-628;-528;-15;156;-229;
512430409;1;11;-103;-611;-527;3;154;-323;
512431480;-49;-34;-142;-657;-566;-39;129;-259;
512432502;-18;5;-76;-624;-523;-4;147;-252;
512433523;-16;32;-95;-639;-526;-1;166;-220;
512434545;-11;5;-103;-641;-509;10;166;-228;
512435567;-3;16;-90;-635;-530;14;152;-252;
512436589;-13;8;-79;-622;-438;-1;169;-243;
512437617;-2;14;-76;-646;-531;-2;165;-251;
512438650;-9;15;-86;-641;-524;-9;162;-249;
512439686;-16;7;-81;-650;-542;-5;163;-245;
512440727;-6;-6;-95;-630;-543;-16;170;-255;
512441754;-2;13;-88;-627;-534;-4;177;-237;
512442775;-6;-6;-88;-648;-546;-8;171;-255;
512443801;-11;-5;-90;-646;-534;5;184;-238;
512444824;-1;-1;-90;-643;-530;5;189;-273;
512445845;-5;7;-125;-615;-524;-1;197;-129;
512446870;-6;-9;-85;-641;-541;-3;170;-261;
512447892;-11;-14;-83;-650;-550;0;172;-304;
512448914;-39;-44;-264;-537;-420;-48;-327;-481;
512449938;-8;-12;-255;-475;-359;9;-295;-451;
512450960;10;-3;-260;-471;-372;-10;-306;-458;
512451981;0;-15;-251;-464;-368;-9;-314;-457;
512453002;9;-5;-248;-461;-364;-1;-312;-470;
512454022;-8;-13;-262;-460;-362;-5;-316;-468;
512455051;3;-9;-266;-474;-358;-9;-348;-473;
512456084;-5;-25;-269;-448;-348;-25;-329;-487;
512457110;-7;-37;-265;-444;-356;0;-316;-484;
512458144;-1;-2;-255;-438;-358;3;-319;-476;
512459169;-4;-18;-265;-445;-345;8;-320;-489;
512460231;-5;-32;-259;-461;-362;-1;-338;-495;
512461296;-8;-27;-275;-462;-344;-1;-318;-482;
512462317;-13;-17;-269;-460;-348;10;-312;-497;
512463341;-10;-28;-271;-440;-331;1;-326;-495;
512464363;-14;-33;-273;-443;-349;0;-334;-507;
512477746;-9;-110;-285;-443;-318;-4;-346;-523;
512478858;2;-73;-282;-421;-325;11;-331;-522;
512479957;-4;-73;-287;-434;-330;-3;-330;-511;
512480993;-22;-105;-295;-444;-328;-10;-341;-534;
512482013;-13;-75;-926;-102;37;2;-409;-803;
512483034;-22;-74;-332;-359;-291;4;-349;-641;
512484055;-5;-79;-299;-403;-301;8;-327;-629;
512485079;-2;-59;-327;-428;-315;-12;-350;-622;
512486100;-30;-42;-322;-416;-323;-11;-355;-646;
512487133;-14;-33;-336;-390;-322;-1;-356;-631;
512488169;-28;-69;-345;-414;-325;-6;-360;-616;
512489198;0;-33;-312;-389;-306;0;-348;-604;
512490231;-8;-80;-330;-367;-311;5;-357;-595;
512491265;-14;-77;-336;-379;-298;11;-346;-597;
512492298;1;-47;-338;-362;-284;7;-354;-608;
512493325;-24;-72;-337;-386;-308;-10;-358;-616;
512494399;-15;-33;-368;-368;-306;-8;-354;-614;
512495491;-8;-49;-322;-371;-292;-4;-398;-598;
512496528;-11;-28;-338;-372;-311;-1;-342;-604;
512497557;-29;80;-356;-380;-304;-11;-368;-544;
512498581;-16;-31;-346;-365;-292;-1;-327;-605;
512499653;-21;-41;-364;-386;-311;-25;-350;-612;
512500695;12;-26;-335;-367;-296;16;-325;-639;
512501745;-7;-7;-332;-361;-308;3;-263;-565;
512502818;2;-13;-283;-461;-411;0;73;-440;
512503884;6;7;-192;-520;-466;0;-51;-469;
512504924;13;-11;-284;-405;-321;1;-350;-589;
512506001;-9;-17;-348;-377;-307;-12;-354;-604;
512507039;2;-10;-348;-394;-332;6;-13;-473;
512508097;10;0;-234;-456;-364;-6;-133;-463;
512509207;-1;-9;-148;-585;-511;-7;245;-343;
512510314;-1;-5;-162;-581;-502;-17;208;-372;
512511416;27;22;-150;-578;-511;2;232;-336;
512512524;4;0;-148;-593;-500;4;227;-340;
512513634;20;11;-154;-577;-516;-9;219;-237;
512514739;25;17;-132;-568;-513;-1;229;-353;
512515833;29;13;-138;-574;-509;4;224;-335;
512516888;26;13;-132;-586;-514;0;237;-328;
512517963;40;15;-139;-590;-501;6;233;-338;
512519027;33;-8;-108;-585;-520;-13;211;-370;
512520063;29;52;-168;-608;-534;-19;212;-342;
512521172;34;4;-132;-593;-523;-3;208;-334;
512522280;48;22;-147;-574;-509;0;219;-326;
512523385;31;-2;-150;-586;-516;-3;223;-339;
512524527;43;17;-146;-588;-516;2;229;-330;
512525637;42;-26;-137;-588;-496;-5;217;-330;
512526736;37;9;-134;-590;-506;6;225;-317;
512527846;30;-6;-158;-592;-516;-15;208;-339;
512528950;55;-21;-141;-593;-506;12;229;-334;
512530058;56;11;-116;-580;-491;14;147;-319;
512531175;14;-13;-152;-607;-554;3;208;-343;
512532279;50;0;-140;-598;-504;1;233;-317;
512533377;25;-40;-150;-611;-517;-40;204;-340;
512534484;52;15;-129;-601;-506;1;221;-332;
512535576;35;27;-139;-617;-508;-6;220;-343;
512536688;44;16;-132;-596;-500;3;240;-314;
512537802;45;8;-135;-611;-511;-9;225;-326;
512538860;51;15;-128;-610;-501;0;232;-309;
512539882;39;9;-133;-598;-503;-3;240;-318;
512540916;13;-7;-147;-642;-524;-25;193;-335;
512541968;41;10;-143;-609;-506;1;230;-317;
512543024;50;-33;-141;-620;-498;6;220;-320;
512544102;42;24;-122;-612;-501;2;175;-308;
512545141;31;49;-148;-625;-494;-3;222;-310;
512546256;38;29;-131;-618;-490;12;227;-313;
512547349;-2;3;-156;-646;-535;-28;197;-339;
512548466;35;-8;-109;-635;-523;-13;211;-330;
512549562;38;15;-137;-614;-489;39;219;-304;
512550655;22;5;-132;-612;-504;-3;214;-326;
512551768;26;8;-129;-626;-503;4;220;-303;
512552878;36;14;-130;-620;-442;11;218;-318;
512554000;28;11;-136;-642;-508;-6;221;-317;
512555104;-6;20;-142;-640;-519;-1;213;-313;
512556220;26;13;-131;-624;-505;0;222;-331;
512557329;31;11;-131;-611;-485;-17;222;-301;
512558443;-20;-8;-141;-630;-511;-17;212;-308;
512559495;16;9;-132;-633;-506;11;219;-304;
512560528;27;11;-134;-620;-500;2;224;-301;
512561581;-2;13;-137;-619;-513;-4;233;-309;
512562653;3;6;-135;-643;-524;-10;224;-322;
512563686;45;34;-93;-625;-475;29;235;-299;
512564715;4;14;-143;-637;-521;-17;213;-332;
512565755;-2;24;-244;-642;-495;-2;233;-321;
512566775;16;32;-128;-626;-503;0;222;-307;
512567812;24;50;-117;-622;-510;-12;220;-295;
512568844;17;30;-129;-635;-514;-2;237;-300;
512569875;27;22;-124;-684;-501;11;229;-307;
512570907;28;33;-130;-645;-499;-3;216;-300;
512571954;24;21;-124;-623;-505;-5;228;-307;
512572994;20;38;-112;-635;-519;3;207;-299;
512574022;17;24;-126;-653;-517;-10;210;-322;
512575055;29;50;-120;-687;-491;11;209;-299;
512576091;-29;-29;-164;-709;-560;-54;171;-349;
512577127;33;-2;-115;-652;-505;0;218;-308;
512578208;4;8;-145;-661;-512;-22;188;-310;
512579247;41;29;-105;-632;-489;-1;219;-283;
512580301;39;39;-107;-648;-493;14;228;-295;
512581347;21;32;-120;-635;-458;11;235;-282;
512582391;35;16;-113;-645;-513;2;224;-283;
512583528;19;24;-93;-649;-504;4;223;-292;
512584646;22;32;-121;-649;-500;8;236;-307;
512585752;43;27;-110;-655;-498;5;219;-291;
512586870;24;21;-121;-665;-508;-5;219;-302;
512587966;37;18;-112;-659;-518;-7;208;-292;
512589086;37;18;-116;-656;-507;2;199;-348;
512590206;35;21;-104;-647;-494;9;223;-283;
512591289;62;27;-114;-652;-501;1;219;-271;
512592321;53;10;-124;-647;-521;6;210;-294;
512593417;62;23;-123;-641;-498;0;222;-278;
512594527;73;11;-119;-655;-510;-2;213;-299;
512595645;60;15;-113;-653;-512;12;225;-287;
512596776;56;15;-122;-673;-518;-15;213;-297;
512597893;65;19;-126;-633;-508;11;233;-294;
512599002;76;30;-115;-642;-510;17;229;-282;
512600118;75;26;-116;-654;-518;2;216;-290;
512601241;56;66;-123;-664;-518;1;204;-287;
512602365;68;39;-129;-657;-544;-1;211;-297;
512603484;64;37;-121;-639;-501;17;237;-284;
512604589;62;21;-112;-654;-511;12;224;-288;
512605727;65;5;-123;-656;-502;0;232;-271;
512606829;64;25;-129;-654;-508;3;184;-275;
512607937;54;38;-130;-647;-475;-1;220;-288;
512609029;65;19;-124;-670;-514;-13;210;-297;
512610117;56;16;-135;-662;-499;4;214;-288;
512611149;61;32;-109;-636;-512;3;227;-285;
512612179;58;30;-123;-656;-497;9;225;-269;
512613239;61;33;-123;-650;-503;0;207;-292;
512614309;62;34;-122;-653;-500;5;225;-269;
512615410;62;21;-125;-653;-506;13;215;-284;
512616533;24;41;-120;-653;-497;-1;210;-285;
512617643;73;25;-110;-655;-494;12;219;-286;
512618751;50;32;-126;-656;-509;-3;209;-274;
512619847;56;36;-125;-661;-495;-5;217;-264;
512620953;29;18;-148;-681;-530;-23;198;-293;
512622030;72;25;-118;-654;-503;3;216;-279;
512623137;45;21;-121;-655;-494;-9;197;-289;
512624239;52;40;-126;-654;-500;9;216;-285;
512625314;52;26;-71;-635;-500;9;216;-272;
512626340;55;36;-127;-648;-498;11;222;-193;
512627438;9;-23;-166;-696;-563;-50;166;-318;
512628481;47;30;-126;-664;-502;-17;224;-288;
512629576;56;15;-107;-642;-511;-1;221;-275;
512630674;42;19;-132;-665;-519;-8;216;-285;
512631790;54;40;-57;-656;-500;2;226;-294;
512632895;47;42;-107;-641;-505;11;222;-271;
512634002;45;42;-132;-662;-518;-1;218;-273;
512635107;33;25;-128;-674;-527;1;207;-289;
512636205;93;61;-67;-624;-470;36;268;-222;
512637308;40;15;-118;-668;-511;-7;206;-271;
512638439;14;1;-142;-692;-538;-23;199;-287;
512639572;41;37;-109;-654;-505;10;222;-322;
512640663;30;25;-112;-660;-511;18;124;-270;
512641768;39;23;-106;-665;-501;-6;212;-284;
512642901;53;44;-106;-651;-513;5;219;-281;
512644000;34;38;-116;-659;-511;0;214;-282;
512645067;34;39;-116;-656;-515;9;228;-268;
512646103;38;39;-113;-644;-514;6;222;-274;
512647137;25;19;-129;-662;-513;-14;204;-294;
512648204;33;16;-108;-656;-500;-12;217;-280;
512649305;37;18;-105;-652;-502;40;230;-298;
512650402;42;17;-120;-644;-526;-9;214;-278;
512651514;34;22;-117;-662;-502;1;211;-265;
512652594;23;24;-124;-655;-498;1;231;-269;
512653714;35;21;-106;-655;-496;16;212;-265;
512654822;39;13;-112;-666;-518;-4;220;-284;
512655923;32;23;-119;-657;-504;-1;220;-281;
512657023;41;22;-110;-646;-496;-3;216;-275;
512658139;45;32;-110;-674;-505;10;222;-276;
512659243;26;-81;-105;-651;-504;-4;221;-263;
512660361;37;14;-125;-660;-522;-13;198;-317;
512661490;22;13;-120;-658;-512;-13;190;-233;
512662606;31;18;-107;-660;-505;2;217;-275;
512663698;56;22;-104;-665;-510;9;221;-274;
512664821;47;35;-108;-657;-504;21;215;-262;
512665911;29;20;-119;-664;-513;-10;199;-278;
512667026;31;28;-110;-643;-508;-2;219;-279;
512668119;16;33;-119;-672;-507;-5;205;-274;
512669228;26;38;-115;-658;-506;-10;212;-262;
512670352;23;22;-119;-658;-507;-3;280;-380;
512671463;39;30;-98;-647;-510;6;219;-268;
512672570;36;30;-85;-652;-500;7;222;-258;
512673675;36;17;-116;-681;-527;16;205;-281;
512674765;30;32;-102;-664;-511;6;212;-266;
512675799;37;20;-105;-671;-510;-5;220;-282;
512676867;19;23;-117;-670;-521;12;203;-288;
512677935;31;28;-109;-659;-502;13;212;-258;
512678973;43;26;-102;-646;-504;4;223;-268;
512679997;24;24;-147;-653;-496;7;210;-304;
512681031;52;32;-98;-656;-519;13;228;-274;
512682120;32;28;-113;-658;-495;22;219;-262;
512683171;3;-8;-140;-688;-528;-25;181;-304;
512684221;26;26;-113;-652;-517;-31;213;-273;
512685331;26;38;-115;-658;-501;5;214;-278;
512686461;34;30;-108;-648;-512;7;209;-263;
512687571;26;-25;-120;-658;-509;0;225;-273;
512688682;30;17;-120;-648;-493;-4;219;-256;
512689790;37;31;-103;-655;-509;1;216;-257;
512690837;23;11;-123;-657;-516;7;208;-283;
512691876;30;34;-115;-651;-504;9;212;-275;
512692907;32;33;-114;-654;-498;6;230;-273;
512693965;55;47;-84;-638;-480;23;231;-242;
512695020;21;20;-127;-658;-515;-5;216;-277;
512696095;6;-38;-145;-687;-530;-25;185;-294;
512697172;31;13;-142;-676;-522;-13;189;-285;
512698209;15;13;-136;-664;-519;2;198;-279;
512699267;3;-5;-137;-688;-527;-29;183;-298;
512700375;25;29;-116;-662;-508;12;206;-277;
512701498;37;26;-128;-656;-510;0;207;-258;
512702589;48;22;-116;-664;-514;-8;201;-277;
512703681;35;24;-131;-655;-499;7;212;-251;
512704782;24;31;-119;-654;-513;22;209;-267;
512705878;9;26;-130;-658;-528;-8;192;-284;
512706976;24;13;-125;-646;-517;12;219;-259;
512708030;9;18;-77;-666;-511;81;196;-279;
512709095;30;24;-115;-653;-510;0;206;-274;
512710142;12;22;-121;-649;-511;-4;198;-285;
512711174;20;25;-116;-654;-509;-3;215;-266;
512712208;26;-8;-229;-668;-510;0;207;-270;
512713243;19;24;-112;-671;-512;-3;209;-275;
512714323;30;18;-124;-660;-506;-10;196;-270;
512715456;21;10;-134;-666;-511;-6;208;-266;
512716549;-4;31;-113;-647;-512;-2;207;-284;
512717636;19;24;-108;-670;-520;3;210;-265;
512718731;30;30;-108;-646;-505;0;211;-265;
512719833;16;13;-76;-649;-514;10;206;-275;
512720908;16;17;-129;-674;-517;10;203;-296;
512721960;28;26;-123;-655;-502;5;227;-257;
512723033;20;12;-113;-667;-520;-9;202;-269;
512724094;25;4;-135;-665;-520;-9;191;-292;
512725158;13;21;-126;-663;-511;-4;189;-268;
512726191;27;25;-105;-651;-502;0;220;-258;
512727270;19;38;-110;-780;-508;4;198;-258;
512728306;-15;3;-126;-666;-518;-6;201;-281;
512729329;20;23;-106;-657;-509;6;216;-282;
512730364;4;16;-124;-657;-526;-4;178;-287;
512731398;25;19;-102;-656;-502;4;185;-284;
512732440;8;23;-109;-664;-516;8;201;-280;
512733466;6;38;-110;-652;-504;1;196;-278;
512734564;21;16;-107;-647;-505;4;185;-266;
512735676;15;25;-102;-653;-500;-3;203;-277;
512736782;13;12;-103;-668;-515;9;191;-278;
512737879;14;16;-121;-675;-523;-5;183;-275;
512738967;9;17;-104;-658;-516;-5;184;-275;
512740073;26;18;-110;-664;-513;0;207;-283;
512741150;11;21;-117;-674;-518;-5;182;-288;
512742252;-11;-17;-137;-680;-551;-23;163;-330;
512743335;21;25;-107;-668;-554;11;189;-276;
512744438;81;82;-46;-604;-460;62;258;-204;
512745552;26;88;-110;-667;-512;8;186;-279;
512746650;26;31;-105;-655;-513;2;189;-255;
512747741;29;8;-121;-687;-519;-13;169;-294;
512748861;10;7;-104;-671;-521;-6;171;-274;
512749982;12;12;-116;-659;-505;5;187;-262;
512751073;4;10;-108;-664;-520;-4;159;-281;
512752222;9;-2;-119;-677;-526;2;212;-291;
512753338;2;14;-114;-669;-516;10;189;-286;
512754452;7;26;-112;-704;-513;-13;172;-274;
512755570;0;16;-120;-681;-527;-3;174;-282;
512756700;12;15;-127;-669;-532;-2;177;-267;
512757797;-10;3;-118;-687;-532;-20;171;-297;
512758893;16;25;-107;-649;-521;-7;178;-275;
512759996;0;2;-113;-662;-525;-2;176;-282;
512761072;10;15;-105;-670;-520;-8;189;-271;
512762186;20;-2;-115;-670;-541;0;191;-279;
512763275;-53;13;-107;-668;-519;-6;177;-292;
512764387;17;20;-116;-650;-518;2;173;-283;
512765512;14;29;-104;-636;-519;2;174;-282;
512766598;15;2;-110;-647;-523;13;180;-272;
512767717;25;13;-112;-659;-513;19;177;-272;
512768818;17;19;-115;-651;-526;-2;177;-269;
512769924;10;-2;-125;-667;-520;-5;178;-265;
512771013;6;12;-100;-658;-515;-4;155;-270;
512772130;9;9;-108;-662;-531;3;190;-274;
512773236;2;17;-107;-666;-509;10;181;-281;
512774337;19;10;-115;-663;-506;-5;169;-279;
512775462;6;26;-95;-660;-512;-4;176;-273;
512776564;13;17;-113;-670;-527;-10;189;-274;
512777659;15;11;-92;-670;-525;-7;175;-260;
512778687;-4;14;-116;-683;-542;-3;161;-274;
512779716;6;5;-91;-673;-517;6;174;-284;
512780758;22;17;-108;-664;-512;1;175;-269;
512781791;116;88;10;-590;-438;78;258;-200;
512782834;-19;-9;-125;-682;-536;-22;157;-291;
512783869;7;8;-129;-670;-532;-2;178;-277;
512784981;13;-36;-102;-662;-510;1;179;-269;
512786019;27;17;-93;-658;-525;7;191;-266;
512787107;19;19;-99;-668;-511;-5;185;-264;
512788142;27;9;-98;-664;-514;4;179;-270;
512789209;23;-31;-117;-682;-530;-35;170;-283;
512790308;5;5;-104;-656;-514;-1;160;-273;
512791405;-3;1;-127;-677;-532;-3;165;-277;
512792520;-4;4;-120;-682;-528;-18;145;-190;
512793639;8;10;-106;-674;-569;23;178;-276;
512794733;-1;9;-127;-678;-533;-4;157;-297;
512795857;-13;1;-118;-685;-527;0;162;-293;
512796942;44;-12;-105;-666;-518;16;181;-273;
512797989;5;0;-113;-674;-528;29;168;-279;
512799046;6;121;-120;-673;-521;-6;166;-281;
512800144;1;16;-110;-683;-519;1;173;-274;
512801260;5;17;-99;-660;-520;89;170;-263;
512802357;18;39;-86;-645;-489;19;183;-268;
512803476;3;7;-121;-672;-519;-5;291;-292;
512804579;11;13;-101;-667;-519;4;78;-274;
512805608;4;14;-106;-657;-529;2;185;-283;
512806693;19;39;-110;-643;-517;17;176;-265;
512807767;13;24;-108;-659;-516;106;166;-284;
512808835;-2;6;-114;-677;-525;-11;161;-289;
512809908;11;16;-105;-667;-525;16;180;-269;
512810985;12;14;-108;-662;-516;2;180;-271;
512812022;-1;-9;-108;-667;-523;-2;180;-273;
512813082;13;29;-181;-520;-328;9;-340;-413;
512814199;-2;2;-171;-645;-511;-2;178;-272;
512815319;23;11;-91;-662;-533;4;188;-270;
512816420;9;18;-100;-665;-533;-6;164;-288;
512817529;82;17;-100;-671;-522;-8;178;-295;
512818654;25;13;-94;-654;-511;16;177;-241;
512819758;10;25;-92;-661;-510;8;174;-282;
512820873;10;8;-103;-661;-531;-9;168;-277;
512821940;0;9;-104;-655;-530;1;185;-273;
512823041;2;14;-106;-663;-529;-1;165;-285;
512824141;-2;-2;-100;-653;-519;-2;178;-288;
512825275;8;7;-117;-673;-520;-9;171;-300;
512826372;12;20;-86;-647;-513;-5;180;-276;
512827473;8;4;-120;-675;-533;6;183;-280;
512828585;3;-4;-113;-674;-527;-4;161;-288;
512829706;-5;68;-112;-684;-533;-10;161;-279;
512830800;-5;-5;-114;-671;-545;-38;158;-287;
512831889;9;10;-102;-673;-525;-10;161;-292;
512832918;2;13;-104;-663;-515;0;173;-282;
512833979;2;9;-97;-654;-515;-7;171;-278;
512835084;-9;-1;-120;-671;-533;-5;158;-303;
512836178;20;20;-78;-673;-521;-1;178;-284;
512837262;13;29;-102;-645;-505;-2;189;-270;
512838377;-5;1;-119;-674;-527;-11;159;-273;
512839497;11;4;-103;-675;-532;-4;153;-275;
512840595;-4;5;-112;-681;-544;-4;164;-290;
512841694;8;13;-95;-667;-506;0;161;-276;
512842803;1;4;-110;-685;-532;-7;153;-278;
512843835;-3;5;-100;-683;-519;-6;148;-278;
512844866;-8;5;-108;-688;-532;-3;170;-279;
512845908;27;32;-79;-639;-505;21;185;-246;
512847012;15;22;-104;-668;-525;8;175;-272;
512848101;9;8;-109;-673;-520;-5;176;-278;
512849198;23;13;-96;-659;-511;1;167;-274;
512850280;1;0;-114;-686;-530;-16;160;-374;
512851383;4;-12;-108;-659;-527;3;173;-292;
512852519;14;16;-98;-653;-514;1;176;-263;
512853620;6;17;-95;-659;-523;17;179;-270;
512854653;4;10;-104;-663;-516;-5;173;-271;
512855685;-11;4;-144;-672;-518;5;169;-275;
512856738;-4;4;-108;-677;-532;1;162;-275;
512857815;7;1;-130;-678;-540;-3;149;-279;
512858849;4;6;-110;-672;-529;-3;176;-283;
512859876;4;17;-95;-658;-502;8;185;-282;
512860965;6;0;-101;-681;-538;0;153;-293;
512862070;0;4;-104;-677;-529;16;169;-309;
512863194;1;0;-279;-491;-331;-7;-407;-520;
512864297;-30;4;-247;-545;-450;1;-93;-348;
512865407;-8;16;-97;-668;-527;2;180;-272;
512866510;13;22;-98;-666;-525;15;164;-270;
512867640;-6;1;-90;-655;-509;-12;157;-287;
512868758;5;11;-110;-671;-522;-7;171;-293;
512869862;8;4;-101;-664;-524;2;169;-286;
512870965;-9;9;-97;-674;-524;-5;171;-268;
512872041;-5;4;-92;-678;-516;3;166;-284;
512873140;-7;11;-88;-666;-527;-13;189;-276;
512874252;-7;16;-108;-670;-528;0;185;-270;
512875364;0;9;-92;-632;-522;5;169;-283;
512876485;-7;3;-109;-667;-536;-7;157;-292;
512877601;-7;17;-73;-668;-535;-3;173;-275;
512878714;5;8;-101;-659;-524;2;195;-280;
512879815;-5;-11;-108;-673;-536;-10;168;-263;
512880904;0;14;-91;-671;-533;-4;181;-271;
512882027;-3;5;-92;-671;-517;5;179;-275;
512883146;2;18;-103;-679;-544;-4;147;-284;
512884264;-10;-4;-116;-690;-544;-12;160;-288;
512885379;6;11;-102;-670;-542;5;172;-281;
512886505;15;3;-99;-680;-531;12;180;-282;
512887619;20;10;-92;-677;-524;-8;180;-279;
512888729;-25;-19;-95;-693;-560;-22;160;-294;
512889847;-12;8;-106;-677;-543;-3;174;-283;
512890947;-63;-67;-166;-744;-586;-71;123;-337;
512892041;3;5;-95;-680;-524;14;188;-278;
512893143;3;11;-97;-678;-533;15;186;-272;
512894264;-40;5;-74;-684;-530;0;193;-272;
512895354;5;3;-95;-684;-518;7;183;-272;
512896386;-1;3;-93;-681;-577;-7;173;-292;
512897444;-3;13;-94;-695;-531;14;185;-275;
512898545;136;6;-86;-705;-534;-3;179;-283;
512899634;7;12;-73;-671;-536;13;191;-284;
512900721;0;-5;-99;-689;-540;4;165;-292;
512901831;13;18;-85;-660;-531;10;178;-216;
512902929;17;21;-85;-658;-525;15;203;-259;
512904031;1;-2;-85;-691;-527;-2;190;-277;
512905132;14;18;-95;-659;-515;5;184;-291;
512906190;0;12;-79;-675;-535;11;181;-282;
512907220;-2;-36;-90;-683;-543;9;188;-268;
512908319;9;0;-68;-680;-532;-11;197;-282;
512909375;10;-14;-97;-692;-555;-15;181;-293;
512910486;-26;-26;-117;-700;-565;-25;162;-301;
512911593;0;7;-91;-666;-532;6;190;-284;
512912714;11;1;-82;-682;-525;-2;179;-273;
512913804;-4;14;-88;-669;-522;3;148;-268;
512914900;-4;1;-96;-682;-529;-9;182;-290;
512915995;10;-43;-88;-679;-526;-6;175;-267;
512917040;8;1;-87;-683;-534;-2;185;-275;
512918069;-9;-2;-99;-688;-548;-33;186;-287;
512919097;-12;-16;-114;-707;-566;-1;177;-325;
512920131;-39;-6;-92;-690;-546;7;200;-280;
512921167;-4;-4;-96;-674;-538;7;177;-287;
512922207;1;-8;-111;-703;-547;-18;180;-293;
512923243;0;16;-88;-669;-536;4;187;-277;
512924270;-19;6;-100;-675;-534;-9;177;-273;
512925349;2;9;-91;-675;-523;13;183;-273;
512926440;-18;-2;-111;-688;-552;-9;189;-296;
512927469;4;-9;-90;-679;-541;-9;172;-288;
512928499;-16;-7;-99;-701;-528;4;172;-269;
512929555;-17;-24;-112;-713;-567;-34;166;-296;
512930584;-3;-1;-78;-674;-535;-1;199;-269;
512931615;-62;5;-102;-679;-541;-8;169;-278;
512932659;6;19;-85;-690;-544;10;182;-279;
512933688;-2;0;-91;-684;-526;5;190;-282;
512934720;-14;-14;-96;-694;-555;-14;166;-217;
512935756;-12;-14;-95;-689;-548;-6;182;-284;
512936775;11;-2;-96;-677;-534;16;189;-276;
512937801;-10;4;-95;-681;-544;-5;181;-287;
512938838;-3;0;-97;-679;-542;9;183;-271;
512939882;12;10;-86;-682;-538;0;200;-277;
512940913;16;6;-94;-693;-535;25;183;-265;
512941943;2;-6;-97;-694;-545;3;174;-285;
512942971;6;10;-98;-689;-535;15;184;-269;
512944007;-6;-4;-92;-680;-541;6;183;-287;
512945052;16;0;-98;-680;-559;9;183;-268;
512946081;9;13;-81;-654;-531;4;183;-276;
512947110;-2;-17;-94;-690;-547;2;181;-292;
512948138;-13;-13;-111;-696;-534;-7;159;-299;
512949165;-16;-17;-111;-694;-556;-18;161;-290;
512958771;-9;-5;-96;-682;-541;4;171;-271;
512959884;-16;-17;-117;-670;-549;-23;155;-289;
512960979;9;57;-80;-677;-532;7;185;-258;
512962087;-3;-15;-113;-681;-532;-16;166;-277;
512963198;-9;-10;-91;-679;-550;-6;183;-280;
512964305;-5;20;-102;-669;-528;-1;159;-269;
512965402;0;-7;-89;-689;-529;-3;170;-274;
512966516;-1;0;-91;-685;-528;-4;182;-275;
512967628;0;4;-104;-688;-542;1;160;-270;
512968732;-13;0;-108;-688;-532;1;178;-275;
512969839;-11;4;-149;-604;-438;-11;-253;-458;
512970970;0;-1;-263;-479;-348;-2;-352;-490;
512972088;21;31;-195;-540;-415;32;53;-323;
512973189;4;-3;-113;-660;-519;1;140;-295;
512974317;-11;1;-110;-670;-526;6;175;-269;
512975420;-15;-15;-100;-681;-551;-17;154;-287;
512976526;6;-5;-86;-677;-528;-1;180;-273;
512977638;0;0;-85;-703;-511;9;187;-265;
512978740;-4;-1;-107;-680;-541;9;173;-260;
512979838;-1;9;-103;-678;-528;14;168;-261;
512980934;-13;1;-108;-670;-542;-6;179;-277;
512982035;0;5;-91;-667;-523;5;184;-267;
512983146;-9;-2;-91;-670;-531;2;84;-270;
512984250;-3;-2;-92;-692;-547;-9;163;-283;
512985394;2;5;-75;-670;-507;-7;-310;-446;
512986526;0;0;-195;-584;-469;0;152;-285;
512987628;-4;-4;-109;-674;-541;-2;174;-269;
512988753;-8;2;-91;-676;-526;6;-349;-463;
512989851;-6;-4;-186;-594;-483;-6;-311;-338;
512990950;-1;-13;-102;-632;-438;-7;183;-278;
512992045;-7;4;-92;-689;-545;12;169;-273;
512993140;7;7;-78;-672;-529;6;182;-261;
512994186;-15;-5;-102;-695;-533;-14;168;-287;
512995306;-5;0;-103;-673;-542;3;177;-257;
512996404;9;-3;-94;-682;-531;2;143;-272;
512997524;2;0;-90;-680;-531;0;186;-279;
512998644;11;2;-103;-684;-536;-3;176;-270;
512999750;-16;5;-107;-699;-555;-2;167;-273;
513000818;-11;-13;-95;-687;-551;-5;205;-256;
513001894;1;12;-87;-690;-541;3;173;-270;
513002961;7;7;-81;-673;-524;4;180;-258;
513004009;3;-9;-108;-676;-538;3;-109;-314;
513005067;-11;-11;-159;-625;-448;-11;-170;-441;
513006098;-3;-9;-261;-500;-382;-5;176;-314;
513007130;-11;-11;-95;-685;-538;-15;170;-285;
513008177;-16;-6;-125;-659;-534;-8;166;-305;
513009218;0;3;-97;-671;-529;2;179;-263;
513010252;-19;-19;-112;-828;-541;-16;166;-309;
513011284;-12;-2;-91;-664;-510;0;164;-284;
513012323;7;-9;-98;-681;-550;10;188;-276;
513013352;-1;-11;-87;-695;-559;-9;168;-284;
513014447;2;2;-94;-682;-541;3;28;-293;
513015479;3;-9;-125;-669;-523;-13;-125;-315;
513016550;-18;-11;-120;-671;-530;-13;169;-291;
513017654;-8;18;-77;-688;-541;0;177;-265;
513018767;31;15;-79;-627;-474;31;-88;-272;
513019873;-13;-2;-109;-645;-509;3;-123;-318;
513020989;-14;-14;-124;-672;-527;-2;-135;-317;
513022038;5;-1;-114;-661;-521;-6;-121;-317;
513023068;0;6;-110;-643;-513;6;-162;-312;
513024098;-1;-4;-116;-660;-502;-3;-107;-300;
513025128;-7;-4;-120;-658;-500;-23;-107;-309;
513026184;-7;9;-116;-646;-510;3;-105;-290;
513027280;-3;-4;-105;-651;-513;2;-112;-302;
513028325;-7;-1;-154;-657;-516;8;-100;-298;
513029408;3;-4;-120;-673;-509;6;-115;-312;
513030469;3;-2;-119;-643;-510;9;-116;-302;
513031523;-3;0;-112;-657;-522;-13;-125;-310;
513032571;0;-1;-167;-593;-454;2;-157;-355;
513033651;-11;-7;-181;-573;-442;0;-207;-408;
513034738;-9;-10;-194;-550;-449;4;-163;-345;
513035771;0;0;-116;-643;-493;5;-142;-320;
513036858;1;-2;-151;-607;-466;-4;-168;-359;
513037904;-6;0;-143;-623;-494;-6;-133;-313;
513038939;-2;-10;-109;-663;-508;4;-105;-285;
513039969;1;0;-101;-668;-511;11;-114;-296;
513040993;-13;-9;-124;-661;-523;-9;-114;-312;
513042113;4;-1;-108;-654;-519;-1;-96;-282;
513043238;-2;-8;-108;-669;-527;12;-108;-286;
513044335;-13;-13;-112;-702;-524;-16;-112;-292;
513045454;-24;-18;-112;-656;-512;4;-111;-293;
513046549;-6;5;-99;-653;-512;1;-110;-295;
513047585;-9;-14;-97;-659;-524;3;-116;-285;
513048612;-61;-61;-157;-721;-575;-59;-155;-351;
513049696;-13;-3;-116;-664;-510;5;167;-253;
513050762;-17;-9;-84;-681;-538;-13;-106;-295;
513051795;-5;-5;-159;-675;-516;0;-133;-284;
513052852;0;0;-110;-668;-510;1;-102;-283;
513053976;-4;0;-76;-696;-545;13;178;-249;
513055086;-2;-11;-71;-690;-563;-7;178;-251;
513056193;3;-5;-81;-693;-527;-7;175;-228;
513057298;-11;-3;-81;-717;-564;-11;170;-242;
513058405;21;-4;-74;-717;-549;-8;169;-242;
513059527;-1;8;-85;-696;-541;0;177;-232;
513060622;-33;-13;-83;-713;-565;-17;158;-250;
513061660;4;-2;-69;-690;-553;0;179;-237;
513062685;21;-6;-70;-696;-548;0;181;-219;
513063713;-10;-13;-85;-712;-564;3;199;-242;
513064750;-7;-9;-66;-696;-551;1;180;-234;
513065797;0;-15;-77;-708;-494;0;180;-233;
513066834;1;-2;-73;-711;-553;4;187;-233;
513067875;6;5;-76;-699;-558;0;179;-223;
513068908;-9;5;-74;-706;-553;-1;178;-240;
513069938;-8;1;-65;-699;-562;20;178;-231;
513070970;-2;5;-71;-715;-555;-4;167;-225;
513072003;-5;24;-68;-727;-586;4;168;-225;
513073085;-7;-21;-82;-717;-563;-5;175;-237;
513074137;-1;-18;-69;-702;-562;12;169;-234;
513075187;8;-9;-76;-710;-558;11;183;-222;
513076243;-7;-4;-81;-709;-552;5;181;-220;
513077319;-13;-19;-77;-713;-589;-12;155;-244;
513078374;3;0;-68;-706;-552;0;181;-231;
513079419;20;13;-65;-689;-551;13;175;-216;
513080478;-14;-20;-80;-701;-557;9;170;-226;
513081582;-16;-19;-77;-710;-565;-8;164;-236;
513082684;-8;-8;-62;-713;-564;13;173;-220;
513083771;-4;-10;-59;-713;-561;-7;171;-228;
513084903;-12;-22;-68;-728;-574;-16;168;-218;
513086004;-1;-15;-65;-721;-559;-87;168;-257;
513087085;-17;-13;-67;-718;-568;-4;166;-205;
513088109;-6;8;-57;-707;-544;16;171;-218;
513089133;7;12;-48;-704;-560;2;182;-213;
513090163;-4;-6;-62;-716;-571;-2;164;-222;
513091197;-6;-13;-58;-725;-565;-1;169;-199;
513092220;-6;-17;-62;-729;-572;0;174;-200;
513093258;-11;-6;-68;-724;-547;-3;160;-228;
513094302;-13;-10;-60;-724;-596;-8;162;-198;
513095331;-15;-20;-71;-719;-583;-3;155;-200;
513096382;15;7;-49;-705;-574;13;172;-185;
513097468;-7;-15;-57;-730;-582;-7;146;-188;
513098567;2;13;-50;-716;-563;17;157;-178;
513099618;-1;1;-51;-722;-569;0;179;-166;
513100655;-60;-58;-109;-784;-632;-47;107;-231;
513101694;0;-5;-56;-722;-563;3;155;-199;
513102728;11;-1;-46;-719;-581;11;-73;-261;
513103765;-17;-13;-74;-728;-591;1;160;-183;
513104800;-8;-20;-50;-722;-588;13;156;-188;
513105871;-1;-14;-47;-724;-596;8;159;-181;
513106906;-2;-10;-32;-729;-593;-1;156;-180;
513107974;-19;-13;-30;-730;-602;8;146;-187;
513109028;-12;-8;-33;-743;-586;16;162;-189;
513110063;-10;-1;-20;-745;-595;1;141;-184;
513111165;-15;-5;-3;-747;-602;12;162;-182;
513112276;11;-17;-30;-743;-605;0;162;-199;
513113373;-14;-6;-29;-761;-599;-1;153;-186;
513114484;-18;-9;-27;-749;-604;-11;140;-192;
513115574;-11;-4;-24;-747;-613;-5;155;-186;
513116645;-21;-17;-9;-747;-603;-3;124;-200;
513117750;-13;10;-14;-760;-603;-9;152;-194;
513118835;-16;-12;-29;-748;-600;7;157;-203;
513119870;-11;-74;-25;-747;-592;6;155;-190;
513120907;-16;-21;-34;-753;-605;11;148;-211;
513122004;-8;-2;-17;-743;-615;-7;153;-194;
513123117;-16;-17;-11;-743;-603;4;157;-196;
513124223;0;-29;-5;-725;-625;-3;155;-202;
513125310;-18;-25;-20;-734;-602;0;138;-197;
513126422;14;-16;-51;-563;-440;1;-310;-408;
513127510;-29;-25;-45;-554;-445;-67;-313;-425;
513128609;-12;-15;-36;-548;-430;9;-301;-410;
513129652;-22;-16;-33;-535;-422;0;-397;-444;
513130727;-11;-21;-40;-553;-441;8;-276;-413;
513131802;-24;-49;-25;-558;-474;-91;-170;-350;
513132867;-27;-19;-8;-661;-570;-3;75;-247;
513133905;-20;-29;-5;-717;-628;-10;21;-225;
513134940;-7;-9;46;-707;-609;10;139;-182;
513136034;-26;-28;32;-715;-622;-2;85;-238;
513137134;-23;-26;21;-726;-632;16;116;-220;
513138234;-31;-14;10;-745;-634;-6;115;-222;
513139344;-33;-24;5;-753;-647;1;109;-244;
513140460;-9;-17;21;-736;-637;5;126;-217;
513141513;-21;-26;-8;-757;-650;-2;107;-233;
513142563;-27;-24;-4;-660;-530;2;-349;-398;
513143627;-27;-32;-7;-797;-653;-19;-494;-421;
513144715;-38;-39;-2;-690;-673;-7;106;-257;
513145801;-12;-15;-32;-635;-540;5;-317;-335;
513146853;-33;-25;-2;-684;-624;0;119;-249;
513147894;-31;-21;0;-684;-653;-4;111;-253;
513148965;2;-7;28;-636;-631;29;-201;-292;
513149986;-21;-12;-9;-583;-554;35;15;-410;
513151077;-7;-27;-7;-615;-621;-6;-105;-524;
513152209;-15;-40;-70;-400;-350;-15;-679;-616;
513153313;14;-5;-11;-361;-326;31;-667;-600;
513154423;-13;-52;-37;-430;-374;15;-386;-588;
513155531;-16;-30;-54;-427;-381;16;-615;-608;
513156595;-10;-27;-55;-398;-349;0;-686;-605;
513157626;-32;-63;56;-417;-369;-37;-720;-625;
513158739;-13;-17;-18;-388;-342;10;-386;-369;
513159785;-26;-26;4;-599;-596;-1;-162;-270;
513160863;-29;-34;-7;-598;-601;-3;-144;-261;
513161909;4;-21;3;-499;-485;20;-310;-405;
513162976;41;-52;3;-574;-631;-4;108;-234;
513164029;-18;-24;13;-597;-653;-7;114;-202;
513165069;-19;-31;0;-578;-648;0;113;-210;
513166141;-13;-33;9;-559;-655;3;121;-182;
513167194;-12;-22;14;-502;-643;-7;116;-189;
513168254;-6;-29;5;-555;-661;-5;129;-200;
513169375;-31;-31;8;-487;-607;-7;-74;-284;
513170485;-16;-33;25;-515;-644;-1;120;-169;
513171586;-26;-30;3;-522;-659;3;108;-186;
513172700;-13;-18;11;-528;-659;4;119;-184;
513173805;-33;-29;-4;-515;-665;14;131;-179;
513174913;-21;-34;9;-533;-677;-24;116;-194;
513176023;-27;-27;6;-648;-667;3;114;-189;
513177141;-41;-39;16;-526;-664;2;110;-177;
513178245;-31;-25;-4;-494;-668;5;114;-178;
513179357;-42;-45;8;-520;-669;-5;120;-172;
513180452;-37;-33;25;-508;-529;0;109;-173;
513181578;-21;-23;21;-492;-666;4;124;-192;
513182686;-29;-34;25;-488;-667;11;129;-163;
513183780;-29;-37;13;-492;-663;6;121;-170;
513184815;-34;-30;29;-490;-652;1;116;-170;
513185910;-38;-43;14;-490;-665;-1;115;-168;
513186955;-25;-29;21;-489;-660;10;121;-171;
513187988;-24;-30;26;-474;-669;8;124;-166;
513189031;-45;-32;8;-513;-691;8;102;-190;
513190135;-33;-50;13;-502;-670;-21;119;-171;
513191247;-31;-35;24;-477;-676;0;125;-161;
513192365;-41;-26;19;-474;-690;7;128;-163;
513193505;-20;-11;25;-457;-669;6;126;-153;
513194606;-37;-45;17;-488;-696;-16;105;-164;
513195706;-74;-24;30;-462;-667;3;133;-133;
513196783;-16;-9;32;-407;-673;14;157;-149;
513197889;-21;-23;32;-423;-678;4;129;-186;
513199016;2;-40;12;-429;-686;5;107;-164;
513200117;-41;-28;26;-403;-674;5;129;-120;
513201218;-34;-33;29;-415;-692;-5;104;-147;
513202312;-35;-43;16;-393;-670;-4;120;-140;
513203447;-32;-26;18;-394;-663;-7;121;-152;
513204546;-36;-25;50;-369;-658;0;129;-121;
513205651;11;20;56;-348;-609;49;171;-88;
513206759;-33;-124;18;-384;-647;-5;121;-136;
513207827;-47;-4;16;-391;-652;-11;124;-126;
513208934;-49;-34;-2;-342;-646;-18;111;-134;
513210034;-37;-27;25;-365;-614;-14;117;-126;
513211148;-52;-39;17;-383;-623;-2;99;-125;
513212245;-50;-32;26;-358;-611;-31;122;-126;
513213350;-39;-39;26;-358;-626;7;122;-118;
513214451;-36;-27;28;-350;-603;1;128;-111;
513215531;-52;-44;31;-360;-604;-11;114;-116;
513216602;-55;-22;31;-358;-603;-34;119;-102;
513217658;-66;-33;31;-348;-600;-2;118;-114;
513218688;-40;-106;35;-353;-599;-6;122;-109;
513219801;-59;-33;33;-229;-632;3;128;-86;
513220905;-60;-36;25;-233;-645;-17;117;-98;
513222017;-62;-50;37;-261;-626;-4;13;-94;
513223141;-63;-30;30;-260;-627;10;117;-95;
513224249;-67;-47;45;-253;-621;-9;134;-82;
513225354;-63;-43;45;-275;-610;3;111;-93;
513226402;-56;-26;53;-221;-607;5;131;-85;
513227443;-71;-42;64;-246;-600;2;127;-84;
513228470;-66;-32;57;-250;-528;-16;103;-67;
513229559;-66;-49;56;-248;-463;-2;121;-70;
513230645;-73;79;49;-158;-341;-4;120;-60;
513231698;-153;32;43;-158;-442;3;124;-52;
513232768;-12;-54;72;-232;-463;-3;116;-46;
513233840;-56;-75;87;-229;-422;-4;119;-62;
513234869;-112;-50;50;-213;-429;0;141;-59;
513235967;-103;-25;109;-187;-423;-2;129;-43;
513237078;-35;-8;40;-178;-409;5;132;-30;
513238172;-18;-26;26;-190;-406;3;125;-52;
513239273;-22;-29;39;-182;-414;6;129;-43;
513240393;-59;-41;26;-166;-426;-10;128;-63;
513241521;-61;-21;79;-141;-423;4;155;-47;
513242614;-71;-32;80;-197;-446;-11;144;-55;
513243643;-84;-35;71;-200;-448;-6;130;-67;
513244676;-72;-38;70;-206;-442;43;-162;-58;
513245717;-87;-39;96;-176;-443;6;157;-60;
513246754;-82;-42;111;-164;-436;7;155;-49;
513247790;-106;-54;82;-193;-459;-5;137;-61;
513248832;-92;-48;120;-167;-397;2;142;-50;
513249863;-89;-57;101;-156;-465;-11;142;-59;
513250881;-68;-50;78;-153;-475;17;145;-49;
513251978;-53;-40;78;-194;-485;4;148;-43;
513253105;-68;-86;65;-188;-493;-3;140;-53;
513254199;-49;-28;86;-178;-472;8;187;-24;
513255311;-63;-61;56;-214;-486;-8;154;-67;
513256422;-71;-28;50;-213;-492;-7;155;-69;
513257535;-47;-23;77;-197;-501;11;170;54;
513258653;-55;-24;53;-184;-510;-4;172;-67;
513259686;-53;-30;65;-167;-523;21;194;-47;
513260751;-60;-46;23;-200;-540;-12;139;-64;
513261806;-62;-57;-11;-155;-520;9;126;-43;
513262849;-66;-44;31;-189;-578;-11;131;-62;
513263905;-61;-58;12;-166;-597;-18;36;-93;
513264975;-133;-75;12;-179;-618;-8;138;-83;
513266018;-16;-72;40;-153;-588;-2;121;-74;
513267103;-33;-63;17;-120;-597;-11;120;-67;
513268209;-50;-75;14;-118;-645;-12;116;-90;
513269308;-26;-68;16;-126;-657;6;132;-84;
513270400;-33;-43;38;-102;-638;9;134;-12;
513271508;-34;-49;3;-95;-645;5;132;-86;
513272610;-56;-52;13;-111;-658;-3;-133;-101;
513273699;-60;-42;36;-116;-651;28;155;-91;
513274824;-55;-47;37;-153;-662;-2;140;-96;
513275907;-48;-51;23;-175;-659;7;128;-104;
513277005;-4;-9;61;-148;-616;42;167;-53;
513278152;-49;-46;29;-223;-660;10;136;-90;
513279232;-43;-56;37;-199;-653;12;129;-95;
513280332;-33;-38;33;-209;-644;-12;129;-106;
513281420;-39;-51;28;-230;-628;-11;138;-117;
513282520;-19;-53;32;-325;-596;-6;129;-121;
513283629;-47;-49;33;-370;-588;8;120;-123;
513284754;-35;-55;25;-391;-569;-1;115;-131;
513285860;-18;-37;26;-402;-543;0;142;-108;
513286978;-32;-34;42;-403;-537;7;137;-113;
513288095;-19;-33;40;-434;-525;3;142;-110;
513289194;-26;-39;36;-438;-526;-7;134;-120;
513290300;-37;-52;11;-373;-510;-13;116;-134;
513291391;-34;-43;32;-429;-495;-3;123;-113;
513292446;-27;-37;27;-438;-501;-5;126;-114;
513293532;-43;-25;16;-415;-473;-1;137;-124;
513294618;-20;-28;17;-424;-473;25;129;-110;
513295659;-27;-26;16;-424;-443;2;127;-121;
513296717;-36;-35;23;-414;-447;-1;127;-125;
513297766;-26;-20;28;-401;-429;9;140;-99;
513298802;-43;-18;16;-437;-454;-7;122;-127;
513299893;-51;-27;19;-439;-441;-2;131;-104;
513300929;-25;-20;6;-412;-438;-4;142;-136;
513302019;-44;-28;4;-440;-448;4;104;-124;
513303140;-17;-12;0;-423;-541;-10;113;-104;
513304259;-31;-22;21;-428;-445;-5;124;-115;
513305364;-46;-42;-5;-439;-453;-3;110;-131;
513306476;33;41;66;-372;-387;64;184;-64;
513307565;-23;-10;0;-416;-440;0;135;-108;
513308660;-21;-19;16;-418;-454;-4;132;-18;
513309775;-27;-15;-7;-415;-453;17;139;-118;
513310895;-38;-14;-13;-434;-467;-9;100;-131;
513311988;-20;-10;13;-416;-441;12;135;-100;
513313102;-28;-35;16;-423;-457;22;154;-96;
513314204;-20;-37;-6;-417;-470;-3;123;-117;
513315305;-24;-17;9;-423;-458;-1;133;-98;
513316393;-26;-30;-6;-425;-455;-1;129;-109;
513317514;-21;-29;5;-442;-469;-17;128;-100;
513318649;-22;-14;1;-437;-469;4;131;-90;
513319703;-32;-29;-25;-461;-467;-9;131;-114;
513320794;-25;-21;-22;-461;-471;-5;130;-105;
513321904;-18;-10;-19;-449;-447;-2;142;-114;
513323029;-29;-33;-52;-487;-477;-17;128;-117;
513324127;-26;-19;-40;-470;-467;-4;122;-116;
513325239;-14;-12;-31;-474;-473;18;141;-95;
513326329;-24;-4;-62;-428;-459;12;142;-144;
513327438;-27;-23;-62;-479;-476;2;141;-169;
513328534;-2;-20;-103;-445;-438;5;-124;-109;
513329653;-35;-47;-69;-478;-445;-5;131;-115;
513330757;-5;-10;-126;-444;-414;14;135;-101;
513331862;-32;-7;-57;-521;-478;8;126;34;
513332979;-27;-9;-70;-510;-484;-6;123;-102;
513334077;-32;-25;-79;-527;-484;-17;125;-114;
513335168;-11;1;-31;-501;-455;3;146;-79;
513336268;-22;-4;-54;-520;-468;-3;140;-98;
513337369;-21;-12;-75;-530;-477;-8;133;-111;
513338500;-25;-1;-71;-541;-484;-3;138;-100;
513339607;-22;-19;-73;-516;-483;47;131;-97;
513340720;-29;0;-61;-526;-472;16;134;-88;
513341815;-19;-11;-56;-524;-473;-37;104;-86;
513342902;-12;-8;-65;-515;-464;9;129;-84;
513344009;6;3;-55;-514;-448;16;149;-83;
513345131;-6;-9;-69;-522;-467;2;152;-89;
513346248;-18;-20;-74;-518;-440;0;82;-107;
513347355;-18;-15;-85;-515;-485;-6;131;-121;
513348486;-7;-30;-132;-467;-397;-1;-280;-180;
513349587;-3;-34;-109;-478;-389;8;47;-187;
513350683;-18;-8;-75;-537;-482;-6;137;-121;
513351793;3;-12;-55;-522;-481;8;127;-95;
513352898;-23;-12;-75;-551;-497;-11;141;-112;
513354008;-15;-52;-62;-539;-487;4;138;-94;
513355122;-13;-23;-74;-533;-483;-3;-238;-189;
513356226;-30;-30;-57;-516;-446;-5;-259;-230;
513357321;-18;-26;-181;-412;-348;6;-329;-274;
513358419;-39;-63;-208;-422;-358;-30;-307;-262;
513359529;-7;-31;-128;-472;-414;-1;-87;-220;
513360619;-10;-29;-118;-463;-411;3;-57;-195;
513361699;-10;-26;-113;-504;-438;11;-96;-206;
513362748;-13;-34;-114;-493;-433;6;-69;-229;
513363815;-26;-35;-100;-498;-437;17;-47;-201;
513364890;-17;-33;-105;-493;-425;0;-67;-188;
513365982;-30;-45;-116;-500;-436;2;-58;-204;
513367020;-12;-13;-67;-508;-458;11;-27;-197;
513368096;-49;-44;-79;-508;-449;-13;-50;-187;
513369198;-6;-40;-65;-498;-431;22;-25;-182;
513370305;-28;-68;-109;-594;-467;-27;-55;-222;
513371439;-14;-44;-105;-491;-435;-2;-52;-145;
513372530;-30;-42;-109;-509;-441;-5;-35;-205;
513373637;-15;-52;-88;-501;-437;4;-34;-221;
513374750;-16;-112;-105;-431;-440;-9;-41;-194;
513375873;-4;-42;-87;-506;-456;0;-20;-187;
513376972;-22;-64;-64;-525;-475;-1;-21;-196;
513378067;-20;-66;-61;-523;-473;8;-29;-196;
513379166;-17;-68;-69;-516;-482;-12;-39;-118;
513380277;-11;-60;-92;-510;-459;-4;-25;-192;
513381373;-56;-88;-94;-562;-503;-26;-33;-226;
513382476;-20;-69;-68;-526;-460;9;0;-195;
513383582;-8;-73;-53;-521;-466;9;-24;-167;
513384669;-31;-236;-74;-531;-476;-68;-40;-198;
513385708;-22;-114;-77;-518;-470;-13;-36;-200;
513386778;-21;-71;-86;-514;-451;-5;-33;-199;
513387827;-12;-55;-100;-505;-451;-10;-41;-202;
513388915;-24;-68;-77;-554;-475;3;-22;-192;
513390018;-12;-42;-51;-527;-468;0;-24;-196;
513391100;-15;-44;-76;-516;-464;0;-16;-193;
513392181;-17;-48;-102;-527;-474;-12;88;-213;
513393274;-7;-42;-89;-515;-429;11;-24;-202;
513394387;-13;-38;-60;-537;-464;0;-29;-220;
513395523;-11;-33;-86;-518;-463;12;-9;-186;
513396614;-30;-39;-70;-555;-488;-12;-27;-196;
513397712;16;-39;-59;-534;-481;-5;-26;-201;
513398820;-13;-42;-77;-522;-489;3;-57;-205;
513399923;-20;-48;-68;-538;-498;-4;-26;-193;
513401039;-13;-47;-65;-545;-478;-1;-22;-204;
513402153;-19;-24;-61;-532;-478;1;-11;-185;
513403260;-33;-38;-64;-561;-485;-13;-25;-193;
513404391;-23;-37;-63;-551;-488;-1;-35;-200;
513405513;-28;-33;-48;-539;-472;-6;-21;-199;
513406621;-33;-45;-70;-551;-468;9;-26;-203;
513407749;-21;-19;-170;-621;-565;-1;176;-114;
513408846;-25;-24;-177;-626;-575;-12;177;-124;
513409964;-14;-26;-167;-615;-567;0;192;-113;
513411063;-5;-17;-170;-615;-563;7;176;-108;
513412175;-25;-17;-187;-627;-559;41;182;-125;
513413272;-23;-10;-162;-624;-548;3;180;-119;
513414369;-56;-20;-177;-633;-578;-19;169;-123;
513415482;-13;-11;-166;-616;-562;0;182;-116;
513416594;-19;0;-186;-630;-564;-8;179;-111;
513417688;-9;-5;-180;-637;-570;0;194;-116;
513418799;-12;-4;-167;-616;-550;4;183;-109;
513419907;28;-22;-183;-622;-569;-9;177;-121;
513420996;-11;-29;-171;-613;-555;6;178;-116;
513422099;1;3;-173;-609;-545;4;184;-108;
513423227;-13;4;-175;-628;-551;15;174;-112;
513424333;-4;-17;-195;-627;-567;-10;166;-116;
513425463;-7;5;-169;-608;-532;12;189;-97;
513426565;-5;-20;-185;-626;-552;0;174;-116;
513427659;17;99;-157;-601;-530;21;200;-86;
513428768;-5;5;-174;-615;-560;6;179;-118;
513429827;-23;13;-170;-605;-541;0;179;-112;
513430859;-12;5;-188;-624;-556;-6;174;-111;
513431888;3;14;-173;-610;-543;13;179;-106;
513432951;0;16;-172;-613;-564;2;183;-110;
513434003;-6;3;-169;-605;-577;13;155;-89;
513435067;0;22;-154;-572;-521;5;133;-77;
513436157;2;16;-158;-587;-519;-8;132;-73;
513437259;-12;22;-149;-566;-502;3;141;-72;
513438353;70;99;-63;-494;-420;83;214;14;
513439468;-21;5;-129;-569;-512;-10;119;-89;
513440577;-42;10;-113;-561;-507;-21;152;-58;
513441676;-3;23;-114;-567;-510;-3;132;-94;
513442769;-23;26;-114;-552;-497;0;144;-89;
513443858;-14;12;-113;-576;-525;-12;127;-130;
513444960;4;28;-104;-560;-490;12;128;-78;
513446071;-1;15;-105;-554;-497;-12;131;-88;
513447193;-14;8;-118;-550;-501;13;129;-83;
513448289;-33;-14;-125;-582;-516;-25;123;-112;
513449400;61;83;-29;-502;-438;62;203;-20;
513450493;-9;20;-107;-566;-511;-14;134;-95;
513451590;3;29;-91;-556;-489;0;144;-94;
513452680;-4;13;-102;-567;-497;-10;129;-101;
513453768;-4;26;-103;-556;-497;0;132;-95;
513454887;-14;26;-123;-567;-497;-22;128;-100;
513455996;-7;39;-135;-574;-508;-6;141;-99;
513457102;-15;33;-109;-566;-520;111;116;-104;
513458196;-12;51;-102;-563;-489;12;142;-92;
513459286;-97;-31;-200;-660;-650;-99;45;-175;
513460387;8;81;-95;-546;-483;14;146;-92;
513461504;2;49;-168;-559;-493;-1;144;-92;
513462609;1;39;-52;-521;-487;2;135;-89;
513463707;-2;38;-99;-562;-497;3;144;-86;
513464817;-9;21;-104;-554;-500;0;136;-96;
513465918;-15;41;-103;-551;-486;1;142;-98;
513467015;9;26;-100;-561;-492;-8;134;-99;
513468130;-23;23;-115;-568;-501;5;118;-111;
513469235;-17;20;-100;-566;-497;-7;132;-111;
513470344;-22;24;-90;-548;-503;-3;127;-104;
513471465;-4;17;-94;-558;-490;13;142;-90;
513472565;2;29;-87;-550;-478;6;131;-98;
513473655;-13;14;-82;-548;-506;-3;130;-98;
513474760;-10;19;-96;-559;-495;-2;143;-100;
513475880;4;16;-92;-568;-494;8;253;-80;
513477008;-18;-2;-98;-576;-498;-12;124;-104;
513478101;-11;18;-83;-553;-492;-27;144;-76;
513479192;-6;13;-97;-558;-505;-7;126;-89;
513480278;-23;35;-84;-576;-501;17;133;-95;
513481346;-10;1;-103;-565;-495;0;124;-112;
513482448;-4;1;-88;-561;-497;-4;171;-95;
513483556;-8;-9;-93;-571;-506;-9;120;-100;
513484669;-1;13;-95;-557;-501;13;132;-106;
513485759;5;0;-116;-561;-498;0;143;-85;
513486871;-13;-17;-89;-564;-478;0;11;-155;
513487977;0;-3;-90;-540;-484;13;144;-116;
513489105;-14;0;-92;-549;-489;0;133;-97;
513490230;-8;48;-78;-541;-489;-4;142;-97;
513491346;-2;0;-74;-556;-494;9;138;-95;
513492452;2;25;-90;-527;-462;14;109;-99;
513493539;-10;-4;-81;-540;-510;0;137;-96;
513494663;-38;-7;-98;-562;-503;-5;118;-63;
513495768;-10;3;-102;-554;-504;-9;118;-107;
513496890;-20;1;-85;-550;-505;-3;122;-109;
513498012;5;21;-43;-556;-503;-4;128;-103;
513499131;-18;0;-90;-565;-503;-10;116;-109;
513500243;4;6;-90;-545;-485;-1;140;-106;
513501335;-10;3;-84;-551;-516;1;136;-112;
513502443;8;18;-134;-462;-400;19;-265;-221;
513503540;-6;14;-178;-455;-413;10;-109;-202;
513504630;-19;3;-149;-498;-447;-9;-106;-191;
513505726;-7;3;-117;-494;-460;0;9;-187;
513506809;-13;-5;-109;-523;-466;-6;-35;-187;
513507844;-9;4;-115;-514;-486;-18;-24;-189;
513508879;5;29;-93;-510;-460;12;-12;-180;
513509970;-18;-4;-115;-514;-477;-4;-50;-208;
513510995;-3;15;-100;-517;-450;-2;-60;-200;
513512076;2;-2;-103;-501;-472;8;-32;-204;
513513184;-1;13;-84;-513;-469;-12;-23;-197;
513514288;0;13;-94;-520;-464;-2;-41;-195;
513515408;-10;13;-97;-516;-472;12;-49;-190;
513516520;-20;4;-102;-562;-482;26;-76;-204;
513517633;1;13;-108;-502;-445;0;-58;-220;
513518745;0;25;-118;-477;-468;3;-39;-194;
513519855;-9;17;-91;-524;-490;-9;-54;-198;
513520882;25;10;-94;-507;-476;-5;-45;-186;
513521976;-4;22;-77;-507;-475;6;-34;-198;
513523023;-5;8;-95;-520;-471;16;-41;-195;
513524084;-11;16;-98;-504;-465;-1;-61;-192;
513525190;-9;2;-101;-506;-473;-9;-56;-209;
513526310;-8;15;-98;-500;-469;-1;-44;-202;
513527416;-37;39;-91;-510;-464;-1;-39;-220;
513528526;-2;13;-86;-494;-472;0;-33;-194;
513529640;-12;4;-107;-499;-494;-9;-56;-205;
513530740;-5;4;-94;-516;-482;-6;-42;-232;
513531770;-99;-87;-202;-604;-563;-103;-154;-319;
513532799;-13;-4;-112;-519;-473;-4;-42;-202;
513533838;-1;-7;-94;-496;-477;5;-47;-191;
513534866;-22;-4;-117;-512;-473;-5;-62;-201;
513535910;-5;-2;-95;-505;-462;11;-22;-200;
513537000;-14;-17;-94;-520;-483;-10;-35;-201;
513538028;-7;0;-94;-515;-477;4;-29;-188;
513539089;-20;-16;-100;-523;-488;-20;-32;-217;
513540138;5;5;-86;-518;-468;5;-22;-192;
513541180;-6;0;-98;-521;-485;-3;-31;-209;
513542244;0;3;-91;-515;-491;0;-21;-190;
513543293;-7;-7;-88;-506;-480;9;2;-166;
513544390;-1;-6;-82;-519;-477;1;-19;-199;
513545505;-1;5;-84;-515;-476;0;-8;-198;
513546626;-17;-25;-89;-528;-487;-13;-42;-233;
513547704;-12;-10;-105;-526;-487;-10;-35;-208;
513548791;-16;0;-107;-524;-486;-1;-17;-212;
513549908;-2;-6;-86;-529;-486;7;-35;-191;
513551019;7;1;-74;-517;-469;7;-32;-219;
513552144;-23;-15;-106;-534;-480;-16;-48;-235;
513553253;-16;-16;-127;-551;-498;-9;95;-169;
513554373;-15;2;-205;-606;-571;-3;174;-128;
513555502;-5;-2;-184;-597;-574;3;187;-120;
513556604;0;-48;-181;-576;-562;4;183;-116;
513557703;6;-3;-183;-604;-570;-1;184;-120;
513558807;-8;-8;-203;-605;-565;3;248;-127;
513559909;3;-5;-189;-605;-571;-2;182;-117;
513561023;1;11;-195;-595;-561;1;192;-107;
513562103;-1;9;-203;-598;-588;-1;176;-134;
513563194;11;0;-189;-592;-548;0;183;-103;
513564307;-22;-2;-205;-602;-568;-15;133;-100;
513565413;2;5;-154;-567;-535;14;140;-77;
513566534;-2;-13;-168;-577;-532;-6;138;-89;
513567648;-12;-12;-178;-566;-540;-1;121;-83;
513568756;5;-22;-150;-562;-501;22;132;-93;
513569853;-1;2;-153;-556;-520;8;121;-40;
513570882;-7;-4;-164;-534;-521;2;127;-88;
513571925;6;15;-155;-545;-510;5;132;-77;
513572951;1;1;-148;-518;-510;10;139;-83;
513573981;-34;-13;-133;-563;-526;-13;122;-101;
513575015;-4;-3;-129;-567;-496;2;126;-82;
513576056;-7;-13;-120;-560;-519;6;133;-86;
513577096;-1;4;-110;-497;-509;5;131;-87;
513578130;-6;-13;-120;-568;-523;-9;122;-89;
513579157;1;-3;-105;-542;-496;8;131;-83;
513580184;-2;-11;-120;-574;-525;-5;127;-88;
513581211;-5;11;-102;-545;-516;9;142;-81;
513582246;6;5;-82;-559;-511;10;137;-83;
513583293;-12;-9;-108;-564;-519;-2;136;-94;
513584321;4;-2;-91;-550;-511;4;132;-38;
513585351;-11;-6;-102;-562;-521;0;131;-95;
513586390;-6;-2;-107;-561;-408;3;123;-87;
513587437;-1;-1;-84;-543;-511;24;141;-88;
513588464;3;8;-108;-565;-509;0;137;-95;
513589538;-16;-7;-104;-569;-526;-15;144;-90;
513590606;5;11;-78;-542;-499;5;149;-74;
513591634;0;11;-103;-549;-506;13;130;-78;
513592665;2;14;-98;-559;-513;14;147;-83;
513593693;-21;1;-102;-566;-521;-10;121;-102;
513594778;-3;-3;-100;-569;-522;4;151;-104;
513595909;-15;-13;-82;-585;-559;-15;154;-129;
513597013;-22;-24;-101;-601;-552;-15;156;-127;
513598171;-15;-9;-80;-597;-534;-5;159;-106;
513599274;14;-7;-76;-603;-549;1;167;-113;
513600375;-19;-18;-91;-598;-553;-12;156;-132;
513601497;8;-2;-82;-589;-537;3;159;-121;
513602612;-2;1;-77;-580;-535;9;167;-123;
513603704;-3;-1;-76;-592;-532;10;169;-42;
513604789;48;44;-22;-557;-493;27;209;-85;
513605912;5;12;-58;-574;-530;4;191;-109;
513607026;-2;-13;-76;-597;-538;0;159;-127;
513608130;2;5;-75;-592;-564;0;177;-115;
513609225;0;5;-72;-580;-538;13;159;-128;
513610337;-4;-3;-80;-598;-541;-9;154;-86;
513611386;1;-9;-71;-583;-541;7;130;-116;
513612465;0;-5;-82;-600;-544;-16;150;-115;
513613490;3;8;-68;-599;-543;-5;166;-110;
513614532;19;19;-81;-578;-541;0;166;-113;
513615565;10;0;-84;-590;-540;0;174;-144;
513616593;3;2;-76;-593;-541;-2;161;-116;
513617625;-9;-5;-88;-591;-541;-9;154;-124;
513618658;-9;-11;-76;-577;-544;-4;150;-121;
513619686;-2;-2;-52;-588;-532;8;154;-117;
513620721;-3;2;-78;-593;-538;5;172;-110;
513621791;0;42;-67;-595;-540;9;164;-118;
513622845;12;-4;-76;-581;-523;0;155;-108;
513623892;-3;0;-76;-567;-533;-3;152;-144;
513624956;11;-2;-73;-589;-528;-7;148;-106;
513626051;16;9;-66;-568;-519;19;172;-102;
513627152;-9;5;-85;-595;-539;-8;147;-115;
513628248;4;-35;-93;-569;-512;-2;146;-97;
513629361;-8;-17;-101;-576;-518;-5;26;-87;
513630464;11;0;-101;-571;-521;-6;127;-104;
513631556;-18;-34;-97;-576;-509;-10;25;-113;
513632649;-12;-2;-104;-546;-466;-5;-266;-225;
513633748;10;5;-227;-412;-368;-2;-328;-215;
513634862;-6;12;-247;-421;-383;-2;130;-127;
513635971;-25;-13;-110;-568;-527;-4;133;-112;
513637077;-11;-3;-97;-571;-507;11;126;-80;
513638189;-14;-1;-105;-582;-527;-10;115;-95;
513639275;-6;3;-92;-558;-521;61;125;-68;
513640375;7;2;-85;-556;-506;3;143;-93;
513641412;-5;0;-117;-599;-528;-14;117;-98;
513642456;-4;9;-88;-564;-531;-4;129;-77;
513643483;2;5;-91;-565;-506;1;129;-76;
513644566;12;-31;-96;-559;-517;-2;125;-92;
513645673;-8;-5;-99;-571;-507;-6;130;-82;
513646722;0;-29;-82;-553;-514;16;146;-87;
513647776;-9;-4;-114;-569;-507;-23;121;-95;
513648844;-4;4;-121;-572;-519;-10;-108;-174;
513649881;-10;-4;-108;-465;-418;-1;119;-111;
513650959;-2;17;-85;-490;-425;-2;-163;-222;
513651998;3;4;-112;-499;-461;14;-216;-191;
513653043;-22;-12;-111;-557;-512;-9;-109;-190;
513654158;7;11;-177;-425;-386;0;-197;-228;
513655288;-7;-4;-30;-452;-397;4;-192;-229;
513656383;-9;2;-18;-445;-399;-14;-259;-250;
513657503;-7;4;-6;-444;-394;-9;-312;-267;
513658525;-41;6;-143;-430;-365;13;-335;-246;
513659549;1;4;-116;-428;-366;0;-288;-249;
513660571;-20;-13;-68;-464;-412;-12;-94;-232;
513661593;-20;11;-180;-523;-464;0;-65;-192;
513662622;3;4;-89;-462;-462;7;-44;-197;
513663650;-5;5;-90;-530;-468;-3;-50;-198;
513664681;-21;-8;-98;-529;-476;-14;-59;-195;
513665717;-13;78;-97;-519;-473;-10;-45;-206;
513666744;-5;-5;-82;-520;-479;4;-42;-195;
513667775;-16;-17;-100;-544;-497;-26;-44;-215;
513668820;-8;15;-88;-515;-463;0;-39;-191;
513669898;-6;1;-89;-546;-470;3;-68;-195;
513670924;-5;-1;-90;-534;-480;-3;-33;-197;
513671945;-15;-2;-114;-526;-487;-7;-40;-201;
513672970;-17;8;-93;-565;-478;-9;-64;-199;
513673991;3;4;-107;-533;-480;-9;-111;-211;
513675012;-12;1;-99;-528;-484;-10;-57;-205;
513676033;-5;-2;-114;-536;-492;-53;-73;-200;
513677055;-2;3;-99;-519;-468;1;-46;-184;
513678084;6;-1;-100;-538;-474;0;-34;-189;
513679105;0;-4;-99;-534;-472;0;-77;-200;
513680134;-3;-5;-102;-519;-461;13;-48;-208;
513681172;1;10;-93;-531;-468;4;-36;-198;
513682206;-40;-11;-110;-540;-481;-16;-58;-215;
513683245;-1;3;-87;-524;-466;-6;-26;-205;
513684269;-9;-13;-86;-524;-473;3;-46;-212;
513685298;0;-1;-104;-524;-470;-6;-42;-201;
513686333;-7;1;-86;-526;-476;6;-33;-184;
513687359;0;11;-94;-531;-468;-10;-29;-178;
513688392;-4;-4;-106;-537;-473;10;-40;-199;
513689438;0;17;-77;-504;-468;7;-30;-197;
513690461;6;14;-93;-518;-463;1;-25;-203;
513702924;8;7;-186;-591;-542;6;136;-84;
513704022;-18;-38;-190;-599;-541;4;117;-102;
513705124;11;0;-179;-585;-515;-24;137;-88;
513706200;-20;-7;-182;-585;-521;-20;116;-86;
513707226;14;14;-169;-563;-511;8;131;-84;
513708254;-10;-5;-168;-591;-517;9;127;-74;
513709340;-6;-5;-159;-578;-537;-5;120;-88;
513710382;-3;-3;-167;-564;-513;-11;117;-99;
513711407;-7;-4;-158;-556;-516;5;126;-86;
513712436;-13;-15;-174;-577;-524;-6;116;-87;
513713458;17;4;-162;-563;-509;16;135;-78;
513714480;-24;-9;-175;-574;-531;-10;112;-97;
513715501;-9;7;-181;-573;-523;-6;120;-88;
513716523;53;53;-132;-524;-458;60;192;-20;
513717545;-9;-8;-188;-581;-529;-4;86;-84;
513718567;4;-12;-187;-574;-524;-5;123;-95;
513719601;-7;-11;-190;-580;-521;-6;117;-99;
513720644;-12;-4;-179;-577;-525;-5;133;-82;
513721663;-8;1;-178;-582;-535;-3;117;-96;
513722691;-21;-13;-182;-589;-532;-14;69;-96;
513723722;-6;-8;-174;-572;-521;-5;115;-45;
513724751;-8;-10;-187;-591;-528;-12;116;-102;
513725774;0;-9;-178;-579;-511;-4;126;-79;
513726800;-1;-8;-167;-581;-515;4;115;-76;
513727823;-12;5;-182;-569;-500;16;125;-68;
513728844;2;7;-180;-564;-503;9;117;-79;
513729870;-7;9;-169;-570;-521;11;125;-77;
513730893;0;4;-169;-558;-506;3;131;-87;
513731911;-3;0;-66;-570;-522;16;124;-44;
513732934;0;0;-174;-578;-533;-8;121;-85;
513733955;-10;6;-180;-574;-521;0;121;-77;
513734980;22;-7;-186;-568;-514;-8;114;-92;
513736020;-8;-16;-175;-576;-526;-7;113;-81;
513737058;-25;12;-175;-568;-520;-5;128;-105;
513738104;-13;-13;-185;-576;-529;-14;111;-93;
513792225;-7;-24;-192;-584;-538;-16;195;-96;
513793335;9;-9;-177;-568;-526;-14;122;-85;
513794458;-7;-1;-179;-578;-526;16;123;-70;
513795575;1;-5;-175;-586;-525;1;127;-89;
513796678;4;-4;-167;-565;-525;6;107;-73;
513797749;12;-9;-189;-573;-536;7;141;-86;
513798770;-17;-17;-187;-576;-536;-6;104;-87;
513799791;-12;-11;-185;-598;-527;-9;113;-92;
513800812;0;2;-169;-567;-514;3;124;-76;
513801833;15;14;-167;-566;-512;15;137;-49;
513802857;-4;-2;-179;-582;-568;-6;120;-83;
513803875;1;3;-182;-580;-529;-10;131;-68;
513804897;-8;-14;-193;-592;-541;-13;115;-79;
513805920;-7;-6;-187;-563;-522;-9;124;-86;
513806955;-23;-27;-210;-593;-543;-27;93;-107;
513807985;-4;5;-180;-565;-517;13;128;-59;
513809020;-4;-11;-186;-585;-535;7;119;-74;
513810055;-7;-1;-187;-589;-530;3;164;-84;
513811081;-5;0;-162;-567;-527;6;129;-77;
513812118;-5;4;-185;-608;-516;-2;122;-74;
513813155;-7;3;-178;-569;-523;7;127;-77;
513814220;-14;4;-187;-561;-532;0;97;-79;
513815304;1;-7;-185;-571;-530;-7;118;-69;
513816383;-21;-21;-200;-601;-544;-7;99;-99;
513817468;17;-4;-180;-580;-523;6;164;-71;
513818568;0;-2;-177;-560;-521;4;131;-76;
513819655;-5;8;-186;-582;-523;6;114;-82;
513820767;-2;8;-183;-579;-532;-2;123;-76;
513821875;-12;-16;-193;-583;-537;-13;104;-90;
513822985;-6;-3;-185;-569;-521;-5;119;-72;
513824089;-18;-3;-178;-582;-532;1;55;-74;
513825184;-10;-13;-185;-571;-535;2;116;-91;
513826290;0;1;-187;-570;-519;1;14;-71;
513827409;-9;-3;-175;-585;-525;5;106;-84;
513828502;-2;-5;-183;-579;-510;21;112;-82;
513829545;1;0;-184;-583;-527;10;122;-72;
513830582;-4;-13;-182;-574;-521;0;119;-70;
513831638;-89;-85;-264;-660;-610;-79;36;-151;
513832667;-8;-9;-178;-584;-532;-13;80;-79;
513833692;-4;-5;-178;-582;-539;-6;126;-73;
513834717;3;0;-181;-565;-528;11;119;-80;
513835757;3;-6;-185;-580;-531;-6;93;-88;
513836789;-4;-2;-180;-568;-531;0;127;-74;
513837865;30;5;-176;-568;-528;-4;125;-69;
513838979;-10;-16;-180;-578;-529;-3;106;-79;
513840077;-2;8;-175;-577;-524;1;120;-84;
513841189;-7;-2;-181;-577;-513;10;125;-79;
513842300;0;2;-184;-701;-534;-9;122;-87;
513843407;-40;-3;-184;-585;-533;1;152;-91;
513844518;9;-8;-178;-581;-537;-4;130;-116;
513845585;3;6;-188;-573;-518;3;126;-76;
513846617;0;5;-189;-589;-535;-9;224;-77;
513847658;50;52;-133;-529;-459;57;167;-25;
513848690;-3;-12;-196;-584;-535;-3;117;-89;
513849723;-12;-12;-184;-579;-532;-12;117;-96;
513850798;11;-1;-181;-591;-522;-124;118;-69;
513851919;14;5;-174;-578;-509;10;139;-64;
513853023;-4;-7;-200;-587;-533;0;119;-92;
513854153;-19;-13;-185;-577;-532;8;8;-165;
513855267;-2;7;-103;-494;-456;-7;-125;-207;
513856396;-14;-8;-76;-491;-448;-1;-149;-230;
513857502;-4;-8;-74;-485;-440;8;107;-102;
513858603;0;2;-68;-486;-425;-1;-126;-220;
513859641;-13;63;-159;-556;-515;2;59;-98;
513860719;1;-5;-180;-585;-541;-50;120;-86;
513861760;-5;11;-178;-576;-520;-1;111;-97;
513862795;-21;-24;-203;-589;-540;-4;101;-106;
513863834;-5;2;-178;-578;-529;7;121;-81;
513864859;-11;6;-174;-575;-520;-6;125;-97;
513865907;-28;-7;-197;-583;-526;-10;108;-103;
513866954;-16;-7;-196;-579;-528;-10;109;-111;
513867993;-4;2;-187;-576;-515;3;117;-91;
513869023;-2;-19;-193;-574;-527;-13;105;-100;
513870056;4;19;-180;-579;-521;2;122;-87;
513871085;-1;-4;-179;-562;-535;24;120;-87;
513872105;13;1;-169;-566;-564;11;122;-90;
513873131;2;-6;-172;-581;-532;2;129;-78;
513874165;-6;10;-185;-583;-521;16;127;-97;
513875198;4;-38;-194;-593;-536;1;115;-88;
513876216;-7;0;-183;-574;-530;-2;118;-95;
513877256;1;-5;-189;-580;-523;0;130;-88;
513878293;16;0;-181;-518;-526;-16;119;-85;
513879324;43;31;-154;-546;-498;28;142;-66;
513880352;0;13;-178;-572;-515;0;125;-86;
513881393;0;-3;-149;-577;-518;-3;126;-82;
513882441;0;1;-180;-572;-524;-3;114;-74;
513883471;0;-4;-177;-580;-533;1;129;-79;
513884557;0;1;-181;-577;-528;6;125;-77;
513885590;-13;-2;-178;-592;-546;-12;117;-115;
513886625;2;-3;-162;-585;-516;8;126;-82;
513887665;-6;-10;-187;-575;-537;0;111;-98;
513888689;-16;-6;-199;-585;-527;-10;110;-100;
513889799;0;-4;-181;-579;-539;-4;82;-100;
513890889;-38;14;-178;-569;-526;17;125;-98;
513892069;8;-10;-187;-580;-527;12;119;-103;
513893179;5;9;-165;-581;-505;-3;133;-16;
513894301;0;-1;-199;-577;-526;-10;119;-113;
513895399;-6;-1;-181;-582;-527;-7;116;-90;
513896509;-5;5;-177;-587;-520;-7;120;-108;
513897601;1;-5;-188;-581;-523;0;117;-107;
513898627;2;11;-178;-567;-528;-2;88;-89;
513899661;-5;-2;-181;-579;-538;2;119;-80;
513900726;-1;12;-187;-596;-532;-15;112;-117;
513901794;0;60;-193;-581;-535;-1;112;-91;
513902860;-20;-10;-198;-591;-526;-16;99;-105;
513903921;-132;13;-179;-576;-517;8;123;-89;
513904944;-6;1;-191;-583;-535;3;73;-114;
513906041;7;6;-177;-564;-512;-31;118;-81;
513907155;0;5;-193;-571;-518;2;121;-81;
513908252;60;7;-183;-569;-517;2;118;-223;
513909366;13;8;-186;-562;-510;4;121;-96;
513910476;-13;-8;-191;-575;-541;-6;120;-101;
513911522;-3;-3;-223;-570;-530;3;113;-105;
513912561;4;5;-180;-567;-530;13;119;-97;
513913590;-5;0;-226;-575;-537;3;113;-91;
513914618;-3;3;-225;-584;-530;10;118;-99;
513915647;3;7;-180;-570;-525;-14;112;-85;
513916679;-24;-24;-206;-604;-550;-21;94;-123;
513917741;10;-45;-199;-576;-536;-8;108;-93;
513918826;-4;21;-179;-580;-523;-25;119;-95;
513919850;0;0;-220;-567;-531;1;125;-87;
513920908;2;27;-173;-567;-368;13;128;-81;
513921955;-9;0;-191;-569;-532;-11;120;-103;
513923035;-9;-7;-181;-577;-536;-8;120;-95;
513924093;-3;6;-175;-577;-528;-5;86;-106;
513925166;-8;0;-172;-557;-520;12;129;-90;
513926192;10;-3;-181;-571;-529;-3;128;-95;
513927273;-1;7;-182;-574;-516;16;128;-86;
513928313;-4;-7;-180;-552;-500;-13;-87;-204;
513929387;4;20;-163;-570;-511;6;-67;-178;
513930505;1;5;-79;-493;-439;-4;-62;-137;
513931609;-3;0;-139;-533;-464;2;-71;-107;
513932723;-29;-3;-129;-552;-523;-4;104;-100;
513933810;1;5;-180;-578;-519;6;125;-93;
513934919;-27;-20;-213;-598;-549;-21;91;-136;
513936042;11;-7;-181;-489;-526;-4;70;-92;
513937152;3;24;-169;-558;-512;3;122;-87;
513938254;4;20;-180;-572;-511;8;119;-80;
513939319;-9;-1;-176;-575;-527;12;117;-91;
513940383;-6;3;-181;-585;-535;0;107;-84;
513941421;11;10;-169;-557;-515;9;119;-67;
513942517;0;-2;-202;-568;-519;-4;113;-83;
513943610;-6;-1;-185;-574;-530;3;108;-89;
513944717;0;4;-185;-579;-535;11;124;-92;
513945826;-15;-2;-144;-546;-519;-7;100;-107;
513946934;6;2;-185;-594;-519;11;68;-103;
513948028;2;1;-174;-487;-509;-6;101;-121;
513949139;29;41;-155;-530;-498;29;140;-43;
513950250;8;3;-176;-582;-525;-15;102;-89;
513951371;13;9;-178;-545;-533;29;122;-73;
513952485;-7;2;-181;-575;-533;-1;130;-81;
513953582;-1;3;-192;-569;-527;13;123;-106;
513954676;16;9;-184;-567;-529;-24;111;-84;
513955759;2;2;-192;-580;-525;0;113;-74;
513956840;6;6;-185;-581;-544;5;122;-90;
513957877;0;2;-185;-572;-540;-13;87;-105;
513958914;12;3;-194;-570;-535;-2;127;-85;
513959938;6;14;-179;-568;-521;14;119;-76;
513960976;13;0;-183;-572;-538;-3;108;-81;
513962014;1;24;-177;-566;-518;5;109;-115;
513963083;-3;-1;-194;-573;-500;0;116;-99;
513964132;-12;-7;-199;-493;-535;1;100;-107;
513965162;17;6;-180;-572;-526;0;114;-89;
513966194;-11;-4;-189;-574;-547;-10;108;-93;
513967280;3;1;-186;-565;-534;2;114;-92;
513968319;4;-1;-195;-567;-517;0;116;-84;
513969378;-12;3;-201;-575;-523;-13;96;-89;
513970457;-5;4;-194;-560;-538;-4;108;-93;
513971545;-10;-5;-172;-570;-520;-2;116;-82;
513972647;10;1;-178;-564;-527;-3;115;-81;
513973746;-1;-1;-196;-569;-530;-5;103;-79;
513974847;14;0;-192;-569;-521;12;116;-78;
513975944;-17;-10;-198;-573;-553;-14;100;-90;
513977053;-11;2;-190;-577;-529;13;106;-83;
513978167;-1;8;-187;-569;-542;-5;103;-85;
513979270;0;9;-180;-564;-539;-4;119;-86;
513980384;8;13;-180;-564;-524;0;125;-95;
513981510;19;1;-190;-567;-523;16;109;-89;
513982609;0;18;-192;-576;-533;-5;118;-82;
513983708;-23;16;-196;-583;-530;-21;96;-93;
513984821;9;22;-201;-570;-526;2;103;-74;
513985925;-18;4;-183;-555;-523;1;107;-96;
513987034;-8;-4;-194;-580;-533;-23;108;-108;
513988139;-3;-3;-185;-563;-530;-3;114;-115;
513989258;-6;0;-194;-562;-550;-13;107;-83;
513990385;-15;0;-185;-561;-538;-4;99;-97;
513991508;0;4;-203;-576;-534;1;123;-96;
513992614;-4;-5;-185;-572;-540;-12;125;-86;
513993709;-4;0;-186;-570;-533;-6;97;-83;
513994801;0;6;-193;-567;-523;8;121;-78;
513995861;-9;-3;-197;-592;-539;-3;104;-106;
513996892;8;-5;-199;-578;-545;2;107;-90;
513997961;0;16;-195;-569;-539;-2;111;-85;
513999009;14;1;-187;-566;-533;9;125;-116;
514000072;7;12;-222;-558;-531;3;112;-90;
514001166;1;19;-168;-565;-531;10;120;-84;
514002268;6;13;-190;-564;-531;0;112;-88;
514003383;-15;3;-212;-582;-542;6;98;-102;
514004497;-14;-9;-192;-591;-547;-22;93;-92;
514005603;-6;3;-200;-581;-524;-4;95;-91;
514006701;16;26;-172;-561;-526;39;121;-70;
514007820;-39;-33;-236;-606;-573;-39;89;-127;
514008911;-8;2;-201;-582;-537;-4;72;-81;
514010001;-13;-1;-188;-566;-533;-4;102;-76;
514011117;4;8;-201;-564;-529;-2;110;-86;
514012166;13;3;-123;-552;-497;0;-43;-150;
514013254;8;7;-142;-542;-477;-1;-105;-193;
514014372;-1;-8;-90;-523;-440;2;-90;-130;
514015512;-4;7;-115;-504;-454;-3;-109;-222;
514016625;-2;-6;-66;-505;-428;7;102;-77;
514017759;1;21;-221;-578;-534;8;105;-78;
514018820;31;58;-151;-535;-498;42;144;-55;
514019921;10;10;-187;-571;-533;-7;108;-123;
514020958;8;12;-221;-567;-524;-1;115;-74;
514022021;3;29;-181;-574;-524;12;129;-74;
514023081;1;-5;-197;-585;-544;5;105;-85;
514024148;0;3;-191;-568;-526;-35;145;-84;
514025252;48;17;-193;-562;-543;0;114;-73;
514026365;7;12;-182;-563;-520;1;115;-68;
514027481;-7;9;-190;-573;-541;0;99;-31;
514028592;1;5;-189;-582;-528;5;103;-67;
514029705;-15;9;-196;-572;-542;5;108;-82;
514030808;-8;8;-202;-579;-536;8;95;-78;
514031920;1;11;-201;-575;-547;-3;105;-84;
514033020;6;-6;-199;-583;-537;-8;95;-82;
514034130;0;16;-201;-573;-528;-2;107;-88;
514035234;-3;17;-187;-589;-550;-6;95;-79;
514036346;-3;18;-197;-570;-487;23;104;-79;
514037454;-78;4;-181;-581;-541;-3;116;-76;
514038551;-3;0;-189;-584;-550;12;108;-83;
514039644;2;12;-198;-600;-538;-9;95;-87;
514040692;9;5;-197;-570;-535;13;117;-103;
514041721;3;4;-184;-569;-542;10;104;-77;
514042757;-7;7;-199;-571;-532;5;103;-107;
514043808;0;10;-192;-573;-533;-10;101;-83;
514044875;0;56;-211;-584;-542;-11;106;-100;
514045911;-1;5;-206;-578;-534;-11;105;-110;
514046994;9;6;-165;-521;-473;5;-95;-170;
514048021;10;-2;-75;-480;-437;10;-136;-223;
514049090;-16;8;-60;-480;-432;68;-147;-238;
514050186;4;-33;-55;-466;-429;7;-164;-229;
514051272;-17;-17;-68;-490;-432;-21;-196;-248;
514052394;4;7;-50;-469;-429;-9;-191;-230;
514053510;-1;14;-38;-470;-406;2;-174;-232;
514054636;-5;15;-37;-453;-421;-2;-198;-234;
514055731;-37;19;-40;-465;-409;3;-204;-223;
514056838;3;16;-17;-450;-403;2;-187;-218;
514057929;2;15;-39;-470;-408;-6;-226;-226;
514058976;17;11;-33;-455;-429;-1;-225;-229;
514060090;-3;10;-34;-475;-428;-24;-111;-205;
514061185;-9;20;-45;-460;-451;8;-155;-137;
514062281;3;25;-194;-569;-540;4;115;-113;
514063393;16;22;-79;-507;-488;5;101;-86;
514064521;29;25;-145;-527;-475;-7;99;-87;
514065613;2;11;-201;-561;-527;0;104;-103;
514066724;-1;25;-221;-569;-532;8;108;-89;
514067835;-15;9;-236;-551;-546;-7;96;-102;
514068952;2;13;-231;-569;-545;-27;94;-93;
514070072;-3;19;-184;-567;-526;12;101;-90;
514071175;18;12;-198;-559;-510;20;111;-81;
514072296;-3;13;-204;-576;-524;0;55;-209;
514073404;5;21;-190;-557;-528;-1;121;-103;
514074500;12;14;-196;-550;-524;-2;102;-108;
514075575;-36;21;-185;-551;-523;-5;104;-100;
514076632;11;27;-160;-540;-492;0;115;-105;
514077658;13;17;-154;-632;-514;12;50;-149;
514078689;-1;23;-87;-475;-424;-3;-119;-219;
514079762;9;20;-65;-460;-410;3;-162;-269;
514080790;25;22;-50;-448;-417;0;-174;-234;
514081871;0;11;-70;-472;-425;-5;-205;-263;
514082971;14;22;-46;-450;-398;0;-179;-215;
514084088;8;15;-74;-449;-410;-10;-211;-281;
514085180;13;24;-27;-442;-401;11;-223;-259;
514086272;-19;27;-47;-453;-406;-10;-232;-280;
514087390;5;19;-37;-455;-406;-5;-221;-269;
514088492;-6;33;-47;-444;-399;-8;-238;-302;
514089614;10;14;-46;-436;-409;-9;-209;-283;
514090712;6;28;-21;-498;-400;8;-228;-275;
514091804;6;12;-157;-571;-515;-4;104;-107;
514092872;-22;9;-218;-586;-545;-13;88;-118;
514093968;12;30;-189;-568;-538;-5;78;-96;
514095087;-6;5;-212;-578;-553;-12;104;-111;
514096196;-1;20;-194;-574;-531;-5;94;-108;
514097315;2;10;-213;-574;-552;-5;57;-110;
514098419;7;32;-200;-565;-530;12;110;-88;
514099531;-3;21;-194;-567;-545;-6;110;-101;
514100633;1;18;-219;-575;-538;1;119;-101;
514101745;-6;15;-189;-571;-570;-6;105;-107;
514102829;-6;15;-209;-569;-568;-4;102;-100;
514103888;-1;22;-202;-562;-531;7;97;-108;
514104984;3;-3;-194;-580;-540;-5;96;-108;
514106069;-21;16;-186;-555;-541;9;96;-99;
514107163;-19;7;-210;-573;-544;-15;102;-104;
514108249;2;12;-223;-563;-541;-1;103;-96;
514109379;7;24;-184;-563;-535;8;109;-110;
514110496;23;21;-189;-566;-525;15;102;-105;
514111590;7;-1;-197;-565;-516;2;129;-110;
514112683;1;7;-214;-583;-551;-7;96;-123;
514113770;1;24;-194;-570;-532;2;106;-156;
514114867;3;-22;-200;-573;-536;-3;98;-105;
514115985;-4;5;-207;-579;-529;-8;108;-116;
514117119;-19;-4;-201;-571;-556;-17;84;-122;
514118231;-3;1;-204;-578;-535;-7;110;-109;
514119341;16;35;-192;-557;-523;14;112;-98;
514120461;-12;22;-204;-558;-543;11;102;-99;
514121569;-18;-5;-217;-589;-490;-19;92;-122;
514122690;-6;6;-196;-573;-545;0;98;-109;
514123788;4;25;-187;-568;-536;-9;101;-119;
514124906;16;18;-203;-570;-529;-5;100;-111;
514126013;5;32;-188;-572;-529;7;115;-96;
514127129;-3;6;-326;-581;-546;0;95;-113;
514128234;3;12;-195;-564;-505;20;101;-123;
514129308;-43;12;-202;-573;-524;4;154;-125;
514130377;-1;26;-195;-556;-530;2;104;-123;
514131457;-3;6;-185;-585;-538;3;105;-107;
514132496;-3;2;-200;-566;-517;-2;104;-131;
514133602;17;25;-198;-580;-535;-13;104;-123;
514134721;8;15;-201;-553;-528;2;110;-109;
514135831;5;14;-190;-574;-550;0;104;-129;
514136947;12;15;-192;-568;-539;0;100;-128;
514138044;-5;19;-204;-577;-526;-6;111;-127;
514139139;48;44;-166;-550;-504;25;133;-113;
514140230;0;3;-197;-567;-515;1;111;-119;
514141337;6;12;-191;-572;-531;3;115;-164;
514142459;0;13;-187;-575;-532;-1;118;-139;
514143562;-3;-7;-193;-577;-544;-9;97;-149;
514144682;-21;13;-197;-580;-507;-6;100;-132;
514145775;-13;3;-189;-581;-522;-2;114;-112;
514146888;-4;19;-220;-580;-534;16;113;-144;
514148001;-10;1;-210;-588;-540;-10;101;-152;
514149125;-6;-4;-185;-607;-530;13;109;-146;
514150226;-14;-21;-196;-606;-551;-13;92;-180;
514151337;-6;-2;-189;-574;-525;21;111;-142;
514152412;3;13;-177;-574;-523;3;118;-165;
514153533;13;13;-180;-574;-527;12;116;-161;
514154628;-9;-5;-194;-577;-535;0;116;-179;
514155719;5;3;-220;-581;-532;0;124;-157;
514156831;2;3;-203;-585;-526;122;108;-157;
514157953;-5;7;-226;-582;-533;-5;123;-171;
514159048;-15;4;-185;-593;-532;-5;124;-179;
514160136;-9;10;-197;-590;-528;4;117;-180;
514161254;21;5;-216;-589;-531;32;131;-186;
514162369;-7;55;-203;-609;-538;-3;130;-195;
514163491;-1;-3;-194;-612;-545;9;126;-190;
514164614;8;-4;-220;-603;-542;13;139;-178;
514165711;39;44;-227;-580;-502;41;152;-141;
514166821;3;5;-215;-600;-543;5;149;-191;
514167880;-11;-23;-231;-625;-550;3;148;-231;
514168913;-11;-23;-231;-608;-553;-6;149;-231;
514169942;-11;1;-195;-613;-542;-2;155;-220;
514170973;-10;-7;-222;-612;-545;14;153;-233;
514172059;0;-14;-282;-614;-553;2;155;-220;
514173119;5;-10;-220;-618;-546;0;171;-220;
514174192;-12;-13;-211;-627;-559;-7;153;-226;
514175283;2;-8;-220;-608;-551;0;167;-224;
514176390;1;-35;-226;-624;-566;-1;172;-210;
514177524;-16;-42;-238;-639;-577;-15;150;-237;
514178633;0;-22;-220;-632;-549;2;175;-221;
514179717;-22;-48;-351;-662;-572;-22;162;-244;
514180792;-3;-42;-238;-641;-564;10;155;-241;
514181852;-19;-56;-239;-678;-561;-19;142;-248;
514182890;-13;-32;-240;-623;-568;4;165;-229;
514183937;4;-33;-216;-654;-549;5;170;-220;
514185005;1;-38;-219;-634;-543;7;175;-233;
514186035;-4;-42;-224;-676;-423;-4;183;-419;
514187123;-12;-34;-204;-598;-512;0;62;-396;
514188160;-1;-46;-165;-577;-476;-6;39;-408;
514189221;-2;-54;-151;-573;-482;-1;28;-436;
514190319;-18;-84;-150;-577;-484;-12;14;-439;
514191419;-5;-56;-143;-561;-476;0;26;-445;
514192531;3;-56;-137;-562;-464;0;16;-452;
514193611;3;-64;-140;-533;-468;-5;15;-439;
514194723;-1;-69;-146;-527;-457;-1;16;-478;
514195825;-5;-69;-131;-532;-467;-7;-4;-463;
514196935;-15;-71;-129;-526;-458;10;23;-517;
514198018;-33;-72;-203;-606;-550;-10;191;-386;
514199050;-19;-82;-232;-606;-555;4;319;-304;
514200096;-8;-62;-240;-614;-545;4;220;-319;
514201206;-22;-112;-272;-615;-564;-6;200;-356;
514202320;-14;-79;-261;-605;-563;-10;204;-347;
514203422;-9;-96;-257;-595;-543;-2;216;-331;
514204533;-17;-119;-255;-568;-544;1;219;-336;
514205631;0;-76;-263;-579;-536;-4;223;-344;
514206767;-29;3;-282;-603;-543;0;195;-348;
514207881;-21;-73;-268;-580;-514;-5;71;-434;
514208934;-4;-56;-186;-511;-457;5;54;-443;
514209964;-10;-47;-172;-509;-462;2;44;-437;
514210997;-17;-42;-184;-510;-452;0;24;-459;
514212031;-5;-32;-153;-484;-427;14;38;-435;
514213065;-9;-45;-245;-485;-441;9;51;-430;
514214095;0;-55;-173;-491;-440;0;11;-448;
514215131;-22;-74;-185;-506;-449;1;1;-467;
514216169;-20;-60;-187;-484;-424;-6;-87;-507;
514217210;-25;-78;-205;-484;-436;-1;133;-432;
514218247;-3;-30;-189;-494;-462;5;151;-394;
514219279;-11;1;-221;-478;-424;4;9;-464;
514220306;-17;-42;-206;-555;-503;-13;-30;-436;
514221339;-15;-12;-281;-509;-444;-20;153;-443;
514222371;-16;-11;-194;-475;-426;3;8;-443;
514223410;-14;-42;-180;-489;-432;-4;-7;-464;
514224462;-23;-57;-179;-485;-431;-15;-21;-460;
514225494;-13;-69;-181;-479;-423;7;-25;-457;
514226528;-14;-54;-199;-473;-413;18;-20;-464;
514227557;-26;-74;-183;-482;-427;-2;-30;-457;
514228585;0;-67;-164;-468;-433;0;14;-438;
514229668;-10;-9;-158;-459;-410;24;-16;-451;
514230718;-6;-25;-182;-479;-414;-2;-27;-466;
514231748;-2;-40;-169;-466;-412;-2;-24;-473;
514232779;-26;-60;-171;-473;-442;-13;-34;-485;
514233895;-13;-50;-169;-481;-423;-7;-16;-460;
514235005;-1;-31;-172;-469;-415;106;-16;-450;
514236119;-3;-51;-196;-495;-424;-12;-16;-451;
514237228;-17;-67;-172;-465;-413;-3;-40;-458;
514238328;4;-11;-159;-479;-404;-13;-55;-466;
514239450;-10;-23;-164;-484;-427;2;-36;-451;
514240569;-12;-73;-195;-486;-425;-7;-4;-440;
514241631;0;-24;-220;-515;-452;-4;54;-386;
514242700;-8;-18;-232;-529;-472;3;96;-363;
514243726;3;-30;-239;-538;-489;0;158;-309;
514244818;1;-39;-292;-570;-509;11;156;-315;
514245925;0;0;-286;-556;-485;5;161;-315;
514247012;8;5;-277;-554;-503;-15;161;-301;
514248133;2;6;-284;-553;-514;-4;181;-309;
514249241;20;44;-299;-573;-526;6;204;-302;
514250354;-4;5;-307;-577;-536;3;177;-304;
514251393;2;12;-306;-578;-524;-9;178;-303;
514252439;10;9;-311;-587;-541;-8;175;-317;
514253469;22;45;-284;-567;-515;0;164;-295;
514254498;11;44;-306;-570;-531;3;194;-299;
514255567;21;39;-286;-576;-501;-4;191;-335;
514256663;17;42;-308;-581;-531;8;156;-341;
514257741;6;51;-243;-532;-470;-6;46;-311;
514258771;1;24;-271;-592;-529;-12;108;-314;
514259804;11;32;-303;-581;-544;-5;183;-297;
514260878;7;51;-314;-601;-533;-25;176;-295;
514261918;48;35;-293;-591;-652;-8;184;-294;
514262971;23;52;-287;-572;-521;3;192;-290;
514264025;120;138;-214;-491;-423;108;293;-200;
514265055;23;49;-305;-593;-509;-1;205;-284;
514266088;33;54;-296;-577;-510;8;184;-291;
514267128;28;79;-284;-567;-514;-2;177;-294;
514268160;18;65;-281;-589;-523;4;171;-270;
514269195;42;52;-294;-571;-511;0;188;-283;
514270243;55;68;-295;-579;-491;14;205;-284;
514271349;67;95;-267;-566;-481;27;227;-271;
514272448;127;50;-288;-598;-521;-2;204;-280;
514273551;42;49;-301;-602;-517;15;202;-283;
514274663;36;51;-289;-622;-512;1;205;-279;
514275763;37;52;-278;-598;-520;-6;200;-283;
514276866;38;39;-295;-611;-527;3;187;-273;
514277979;48;36;-288;-618;-515;-5;202;-279;
514279078;57;58;-282;-614;-511;3;211;-274;
514280129;51;52;-285;-603;-496;1;205;-268;
514281255;67;34;-300;-622;-512;-1;203;-287;
514282390;60;50;-276;-623;-451;0;193;-279;
514283511;47;41;-282;-614;-505;-6;198;-275;
514284631;43;39;-191;-628;-519;-3;198;-266;
514285762;70;24;-268;-636;-497;8;206;-253;
514286858;38;-1;-313;-671;-532;-14;178;-299;
514287957;37;14;-288;-645;-523;-8;193;-279;
514289035;38;14;-282;-657;-519;-7;170;-287;
514290069;51;19;-292;-649;-518;3;204;-275;
514291159;182;157;-163;-515;-396;119;319;-139;
514292200;57;25;-268;-646;-508;-8;207;-270;
514293297;49;24;-275;-649;-515;-2;191;-260;
514294412;46;22;-255;-650;-506;3;215;-270;
514295523;52;33;-135;-638;-516;-6;201;-289;
514296640;36;33;-160;-651;-500;2;202;-277;
514297736;60;38;-164;-636;-511;13;209;-271;
514298829;40;16;-154;-649;-510;8;205;-284;
514299935;27;36;-257;-651;-518;0;208;-259;
514301017;42;32;-161;-638;-511;0;202;-270;
514302069;28;16;-276;-662;-523;-16;199;-277;
514303148;7;36;-280;-649;-516;-12;190;-278;
514304268;27;27;-279;-660;-509;11;202;-271;
514305403;34;28;-276;-642;-515;-2;210;-255;
514306528;13;15;-300;-659;-520;-8;186;-267;
514307634;51;30;-284;-655;-534;5;193;-270;
514308738;34;12;-232;-647;-504;6;198;-259;
514309838;21;24;-240;-641;-504;40;199;-269;
514310932;30;16;-242;-642;-508;16;191;-256;
514312024;38;27;-228;-634;-506;13;214;-278;
514313110;22;25;-184;-621;-503;-18;198;-278;
514314151;-4;18;-193;-635;-517;6;202;-276;
514315270;12;19;-165;-650;-502;-2;205;-271;
514316399;13;26;-164;-650;-502;13;212;-265;
514317518;34;32;-145;-622;-507;7;222;-258;
514318619;9;27;-160;-649;-497;-25;207;-270;
514319713;16;17;-200;-645;-523;9;201;-270;
514320823;32;16;-220;-649;-505;16;200;-249;
514321924;26;22;-230;-652;-514;-16;201;-244;
514323012;25;28;-249;-648;-504;7;294;-253;
514324125;9;12;-230;-663;-523;-5;192;-278;
514325228;-3;-2;-279;-674;-528;-42;155;-273;
514326328;7;-5;-263;-663;-529;-23;183;-268;
514327453;-41;-64;-318;-707;-575;-60;142;-320;
514328550;-22;2;-275;-656;-521;-7;216;-269;
514329673;47;16;-220;-644;-502;-10;207;-262;
514330772;51;3;-227;-647;-521;-2;193;-255;
514331898;49;-1;-274;-655;-516;0;205;-260;
514333001;43;4;-285;-664;-519;-13;184;-249;
514334116;60;2;-295;-659;-505;-1;167;-298;
514335226;57;0;-281;-653;-510;5;211;-252;
514336334;63;12;-267;-648;-510;12;213;-257;
514337439;48;14;-262;-638;-566;4;202;-276;
514338552;51;5;-269;-644;-494;4;198;-252;
514339675;62;2;-275;-656;-504;0;206;-254;
514340770;51;-9;-292;-669;-500;-9;197;-266;
514341882;53;21;-285;-606;-502;-6;186;-244;
514342999;62;24;-283;-645;-498;-2;200;-236;
514344110;54;4;-289;-657;-509;-10;197;-252;
514345222;50;3;-294;-644;-511;-15;177;-250;
514346353;39;20;-283;-641;-500;6;207;-242;
514347490;43;-7;-296;-659;-506;-13;172;-266;
514348597;46;14;-292;-653;-500;7;188;-247;
514349705;62;24;-293;-646;-490;2;214;-240;
514350792;70;20;-284;-646;-502;3;198;-247;
514351910;42;20;-275;-660;-507;3;187;-238;
514353031;56;19;-278;-663;-505;5;197;-245;
514354136;53;14;-272;-678;-495;3;211;-247;
514355229;56;21;-288;-649;-499;-2;188;-232;
514356348;57;34;-275;-654;-505;8;195;-237;
514357469;45;17;-287;-660;-495;0;204;-244;
514358572;52;24;-283;-640;-502;9;206;-249;
514359678;43;18;-277;-666;-518;10;191;-248;
514360781;41;14;-286;-657;-512;-7;200;-256;
514361892;37;11;-289;-656;-527;-1;190;-236;
514363003;75;21;-285;-665;-506;-11;229;-235;
514364103;53;40;-274;-629;-504;6;209;-236;
514365219;40;22;-273;-648;-496;-1;196;-244;
514366318;57;24;-260;-671;-511;-1;205;-245;
514367441;49;21;-262;-652;-488;0;224;-239;
514368530;48;24;-273;-651;-507;-27;189;-231;
514369659;20;12;-301;-681;-518;-13;182;-244;
514370759;47;27;-272;-644;-497;8;193;-249;
514371887;46;21;-272;-655;-498;9;204;-220;
514372987;56;40;-259;-642;-500;2;191;-227;
514374097;44;16;-271;-664;-496;-4;178;-230;
514375188;45;22;-269;-654;-489;0;185;-229;
514376272;20;1;-294;-660;-521;-15;182;-254;
514377366;45;20;-264;-654;-514;10;208;-231;
514378487;77;16;-276;-655;-505;12;181;-165;
514379598;37;20;-274;-660;-507;-3;214;-228;
514380696;30;13;-284;-664;-508;-5;202;-262;
514381795;55;30;-258;-653;-485;13;204;-226;
514382910;36;32;-274;-635;-494;6;202;-224;
514384003;101;74;-218;-605;-441;50;235;-184;
514385047;37;26;-270;-658;-497;3;187;-237;
514386077;35;25;-282;-642;-495;9;189;-224;
514387105;45;20;-274;-663;-502;-5;182;-225;
514388185;47;26;-278;-643;-481;11;209;-213;
514389263;42;21;-269;-644;-504;0;199;-232;
514390319;39;9;-283;-665;-503;-15;187;-232;
514391383;32;20;-281;-659;-505;-2;188;-225;
514392447;38;24;-271;-650;-506;9;199;-234;
514393513;47;21;-262;-654;-507;-2;187;-227;
514394555;50;25;-270;-648;-498;0;194;-216;
514395625;54;28;-249;-641;-492;8;203;-226;
514396741;26;7;-282;-670;-507;-4;170;-229;
514397873;36;19;-271;-653;-502;-1;200;-257;
514398970;42;25;-275;-662;-519;-6;177;-240;
514400080;34;12;-279;-653;-504;8;196;-239;
514401176;41;17;-281;-656;-503;2;172;-240;
514402263;48;25;-273;-660;-514;0;207;-236;
514403297;28;17;-280;-662;-509;-16;197;-236;
514404327;39;23;-274;-655;-502;9;198;-232;
514405388;30;7;-283;-656;-502;-10;181;-249;
514406463;31;24;-269;-655;-500;17;205;-232;
514407559;26;55;-270;-644;-499;0;189;-228;
514408650;64;47;-253;-626;-477;21;209;-212;
514409767;33;22;-269;-656;-499;-10;191;-242;
514410884;41;29;-257;-655;-500;0;193;-224;
514411975;16;6;-265;-653;-509;6;195;-229;
514413068;27;30;-277;-681;-501;9;186;-224;
514414185;28;24;-275;-654;-490;9;200;-232;
514415301;33;21;-278;-657;-503;-12;182;-237;
514416411;42;21;-245;-647;-500;10;197;-227;
514417520;35;19;-269;-664;-516;-13;173;-245;
514418619;24;11;-278;-669;-485;13;173;-239;
514419710;17;34;-269;-654;-505;-10;199;-229;
514420816;39;20;-238;-652;-504;-10;197;-236;
514421936;22;18;-203;-652;-497;-3;177;-251;
514423036;35;13;-268;-656;-501;-7;196;-235;
514424142;34;33;-249;-643;-481;23;189;-225;
514425257;36;15;-252;-645;-505;-7;183;-238;
514426375;24;24;-259;-650;-504;-2;200;-223;
514427515;30;23;-261;-648;-500;14;172;-216;
514428630;36;14;-277;-615;-499;10;184;-231;
514429754;30;21;-307;-660;-500;-8;179;-232;
514430865;18;14;-261;-672;-502;-9;170;-259;
514431963;8;3;-193;-646;-508;-24;183;-256;
514433073;10;6;-177;-666;-518;-10;170;-247;
514434186;25;38;-267;-660;-492;4;183;-237;
514435262;25;12;-282;-670;-511;-11;179;-245;
514436361;38;13;-232;-639;-502;18;181;-227;
514437481;21;24;-237;-657;-502;-3;176;-225;
514438577;31;26;-244;-655;-503;-4;181;-223;
514439694;27;3;-256;-681;-520;-12;179;-242;
514440786;26;21;-249;-651;-500;4;203;-232;
514441904;17;16;-249;-660;-509;-9;172;-237;
514442955;19;20;-264;-658;-515;-3;187;-239;
514444001;31;-95;-251;-657;-494;-3;189;-220;
514445111;18;22;-257;-651;-611;-2;183;-231;
514446184;16;21;-251;-673;-503;-7;175;-244;
514447226;22;22;-247;-658;-513;-4;187;-233;
514448259;34;30;-220;-651;-501;17;185;-232;
514449339;24;16;-251;-661;-509;10;189;-234;
514450464;15;18;-254;-672;-507;1;178;-240;
514451579;20;13;-246;-661;-499;-5;175;-230;
514452666;16;4;-271;-670;-489;-15;166;-249;
514453771;25;24;-257;-665;-490;4;167;-231;
514454883;37;33;-250;-668;-507;-9;200;-237;
514455974;88;11;-264;-658;-429;-7;191;-238;
514457087;-6;24;-270;-663;-491;-2;179;-238;
514458181;17;30;-267;-653;-502;10;183;-220;
514459247;19;19;-367;-661;-508;-11;177;-238;
514460366;21;23;-278;-668;-514;-3;169;-236;
514461501;-35;-32;-332;-701;-556;-40;137;-286;
514462620;38;29;-219;-648;-479;8;195;-224;
514463731;5;1;-196;-658;-505;1;163;-246;
514464842;36;19;-269;-650;-506;-2;191;-220;
514465940;20;20;-271;-670;-474;-6;157;-238;
514467047;26;34;-180;-639;-501;-4;187;-248;
514468077;19;18;-254;-660;-502;1;183;-228;
514469108;15;20;-184;-674;-499;-6;194;-242;
514470140;19;19;-260;-677;-504;-6;178;-240;
514471181;14;29;-260;-660;-500;4;194;-235;
514472220;26;35;-265;-743;-496;-6;190;-220;
514473252;6;18;-278;-668;-519;5;193;-252;
514474279;25;12;-262;-665;-505;-33;181;-234;
514475327;22;19;-248;-691;-506;1;182;-221;
514476442;16;17;-259;-653;-491;-2;177;-222;
514477563;29;21;-260;-656;-502;-2;184;-232;
514478647;12;24;-263;-659;-471;3;182;-240;
514479747;18;12;-262;-652;-497;-6;177;-238;
514480851;28;16;-258;-661;-503;-1;180;-230;
514481953;22;25;-257;-654;-505;12;174;-232;
514483075;25;25;-257;-664;-503;1;185;-228;
514484196;13;13;-259;-664;-497;5;181;-220;
514485279;10;10;-268;-654;-511;-11;172;-249;
514486389;12;27;-262;-663;-510;-8;185;-227;
514487515;14;7;-262;-667;-516;-10;169;-243;
514488617;13;30;-258;-662;-491;29;179;-228;
514489727;26;27;-266;-656;-485;11;192;-228;
514490839;20;14;-276;-665;-498;0;169;-249;
514491945;-10;16;-269;-650;-491;5;183;-243;
514493059;5;7;-263;-667;-514;-2;147;-240;
514494121;20;11;-263;-664;-480;7;176;-232;
514495223;-14;-11;-284;-677;-520;-14;153;-247;
514496259;-5;18;-295;-670;-507;0;167;-246;
514497355;25;13;-266;-645;-478;0;176;-224;
514498468;-2;-8;-267;-676;-515;-15;165;-241;
514499576;7;14;-273;-655;-507;-14;179;-253;
514500685;41;12;-274;-652;-500;-4;172;-280;
514501771;10;19;-258;-658;-491;-1;205;-235;
514502893;-9;-1;-270;-659;-512;-18;168;-245;
514504010;-4;1;-272;-671;-492;-15;163;-247;
514505125;16;25;-253;-655;-489;4;178;-228;
514506223;22;18;-255;-656;-479;12;176;-235;
514507342;3;15;-257;-655;-498;0;186;-244;
514508452;9;-11;-260;-661;-490;-7;180;-247;
514509565;-8;12;-282;-670;-506;-13;171;-243;
514510650;18;29;-250;-664;-485;18;173;-235;
514511753;5;17;-256;-664;-499;-4;167;-248;
514512842;10;0;-266;-648;-533;-11;91;-266;
514513954;-3;9;-247;-651;-493;29;38;-328;
514515063;6;12;-234;-622;-461;12;180;-239;
514516129;6;26;-263;-650;-494;9;179;-246;
514517235;16;16;-260;-660;-492;2;180;-248;
514518352;4;20;-265;-672;-492;0;219;-237;
514519477;21;24;-258;-649;-487;-1;176;-240;
514520573;8;1;-265;-664;-543;0;174;-232;
514521681;19;20;-255;-656;-499;15;190;-240;
514522787;26;11;-258;-666;-496;20;183;-230;
514523886;3;15;-258;-665;-496;2;169;-239;
514524943;7;4;-265;-671;-496;5;175;-240;
514525971;3;6;-265;-673;-507;-9;169;-248;
514527074;-2;6;-259;-671;-506;7;166;-234;
514528179;-5;4;-260;-666;-509;-12;176;-245;
514529289;18;107;-257;-686;-499;-11;179;-240;
514530394;11;5;-251;-666;-490;2;175;-250;
514531507;22;34;-230;-631;-474;22;193;-228;
514532606;-109;11;-268;-665;-508;7;168;-238;
514533700;42;35;-218;-628;-459;36;258;-210;
514534796;3;1;-244;-660;-494;3;173;-244;
514535890;-6;2;-257;-669;-504;-8;157;-248;
514536957;3;6;-250;-668;-513;-4;167;-255;
514537986;14;20;-259;-660;-503;7;174;-254;
514539018;-1;6;-262;-672;-492;8;179;-246;
514540066;6;11;-259;-673;-500;14;179;-238;
514541136;14;0;-258;-670;-499;4;174;-235;
514542173;13;23;-256;-664;-489;-5;181;-232;
514543253;10;14;-250;-660;-489;5;184;-246;
514544359;14;16;-217;-619;-465;5;3;-270;
514545492;12;16;-178;-611;-458;-1;64;-274;
514546594;22;4;-222;-644;-438;-13;26;-272;
514547686;-3;14;-253;-677;-496;2;85;-263;
514548780;16;-3;-248;-660;-482;-5;174;-245;
514549888;2;6;-255;-653;-499;12;292;-240;
514550954;10;24;-259;-672;-491;-2;172;-230;
514551994;5;8;-239;-658;-500;0;181;-244;
514553070;-3;-2;-241;-670;-518;-8;173;-252;
514554189;11;1;-254;-647;-507;10;168;-248;
514555292;10;-19;-249;-667;-488;1;173;-252;
514556401;-5;10;-241;-671;-495;-4;171;-247;
514557516;5;17;-253;-644;-490;0;183;-240;
514558635;0;5;-253;-622;-503;0;165;-258;
514559761;2;15;-230;-668;-492;3;171;-242;
514560879;-2;1;-265;-674;-522;-16;154;-252;
514561960;-78;-62;-333;-740;-580;-79;97;-320;
514563041;3;28;-256;-671;-505;-7;162;-247;
514564163;11;33;-243;-641;-478;3;182;-319;
514565273;8;18;-223;-665;-494;10;166;-246;
514566412;3;0;-256;-666;-511;-4;162;-253;
514567526;17;29;-220;-661;-492;-1;181;-253;
514568640;-7;14;-187;-671;-489;-3;169;-261;
514569752;18;21;-164;-667;-477;-1;186;-259;
514570858;14;27;-140;-633;-466;14;195;-243;
514571918;-7;12;-154;-656;-486;-5;176;-270;
514572985;9;14;-150;-601;-471;0;170;-229;
514574096;-15;-4;-158;-663;-492;-16;164;-282;
514575219;21;12;-140;-642;-479;8;171;-271;
514576334;11;0;-144;-647;-471;0;167;-261;
514577447;21;18;-141;-644;-487;-4;189;-261;
514578559;-5;-22;-146;-655;-486;0;206;-268;
514579675;3;6;-153;-666;-484;-2;158;-261;
514580773;-15;-5;-164;-658;-508;-4;160;-285;
514581812;6;18;-124;-641;-476;9;178;-261;
514582884;13;13;-129;-651;-471;12;161;-220;
514584001;-1;10;-131;-648;-480;-1;168;-268;
514585101;-8;-4;-136;-656;-479;1;173;-273;
514586211;-41;28;-142;-645;-469;9;197;-258;
514587302;10;15;-134;-644;-464;3;169;-262;
514588415;52;-39;-138;-656;-497;-13;169;-277;
514589531;4;10;-127;-646;-476;19;180;-259;
514590634;5;13;-145;-655;-485;16;171;-263;
514591724;22;14;-141;-649;-474;-96;162;-276;
514592773;5;0;-137;-663;-484;10;168;-278;
514593860;-8;16;-124;-663;-470;1;173;-276;
514594891;14;17;-120;-647;-474;-4;175;-265;
514595977;5;19;-139;-660;-465;9;171;-246;
514597052;5;8;-146;-659;-465;-5;175;-261;
514598093;5;0;-141;-651;-488;-9;160;-272;
514599157;3;6;-136;-641;-488;-2;177;-263;
514600258;30;5;-225;-649;-490;1;166;-266;
514601352;-21;22;-124;-649;-480;6;176;-253;
514602475;-6;1;-139;-666;-495;-3;159;-276;
514603572;-4;22;-132;-654;-491;-9;165;-266;
514604677;-2;8;-120;-645;-486;-3;177;-265;
514605769;-6;-4;-118;-669;-487;-4;145;-271;
514606889;-25;-4;-130;-647;-477;-2;156;-259;
514607986;10;7;-133;-642;-479;0;166;-271;
514609090;-9;13;-129;-660;-495;-40;165;-266;
514610210;2;13;-125;-655;-481;1;185;-262;
514611316;26;23;-207;-628;-458;41;190;-234;
514612441;8;-42;-238;-664;-490;7;178;-258;
514613545;5;9;-154;-644;-493;1;167;-245;
514614676;-12;-7;-200;-788;-504;-8;151;-259;
514615744;4;3;-220;-669;-487;6;177;-241;
514616819;0;16;-154;-657;-481;-4;182;-269;
514617929;27;20;-160;-657;-491;7;167;-247;
514619034;-2;7;-163;-656;-491;-2;165;-242;
514620133;19;6;-160;-656;-488;4;170;-252;
514621238;-15;-6;-127;-658;-572;-11;164;-251;
514622341;0;18;-128;-656;-489;15;163;-256;
514623453;-9;8;-137;-657;-482;109;149;-263;
514624559;13;1;-114;-646;-490;-1;182;-254;
514625634;13;29;-115;-647;-464;16;180;-237;
514626682;-11;5;-125;-664;-493;-3;171;-263;
514627746;13;1;-114;-649;-477;5;167;-269;
514628827;8;16;-109;-651;-474;12;181;-296;
514629956;-3;8;-118;-670;-487;-5;169;-271;
514631050;0;16;-117;-617;-519;12;171;-261;
514632153;-3;-12;-137;-680;-501;-12;165;-269;
514633244;4;17;-111;-639;-489;4;182;-257;
514634355;-18;-3;-135;-682;-515;-16;146;-272;
514635423;-36;6;-123;-665;-483;2;160;-365;
514636466;-11;-11;-127;-670;-503;-5;2;-265;
514637515;6;-9;-149;-644;-461;13;-135;-344;
514638591;7;2;-191;-545;-372;1;-201;-389;
514639621;8;-5;-276;-484;-302;30;-166;-321;
514640715;-16;3;-271;-469;-307;8;-287;-464;
514641832;-9;11;-193;-503;-343;-5;-274;-461;
514642949;2;15;-255;-461;-301;2;-282;-480;
514644065;-8;4;-263;-463;-299;0;-282;-477;
514645154;-7;3;-268;-470;-298;-7;-251;-422;
514646259;-13;1;-262;-580;-432;11;-114;-282;
514647350;24;13;-270;-624;-461;6;-99;-279;
514648436;-3;5;-185;-636;-451;-4;-127;-300;
514649516;-8;9;-155;-618;-458;-8;-128;-294;
514650581;42;2;-162;-627;-463;-14;-136;-306;
514651651;0;0;-146;-580;-448;0;-123;-306;
514652706;-8;1;-120;-626;-446;1;-136;-311;
514653811;-1;10;-140;-650;-464;-1;-129;-299;
514654918;-3;-24;-151;-607;-453;-3;-124;-302;
514656009;-1;-13;-163;-627;-465;-23;-138;-317;
514657115;3;-1;-142;-617;-453;6;-131;-298;
514658218;3;18;-130;-598;-438;12;-114;-283;
514659322;-5;-10;-155;-624;-465;-11;-134;-310;
514660423;-2;19;-138;-624;-448;5;-128;-310;
514661537;11;-2;-132;-619;-450;0;-128;-287;
514662585;3;2;-134;-623;-461;-7;-109;-309;
514663614;3;0;-129;-610;-448;3;-126;-300;
514664711;-3;0;-148;-641;-464;-9;-138;-307;
514665807;-13;-15;-154;-630;-453;-6;-140;-305;
514666916;0;-4;-116;-623;-438;-2;-121;-290;
514668016;-9;-9;-116;-666;-494;-8;172;-274;
514669142;3;6;-100;-653;-483;3;176;-250;
514670259;20;12;-96;-655;-480;6;186;-251;
514671380;16;9;-81;-640;-473;13;193;-244;
514672449;11;11;-89;-667;-498;-6;183;-246;
514673519;-3;-13;-201;-668;-511;-7;162;-253;
514674556;-1;-1;-100;-665;-491;2;177;-248;
514675638;63;53;-128;-602;-458;59;217;-207;
514676696;0;0;-169;-668;-494;-1;181;-244;
514677784;-13;-9;-191;-674;-512;-9;165;-253;
514678891;1;0;-220;-670;-502;-1;183;-241;
514680003;2;4;-218;-661;-478;2;165;-253;
514681103;0;9;-193;-660;-487;2;179;-249;
514682203;0;-2;-120;-651;-473;-8;181;-249;
514683305;10;1;-257;-678;-475;-9;166;-228;
514684437;-30;-12;-271;-661;-523;-31;137;-261;
514685494;-5;8;-231;-661;-495;-12;174;-247;
514686566;-10;-9;-160;-668;-482;0;-191;-383;
514687673;12;-17;-269;-476;-309;12;-335;-365;
514688783;-1;-6;-182;-561;-353;-1;-226;-412;
514689881;1;-7;-278;-444;-305;1;-327;-462;
514690984;15;12;-190;-568;-433;25;-157;-292;
514692087;-5;-4;-121;-655;-497;12;181;-244;
514693193;-6;3;-114;-659;-490;-1;176;-237;
514694276;5;9;-116;-664;-481;2;170;-257;
514695364;-15;-10;-125;-685;-493;-1;160;-267;
514696407;11;-1;-104;-661;-493;-1;164;-253;
514697467;11;37;-89;-644;-473;11;192;-242;
514698502;0;0;-103;-657;-481;3;177;-252;
514699545;0;2;-103;-652;-491;1;175;-257;
514700571;4;-5;-123;-674;-490;-3;163;-262;
514701639;-6;1;-121;-667;-490;-4;170;-258;
514702699;9;6;-97;-658;-491;4;172;-248;
514703737;0;4;-110;-650;-491;-4;188;-257;
514704842;-8;-12;-121;-672;-489;-12;164;-273;
514705949;3;5;-125;-658;-495;-8;165;-277;
514707047;-89;-1;-111;-667;-479;20;162;-240;
514708156;7;0;-111;-651;-487;6;174;-253;
514709251;-10;-8;-108;-657;-498;12;161;-262;
514710362;-14;-7;-104;-658;-502;3;171;-256;
514711461;1;1;-94;-655;-490;7;174;-243;
514712494;6;11;-105;-663;-495;1;171;-244;
514713529;4;3;-99;-653;-473;9;165;-255;
514714564;-4;0;-116;-665;-447;-4;173;-253;
514715655;-13;-4;-108;-664;-497;6;168;-259;
514716684;-3;-10;-109;-665;-485;-6;174;-261;
514717729;-13;37;-112;-660;-502;-7;176;-262;
514718769;-19;-15;-125;-692;-511;-8;159;-257;
514719874;-15;-9;-99;-656;-495;-5;162;-260;
514720989;3;10;-105;-663;-487;15;166;-257;
514722108;11;-9;-103;-671;-490;7;172;-254;
514723204;11;-6;-109;-671;-482;-6;175;-259;
514724311;2;1;-90;-665;-492;2;202;-252;
514725407;1;2;-103;-658;-486;5;174;-260;
514726511;-3;-16;-95;-660;-491;-3;167;-245;
514727630;2;1;-93;-665;-490;-3;167;-275;
514728710;3;-6;-108;-666;-495;8;170;-238;
514729802;-8;3;-99;-664;-489;0;167;-244;
514730839;-10;0;-110;-659;-492;9;166;-314;
514731933;-1;11;-101;-666;-490;4;158;-121;
514733056;5;0;-101;-655;-479;-7;174;-197;
514734147;-38;6;-95;-669;-438;0;233;-253;
514735258;-9;5;-100;-661;-478;-1;163;-258;
514736376;-5;-5;-94;-669;-494;4;167;-248;
514737479;4;19;-92;-657;-496;10;151;-250;
514738582;10;-2;-96;-666;-484;4;173;-249;
514739678;-11;-4;-109;-691;-493;5;138;-262;
514740717;5;13;-103;-670;-492;13;164;-252;
514741789;-4;-7;-85;-663;-494;7;170;-251;
514742839;24;21;-80;-653;-477;11;186;-234;
514743887;-6;0;-94;-658;-481;-3;184;-242;
514745008;-4;4;-102;-670;-477;17;163;-248;
514746121;-9;-10;-105;-676;-494;-4;167;-250;
514747249;-5;3;-108;-675;-487;8;166;-255;
514748348;-5;0;-106;-674;-488;0;166;-251;
514749442;-4;-11;-105;-681;-486;1;151;-266;
514750550;9;0;-95;-670;-452;0;171;-252;
514751649;-4;0;-93;-660;-477;5;164;-247;
514752768;-16;0;-132;-673;-452;6;158;-257;
514753875;-2;-6;-99;-673;-488;-6;179;-259;
514754967;8;-10;-92;-674;-482;0;178;-239;
514756059;-4;15;-100;-669;-497;-1;180;-241;
514757157;-19;-11;-120;-677;-501;-26;150;-237;
514758274;3;-10;-89;-665;-491;-2;83;-236;
514759383;1;2;-90;-673;-489;26;177;-238;
514760506;-4;-2;-110;-659;-487;-13;167;-226;
514761605;-17;-8;-105;-619;-473;-13;155;-242;
514762726;-7;6;-197;-680;-519;-3;174;-271;
514763829;-4;21;-169;-658;-500;14;171;-233;
514764937;-5;-5;-105;-665;-490;7;176;-262;
514766058;-9;-8;-166;-682;-520;6;159;-237;
514767150;-11;-6;-222;-678;-508;9;162;-222;
514768192;3;-12;-239;-672;-500;0;181;-220;
514769221;-3;-4;-235;-683;-513;2;155;-198;
514770260;-5;-2;-201;-624;-467;-6;-72;-346;
514771309;3;5;-98;-550;-430;10;58;-290;
514772385;-8;-9;-108;-570;-397;-4;-102;-364;
514773469;-9;-72;-97;-567;-385;3;-124;-374;
514774511;0;-5;-75;-550;-371;-29;-110;-369;
514775599;43;-12;-87;-550;-402;-4;-155;-358;
514776649;3;7;-185;-623;-465;-5;-84;-284;
514777698;-1;-4;-253;-646;-477;13;-77;-242;
514778766;20;14;-233;-640;-467;19;-62;-241;
514779798;0;-12;-258;-645;-482;5;-82;-270;
514780904;-13;-9;-162;-623;-463;10;-92;-268;
514782025;-1;-12;-152;-644;-464;4;-64;-243;
514783144;-13;10;-263;-671;-493;17;-87;-250;
514784255;1;1;-240;-664;-480;1;-60;-250;
514785362;-3;2;-271;-655;-490;-8;-75;-255;
514786480;-23;-8;-209;-664;-475;-12;-68;-242;
514787589;2;-41;-250;-647;-467;-4;-100;-310;
514788617;-4;-9;-171;-679;-460;-3;-112;-291;
514789651;0;-4;-141;-589;-452;1;-66;-247;
514790685;-43;-56;-303;-711;-540;-26;-95;-274;
514791750;-6;-15;-264;-670;-493;-1;-67;-238;
514792844;0;-9;-154;-572;-363;15;-130;-337;
514793883;-14;-1;-138;-555;-374;-2;-143;-259;
514794911;1;-12;-181;-514;-334;5;-136;-290;
514796007;-13;-14;-137;-585;-371;-9;-199;-397;
514797122;-10;-4;-116;-639;-464;-1;-127;-334;
514798229;0;-10;-232;-492;-318;3;-220;-404;
514799316;-31;-18;-250;-528;-334;-22;-238;-409;
514800416;-8;0;-199;-632;-475;8;-49;-222;
514801546;-6;-1;-160;-603;-415;19;-98;-316;
514802654;9;-2;-207;-502;-314;22;-175;-373;
514803688;1;1;-232;-474;-312;20;-212;-383;
514804717;-12;-5;-250;-518;-340;4;-198;-400;
514805798;0;-7;-220;-513;-311;8;-195;-397;
514806838;-7;-7;-240;-515;-316;-8;-220;-394;
514807909;-19;-9;-237;-515;-335;-5;-206;-394;
514808954;-10;-8;-227;-517;-317;-2;-190;-402;
514809998;2;-2;-222;-478;-319;-2;-192;-387;
514811095;-1;-16;-224;-490;-331;-1;-189;-398;
514812193;-1;-4;-232;-504;-335;5;-181;-369;
514813315;-21;-24;-92;-547;-367;-6;-196;-385;
514814409;-12;-6;-172;-516;-325;1;-197;-377;
514815526;-10;1;-220;-507;-333;10;-180;-363;
514816627;0;0;-104;-534;-335;-4;-177;-361;
514817730;-12;-5;-106;-556;-359;7;-171;-342;
514818833;-2;-9;-225;-516;-326;-4;-185;-383;
514819932;-4;-11;-220;-498;-304;-4;-157;-406;
514821042;10;-21;-161;-586;-368;-6;-179;-329;
514822153;-7;6;-181;-556;-404;7;-126;-268;
514823248;-7;-5;-173;-608;-413;-3;-32;-254;
514824370;51;58;-30;-559;-418;21;59;-145;
514825493;-65;-75;-123;-736;-567;-67;29;-247;
514826613;-5;-12;-40;-696;-435;0;172;-169;
514827715;3;7;-49;-685;-516;12;165;-166;
514828826;-2;2;-53;-680;-519;9;187;-165;
514829911;-26;-32;-89;-714;-549;-17;164;-163;
514831011;-10;-24;-73;-708;-540;-12;163;-161;
514832119;5;2;52;-684;-541;10;167;-143;
514833216;-3;3;-39;-696;-542;-1;180;-160;
514834324;0;-9;-56;-690;-540;20;180;-135;
514835422;0;-4;-62;-709;-539;3;174;-155;
514836529;0;3;-21;-695;-537;6;187;-141;
514837641;-7;-6;-23;-711;-545;3;176;-148;
514838744;-3;1;-16;-719;-554;-4;159;-146;
514839851;7;-11;-42;-708;-545;6;178;-153;
514840945;0;-14;-44;-714;-544;-2;179;-143;
514842053;-2;-15;-41;-702;-543;-3;162;-162;
514843174;0;-4;-49;-699;-537;0;178;-150;
514844279;-6;-4;-57;-668;-535;-6;169;-166;
514845307;-10;-14;-43;-703;-546;-2;164;-164;
514846334;-12;-5;-47;-702;-546;-2;165;-159;
514847362;-8;-13;-39;-714;-546;9;169;-154;
514848389;-17;-17;-46;-696;-529;-8;174;-151;
514849437;-9;-3;-34;-684;-539;0;181;-149;
514850463;-12;-5;-100;-560;-385;-4;96;-265;
514851492;-19;-23;-110;-536;-346;-8;-48;-293;
514852526;-14;-11;-58;-675;-655;-6;177;-181;
514853565;6;-13;-115;-568;-444;32;174;-229;
514854595;-21;-15;-46;-692;-536;1;165;-178;
514855638;7;-5;-35;-683;-520;7;165;-154;
514856664;-3;2;-36;-699;-534;5;170;-149;
514857690;-12;-14;-40;-690;-524;0;150;-166;
514858716;-6;-15;-48;-701;-525;-6;145;-165;
514859757;0;0;-25;-684;-510;15;143;-169;
514860796;0;-13;-49;-698;-516;0;137;-172;
514861839;-12;-24;-48;-689;-520;-8;132;-176;
514862874;-5;-5;-12;-677;-505;21;127;-172;
514863914;-7;-17;-50;-688;-505;1;137;-183;
514864941;-5;-10;-36;-699;-522;3;129;-178;
514865970;-9;-25;-20;-692;-498;-6;126;-183;
514867002;6;-12;-14;-687;-500;1;129;-174;
514868030;0;-2;-20;-676;-497;0;125;-174;
514869057;-10;-35;-25;-686;-489;-2;123;-177;
514870087;-23;-51;-4;-697;-507;-4;117;-185;
514871106;-7;-15;-18;-680;-497;4;124;-183;
514872145;-12;-12;-12;-649;-500;9;129;-171;
514873178;-4;-23;-14;-655;-515;-6;127;-164;
514874207;-7;-21;-8;-676;-520;11;123;-178;
514875249;0;-23;-4;-622;-508;16;117;-170;
514876331;-5;-21;4;-609;-519;0;112;-181;
514884621;-35;-17;-5;-570;-586;-4;114;-199;
514885736;-10;-19;4;-557;-580;17;125;-198;
514886831;-19;-24;-28;-552;-602;4;104;-173;
514887918;-21;-27;-10;-552;-605;4;112;-229;
514889020;3;-16;0;-551;-585;13;140;-198;
514890128;-25;-21;-16;-569;-627;-1;133;-229;
514891207;-5;-20;-2;-556;-617;0;135;-220;
514892244;-19;-14;-3;-559;-621;0;128;-223;
514893286;-3;-32;-3;-560;-638;-3;122;-223;
514894322;-18;-20;4;-557;-647;-4;117;-230;
514895387;-22;-38;-25;-568;-645;-14;124;-233;
514896518;-23;-34;7;-562;-638;2;131;-223;
514897652;-25;-34;1;-569;-645;-3;121;-209;
514898769;-14;-26;-3;-554;-640;-1;144;-221;
514899890;-28;-27;-3;-548;-624;15;127;-223;
514900995;-24;-18;14;-543;-641;-2;137;-191;
514902049;-38;-49;-6;-548;-650;-19;131;-231;
514903075;-20;-32;-7;-539;-647;4;107;-206;
514904136;-38;-42;-9;-534;-629;0;141;-204;
514905192;-25;14;12;-550;-672;-4;133;-186;
514906233;-27;-30;5;-542;-647;1;137;-196;
514907297;-32;-39;10;-549;-613;-81;132;-191;
514908323;-25;-24;12;-529;-617;6;151;-181;
514909348;-27;-26;6;-523;-637;0;131;-170;
514910394;-46;-39;4;-532;-654;-8;120;-194;
514911471;-40;-34;10;-520;-633;-9;131;-191;
514912579;-48;-43;4;-529;-648;-10;125;-191;
514913699;-10;-4;45;-488;-616;39;157;-131;
514914803;-18;-38;15;-520;-642;0;149;-155;
514915903;-27;-27;-1;-533;-657;11;140;-168;
514917005;-26;-36;36;-527;-636;-4;140;-166;
514918110;-24;-37;13;-528;-639;5;142;-168;
514919186;32;43;93;-462;-576;82;218;-105;
514920223;-21;-33;26;-529;-651;0;155;-161;
514921250;-41;-37;23;-537;-652;18;146;-169;
514922285;-34;-29;9;-538;-623;11;107;-173;
514923375;-37;-48;6;-554;-650;5;144;-165;
514924410;-33;-28;-88;-585;-655;4;150;-150;
514925481;-39;-25;24;-578;-633;0;144;-166;
514926517;-32;-39;-5;-584;-626;13;130;-166;
514927555;-43;-32;-42;-594;-642;1;143;-155;
514928586;-30;-26;-134;-598;-644;9;154;-221;
514929676;-53;-56;14;-586;-631;64;137;-175;
514930786;-45;-38;40;-574;-632;5;148;-156;
514931878;-46;-35;36;-570;-634;-7;151;-165;
514932983;-41;-25;27;-561;-633;1;153;-166;
514934099;-51;-36;31;-588;-635;-1;145;-162;
514935210;-57;-43;24;-599;-640;1;140;-157;
514936297;-49;-26;32;-597;-622;-4;150;-162;
514937389;-36;-28;25;-603;-632;15;150;-155;
514938425;-67;-33;23;-628;-643;-11;144;-178;
514939495;-64;-24;52;-602;-601;-16;-93;-181;
514940539;-34;-25;37;-576;-572;5;-95;-182;
514941586;-52;-46;25;-624;-589;-37;-110;-206;
514942648;-53;-42;27;-605;-562;1;-167;-252;
514943678;-47;-36;29;-494;-469;0;-145;-191;
514944716;-67;-45;16;-630;-592;-3;-113;-202;
514945754;-60;-42;20;-515;-457;-1;-225;-360;
514946797;-70;-48;12;-492;-460;-12;-241;-273;
514947891;-72;-42;30;-570;-559;-18;-129;-227;
514949011;-70;-27;40;-643;-613;13;-90;-220;
514950110;-47;-13;64;-619;-589;27;-98;-308;
514951220;-64;-38;32;-504;-466;-2;-241;-363;
514952330;-83;-49;19;-523;-470;-125;-243;-372;
514953378;-86;-39;38;-509;-459;3;-243;-360;
514954477;-77;-26;39;-515;-464;5;-306;-377;
514955535;-83;-44;52;-406;-392;2;-287;-408;
514956599;-157;37;-17;-323;-442;-16;-304;-407;
514957635;-28;-41;167;-526;-450;-6;-280;-402;
514958676;-1;-63;142;-457;-373;2;-272;-392;
514959752;-63;-41;150;-476;-399;-3;-293;-389;
514960881;-95;-28;151;-463;-388;10;-275;-397;
514961979;-79;-18;149;-459;-396;-8;-281;-399;
514963069;-65;-10;158;-451;-369;-4;-265;-398;
514964175;-50;-33;161;-450;-343;3;-259;-377;
514965274;-74;-27;152;-465;-337;-3;-256;-388;
514966381;-65;-14;186;-449;-310;15;-251;-367;
514967507;-76;-23;138;-483;-322;1;-255;-370;
514968600;-88;-29;172;-510;-334;-2;-271;-378;
514969634;-58;-34;187;-464;-309;2;-264;-382;
514970734;-49;-51;158;-437;-305;1;-257;-392;
514971840;-93;-47;161;-470;-297;-6;-266;-391;
514972943;-84;-27;175;-464;-289;-6;-261;-387;
514974032;-31;-31;170;-426;-283;5;-242;-375;
514975147;-47;-58;158;-436;-303;-14;-269;-405;
514976252;-55;-33;155;-416;-306;-24;-258;-383;
514977366;-50;-47;167;-415;-293;10;-260;-381;
514978482;-55;-33;164;-419;-297;5;-253;-389;
514979593;-49;-41;187;-415;-299;9;-257;-367;
514980696;-51;-44;155;-412;-307;38;-259;-362;
514981789;-34;-43;193;-425;-309;67;-232;-353;
514982892;-68;-53;164;-459;-333;132;-240;-351;
514983991;-60;-53;170;-438;-324;28;-231;-373;
514985105;6;25;238;-365;-260;92;-161;-290;
514986197;-75;-66;152;-432;-315;4;-215;-378;
514987318;-66;-44;152;-427;-315;17;-229;-359;
514988412;-56;-30;155;-413;-319;14;-224;-364;
514989526;-25;-24;167;-406;-311;23;-225;-341;
514990631;-32;-29;10;-439;-334;5;-191;-335;
514991726;-53;-47;7;-451;-339;11;-203;-348;
514992833;-29;-41;162;-408;-293;18;-223;-348;
514993914;-46;-38;150;-432;-323;14;-229;-370;
514995034;-47;-44;16;-439;-343;10;-177;-348;
514996054;-40;-33;-50;-432;-334;12;-203;-336;
514997079;-30;-39;-74;-447;-344;19;-180;-330;
514998100;-42;-37;-99;-457;-355;10;-188;-326;
514999121;-35;-50;-125;-452;-391;17;-179;-325;
515000142;-37;-33;-128;-442;-353;19;-168;-312;
515001161;-24;-33;-124;-468;-369;14;-191;-331;
515002187;-25;-35;-108;-453;-361;-4;-201;-350;
515003208;-34;-35;74;-446;-338;-9;-199;-345;
515004243;-32;-39;114;-428;-332;2;-197;-339;
515005273;-39;-45;116;-450;-334;4;-197;-340;
515006305;-50;-26;-85;-450;-352;-6;-181;-379;
515007331;-47;-38;-125;-550;-355;2;-182;-347;
515008358;-37;-25;0;-458;-386;13;-148;-297;
515009386;-53;-41;-113;-544;-479;3;-51;-154;
515010439;-56;-58;-102;-532;-437;-12;-6;-156;
515011504;-41;-27;-102;-534;-410;0;-83;-154;
515012528;-59;-37;-138;-615;-492;-12;-38;-234;
515013550;-43;-35;-142;-610;-530;-5;154;-137;
515014570;-46;-36;-59;-596;-530;-1;160;-119;
515015591;-37;-40;-156;-605;-539;-6;-12;-235;
515016613;-36;-24;3;-458;-361;11;157;-128;
515017638;-40;-22;-172;-606;-522;30;153;-118;
515018658;-29;-29;-160;-604;-522;18;172;-106;
515019680;-33;-22;-162;-624;-539;-6;148;-130;
515020718;-25;-13;-164;-604;-496;15;165;-108;
515021744;-41;-29;-160;-613;-538;13;161;-125;
515022772;-40;-23;-128;-614;-514;6;158;-128;
515023805;-38;-12;-108;-606;-520;-5;167;-118;
515024839;-42;-37;-102;-613;-537;-13;164;-129;
515025867;-23;-19;-87;-620;-516;-1;165;-127;
515026945;-27;-21;-81;-597;-521;8;164;-120;
515027973;-20;-24;-84;-593;-515;6;161;-124;
515041828;-13;-33;-76;-593;-519;0;156;-116;
515042960;-33;-23;-77;-594;-523;6;199;-149;
515044064;-30;-69;-56;-609;-538;-3;187;-148;
515045174;-25;26;-53;-642;-550;14;205;-147;
515046223;-18;-20;-39;-622;-553;9;207;-146;
515047244;-33;-10;-49;-632;-553;1;207;-147;
515048267;-29;-8;-46;-618;-552;3;207;-154;
515049293;-26;-16;-54;-622;-557;-7;196;-153;
515050312;-28;-19;-65;-581;-573;53;193;-168;
515051334;-19;-19;-57;-638;-569;-6;194;-160;
515052356;-86;-53;-81;-671;-601;-36;171;-178;
515053382;-12;-3;-49;-632;-567;14;169;-147;
515054417;-21;-2;-52;-619;-568;-1;211;-146;
515055455;-2;19;-18;-629;-556;72;220;-132;
515056492;-22;4;-48;-627;-564;-9;163;-163;
515057529;-13;-7;-50;-614;-521;-4;208;-147;
515058578;-21;20;-57;-636;-585;-4;211;-157;
515059607;-7;-16;-49;-592;-555;1;225;-136;
515060640;-29;-30;-43;-626;-562;9;203;-153;
515061663;-25;-36;-62;-646;-576;-14;199;-151;
515062692;-26;39;-44;-624;-501;-10;199;-181;
515063725;-12;-7;-42;-635;-557;-1;210;-182;
515064755;-40;-28;-68;-650;-584;-12;195;-175;
515065776;-39;-12;-72;-642;-581;-17;189;-169;
515066809;-14;-21;-48;-644;-588;1;205;-148;
515067835;-26;-17;-53;-645;-562;0;219;-146;
515068866;-21;40;-49;-646;-577;-12;208;-154;
515069896;-20;0;-51;-632;-562;0;208;-154;
515070924;-27;-34;-60;-652;-574;-10;197;-164;
515071962;-4;5;-37;-605;-549;29;220;-113;
515072987;-20;-10;-56;-644;-565;-5;202;-150;
515074062;-13;-15;-58;-626;-573;-5;206;-143;
515075113;-14;-5;-47;-632;-564;9;246;-149;
515076135;-19;0;-151;-634;-566;7;217;-141;
515077155;-28;-11;-44;-635;-571;-3;214;-139;
515078179;-8;2;-49;-643;-574;0;205;-145;
515137181;-15;18;-202;-468;-395;19;-86;-276;
515138269;-19;2;-181;-475;-398;-8;-92;-286;
515139389;0;21;-184;-450;-390;12;-77;-257;
515140494;-2;50;-184;-453;-401;5;-85;-271;
515141594;-16;37;-198;-449;-389;-7;-81;-260;
515142699;55;85;-130;-392;-325;72;-24;-194;
515143812;-8;22;-181;-432;-395;-1;-34;-280;
515144847;5;28;-194;-451;-386;-20;-81;-263;
515145920;-24;0;-212;-464;-472;-4;-37;-151;
515146959;-8;-2;-100;-570;-518;76;8;-125;
515147988;-10;-14;-79;-576;-522;-3;-16;-115;
515149024;-14;-9;-90;-576;-527;8;21;-137;
515150062;-22;0;-87;-568;-619;-11;32;-120;
515151173;6;57;-103;-562;-529;3;22;-111;
515152272;-20;-13;-86;-587;-545;30;154;-101;
515153371;-10;-22;-78;-589;-527;-9;26;-197;
515154509;1;-5;-190;-454;-381;-32;-117;-260;
515155609;-18;-20;-209;-463;-394;-8;-343;-270;
515156702;-15;-3;-223;-439;-374;-1;-345;-277;
515157807;-28;-29;-252;-445;-376;-18;-382;-295;
515158885;-18;-15;-233;-410;-362;2;-347;-286;
515159961;-3;4;-244;-403;-367;-1;-364;-284;
515161040;1;-3;-237;-425;-427;10;152;-123;
515162075;2;-10;-172;-492;-477;14;164;-118;
515163141;-14;8;-68;-540;-528;-1;213;-101;
515164231;-21;-25;-94;-581;-554;8;154;-117;
515165328;-10;-7;-128;-532;-493;-4;170;-107;
515166448;-14;-10;-101;-582;-538;-4;157;-109;
515167540;8;5;-72;-563;-488;5;166;-101;
515168656;-16;-6;-93;-582;-542;-6;152;-109;
515169764;0;-10;-92;-575;-521;8;158;-98;
515170879;2;-8;-74;-579;-538;-2;159;-115;
515172015;-9;-9;-90;-587;-541;3;172;-100;
515173076;-17;0;-86;-574;-538;-5;150;-96;
515174116;-13;-8;-95;-575;-526;-3;147;-108;
515175226;-13;13;-75;-567;-527;-24;172;-103;
515176328;-10;7;-82;-567;-518;11;171;-100;
515177454;-3;-2;-78;-571;-528;3;159;-86;
515178541;-10;-8;-84;-561;-546;6;193;-122;
515179672;-36;-16;-72;-619;-571;-15;184;-132;
515180768;-13;-12;-64;-605;-569;-4;174;-145;
515181888;0;0;-58;-602;-548;0;205;-129;
515182991;-5;-8;-63;-601;-574;-5;211;-145;
515184075;-5;18;-62;-613;-573;-2;209;-139;
515185106;-6;-11;-62;-622;-577;4;196;-144;
515186196;-8;4;-53;-596;-556;11;207;-121;
515187321;-8;8;-62;-593;-567;3;220;-132;
515188423;1;0;-51;-614;-569;6;206;-136;
515189542;7;2;-65;-609;-570;11;211;-135;
515190665;-24;-12;-64;-607;-577;37;199;-147;
515191769;-114;8;-31;-606;-547;12;217;-126;
515192847;-6;-5;-58;-615;-566;-5;210;-147;
515193879;-5;-4;-53;-612;-572;-9;205;-148;
515194908;-6;-6;-55;-611;-570;-8;206;-142;
515195945;-13;-19;-74;-612;-570;-6;192;-145;
515196980;1;3;-78;-602;-564;2;218;-138;
515198056;-4;-4;-47;-620;-576;-4;219;-126;
515199107;1;0;-49;-618;-574;8;216;-128;
515200154;-10;-4;-58;-602;-561;13;191;-137;
515201270;3;1;-56;-613;-561;12;214;-127;
515202378;-11;-5;-65;-637;-564;-1;216;-142;
515203509;-5;-12;-65;-615;-575;-1;207;-148;
515204623;-9;-10;-63;-599;-571;8;210;-137;
515205726;-20;-13;-78;-626;-588;-15;205;-139;
515206827;-9;-17;-77;-623;-585;2;198;-137;
515207911;0;4;-47;-600;-560;9;212;-150;
515208962;-16;-21;-63;-625;-584;-12;200;-148;
515209993;0;1;-62;-618;-580;0;211;-134;
515211023;-7;-8;-68;-625;-574;-4;206;-148;
515212056;-26;-18;-76;-628;-607;-2;203;-144;
515213139;-13;-19;-58;-622;-569;-8;203;-145;
515214171;-3;-7;-66;-666;-575;36;214;-144;
515215219;-6;-18;-78;-613;-591;-10;206;-149;
515216331;11;-7;-53;-644;-601;-4;221;-136;
515217450;-7;-12;-62;-621;-579;-9;197;-154;
515218579;-8;-1;-64;-615;-577;4;216;-140;
515219666;-18;-15;-63;-611;-569;-14;211;-151;
515220777;-5;-7;-68;-619;-574;12;215;-136;
515221869;-18;-8;-59;-613;-582;-8;206;-144;
515222986;-11;-13;-64;-627;-560;-20;156;-21;
515224122;-2;-17;-52;-619;-569;17;202;-137;
515225224;2;0;-54;-652;-584;-3;212;-145;
515226316;1;-8;-62;-606;-575;7;228;-136;
515227438;8;0;-62;-620;-560;13;227;-138;
515228538;-5;-3;-56;-628;-573;-13;207;-154;
515229664;-14;-14;-88;-615;-578;-7;204;-145;
515230771;-5;-18;-60;-605;-580;-5;207;-136;
515231869;9;-19;-75;-621;-583;-2;206;-156;
515232983;1;-9;-83;-606;-583;4;195;-141;
515234058;-35;-10;-54;-616;-567;1;208;-143;
515235154;5;-8;-71;-603;-584;-1;207;-145;
515236245;-5;1;-58;-609;-576;-38;203;-146;
515237365;-27;-5;-84;-672;-596;43;197;-153;
515238466;-8;-35;-141;-542;-574;4;226;-126;
515239581;-13;-7;-67;-610;-570;-10;205;-148;
515240676;17;4;-51;-618;-572;7;220;-131;
515241778;-1;-1;-65;-615;-575;0;208;-129;
515242865;-4;-110;-57;-618;-577;14;225;-145;
515243911;13;-1;-66;-622;-567;6;203;-127;
515245003;-2;-4;-52;-616;-580;-4;201;-127;
515246102;11;0;-65;-610;-568;16;216;-120;
515247185;-4;0;-61;-618;-576;-1;217;-136;
515248270;0;8;-51;-705;-576;3;213;-136;
515249391;-2;1;-87;-605;-565;5;169;-104;
515250526;-6;3;-73;-568;-539;4;-238;-218;
515251631;-22;-11;-154;-507;-438;-6;75;-129;
515252732;-15;-22;-118;-557;-505;-1;-262;-235;
515253854;-6;-8;-245;-429;-385;-10;-345;-262;
515254952;-1;-9;-262;-415;-385;4;-113;-247;
515256061;10;10;-149;-517;-479;15;165;-97;
515257159;-11;-8;-100;-570;-532;-7;-277;-229;
515258266;0;-1;-233;-424;-381;5;-149;-243;
515259367;-8;34;-248;-447;-397;-12;-99;-265;
515260493;-9;3;-227;-420;-398;13;-77;-246;
515261586;-20;-20;-250;-458;-407;-14;-103;-252;
515262695;1;7;-177;-480;-435;13;-87;-259;
515263802;1;-4;-220;-436;-392;8;-91;-263;
515264897;15;11;-236;-465;-386;-5;-87;-245;
515265999;2;-6;-236;-439;-401;0;-91;-257;
515267094;6;0;-236;-415;-386;-2;-95;-249;
515268183;1;-8;-227;-426;-400;9;-100;-270;
515269303;-13;0;-220;-440;-394;6;-95;-266;
515270404;-9;-6;-221;-446;-387;1;-98;-270;
515271512;-8;-13;-236;-439;-398;35;-99;-263;
515272604;-11;0;-235;-437;-394;76;-96;-265;
515273691;0;-1;-221;-450;-403;136;-85;-254;
515274817;-13;-9;-229;-463;-422;206;-86;-253;
515275946;12;0;-220;-458;-398;59;-87;-266;
515277045;-2;0;-240;-435;-397;11;-94;-257;
515278151;-21;-2;-251;-450;-406;6;-96;-289;
515279267;-4;5;-232;-437;-403;6;-95;-270;
515280379;-2;4;-234;-429;-384;1;-88;-271;
515281502;-1;0;-240;-436;-394;17;-102;-269;
515282586;-3;-4;-225;-457;-417;114;-91;-276;
515283704;-4;-10;-239;-440;-401;12;-103;-268;
515284802;12;-1;-216;-444;-404;64;-81;-265;
515285924;-14;-16;-250;-449;-402;-9;-105;-280;
515287019;2;17;-223;-449;-402;61;-100;-257;
515288137;-3;20;-224;-440;-400;32;-91;-268;
515289216;5;0;-228;-455;-381;9;-91;-276;
515290327;-7;3;-231;-440;-392;18;-100;-270;
515291449;1;-15;-235;-443;-402;19;-100;-288;
515292530;36;-1;-233;-430;-386;-2;-92;-270;
515293656;-6;-22;-247;-442;-406;-7;-113;-282;
515294751;2;-3;-236;-449;-400;122;-106;-284;
515295863;5;12;-252;-435;-377;15;-101;-275;
515296964;5;-5;-236;-438;-385;14;-114;-258;
515298063;-1;3;-225;-422;-379;28;-103;-267;
515299168;-45;-23;-279;-469;-422;-39;-140;-319;
515300275;15;4;-240;-430;-377;6;-116;-265;
515301373;-10;1;-233;-421;-380;8;-116;-279;
515302477;-8;-5;-248;-426;-370;-1;-108;-276;
515303610;-5;33;-262;-417;-374;12;-414;-307;
515304707;-3;-2;-258;-408;-360;14;-416;-296;
515305829;-9;-3;-267;-400;-357;4;-406;-293;
515306944;-13;-14;-262;-411;-356;-1;-408;-196;
515308035;-12;-4;-260;-417;-353;-4;126;-153;
515309142;-4;-2;-106;-582;-523;-4;153;-114;
515310236;-3;10;-100;-575;-536;18;163;-102;
515311367;2;2;-93;-582;-540;56;158;-116;
515312484;-1;-1;-92;-581;-541;4;153;-104;
515313571;-2;3;-85;-580;-518;-7;153;-100;
515314688;-15;-15;-108;-558;-525;-6;143;-106;
515315786;16;22;-94;-549;-521;19;171;-75;
515316884;-10;32;-102;-584;-545;-14;148;-93;
515318018;-9;-10;-103;-596;-540;-4;181;-105;
515319116;7;-3;-122;-580;-514;14;154;-99;
515320210;-1;1;-103;-585;-524;8;155;-88;
515321321;8;-15;-120;-593;-550;-6;174;-132;
515322442;-1;-11;-90;-599;-557;-1;182;-108;
515323542;1;-2;-72;-596;-549;4;186;-116;
515324636;45;57;-39;-544;-494;60;228;-63;
515325762;-6;-12;-83;-662;-562;-6;184;-248;
515326890;-17;3;-83;-623;-569;1;199;-146;
515327998;-10;-11;-84;-633;-579;-2;196;-140;
515329105;-9;-6;-74;-625;-576;-6;339;-129;
515330223;3;15;-77;-627;-566;12;191;-116;
515331317;6;0;-73;-620;-567;5;186;-145;
515332446;1;-5;-73;-652;-572;4;177;-133;
515333551;6;9;-70;-618;-558;-4;181;-116;
515334637;-1;11;-68;-619;-570;10;182;-121;
515335722;-9;7;-84;-624;-573;-3;198;-134;
515336825;-19;-12;-80;-626;-576;-12;168;-116;
515337924;12;3;-84;-607;-553;5;193;-115;
515339033;1;6;-71;-620;-526;0;200;-134;
515340141;-7;6;-70;-624;-568;-1;185;-125;
515341237;-9;-1;-82;-645;-581;-11;178;-145;
515342344;-10;-3;-73;-625;-582;10;202;-126;
515343470;-3;61;-62;-639;-579;7;209;-130;
515344577;7;-5;-61;-625;-585;-5;200;-135;
515345681;1;11;-67;-633;-585;2;206;-121;
515346786;-6;1;-51;-623;-568;0;207;-137;
515347891;-3;-1;-63;-621;-577;-5;217;-132;
515349007;-17;-13;-64;-645;-584;-16;196;-139;
515350129;2;-3;-60;-638;-587;-7;199;-122;
515351254;40;-2;-59;-640;-579;-1;211;-129;
515352365;-7;-9;-57;-620;-561;-2;207;-135;
515353461;-2;30;-76;-642;-572;14;204;-131;
515354551;-1;4;-48;-629;-577;4;221;-125;
515355674;-9;-12;-73;-628;-574;-12;209;-118;
515356792;-6;-1;-65;-637;-583;-6;194;-128;
515357889;2;2;-62;-623;-576;0;203;-139;
515359009;-10;-2;-74;-626;-572;-12;200;-59;
515360114;35;38;-18;-590;-525;42;258;-90;
515361231;0;9;-81;-628;-579;1;215;-137;
515362350;-14;2;-80;-637;-580;9;204;-136;
515363460;-21;-4;-76;-649;-581;-13;196;-149;
515364582;1;-8;-65;-638;-565;16;209;-127;
515365681;-1;5;-70;-649;-580;-3;201;-150;
515366801;5;-4;-49;-636;-554;4;216;-112;
515367926;-3;2;-53;-620;-577;18;201;-148;
515369025;12;23;-63;-610;-574;7;218;-122;
515370128;2;0;-65;-645;-576;3;257;-142;
515371236;-15;-15;-70;-633;-586;-15;205;-141;
515372325;5;5;-63;-635;-568;-1;219;-137;
515373463;6;8;-55;-614;-572;-12;228;-132;
515374561;-12;-12;-80;-632;-581;-92;195;-140;
515375679;-20;10;-72;-640;-575;-8;204;-173;
515376787;-2;-5;-58;-613;-585;-7;212;-225;
515377895;0;0;-81;-636;-568;1;207;-139;
515378996;3;20;-62;-633;-564;3;218;-114;
515380102;-13;25;-74;-629;-619;6;221;-148;
515381204;-20;14;-74;-659;-593;-25;184;-158;
515382318;18;8;-52;-621;-565;12;220;-115;
515383438;-5;8;-75;-627;-569;-5;202;-132;
515384540;-1;-17;-53;-641;-565;0;210;-130;
515385655;0;-13;-63;-625;-569;9;210;-129;
515386755;-9;-6;-64;-619;-572;0;220;-137;
515387772;15;-16;-72;-614;-567;1;207;-132;
515388805;-3;0;-71;-636;-565;9;221;-128;
515389834;0;-12;-61;-623;-563;-7;212;-136;
515390917;-19;-10;-74;-652;-583;-10;193;-141;
515391959;-14;2;-68;-638;-577;20;212;-163;
515392989;20;29;-52;-625;-571;4;206;-133;
515394023;11;-3;-60;-623;-582;-26;196;-134;
515395063;-7;7;-67;-637;-577;4;202;-133;
515396142;-19;5;-84;-651;-577;-3;208;-140;
515397243;-57;-8;-75;-576;-566;-3;217;-126;
515398345;-8;3;-69;-641;-580;-21;199;-131;
515399455;17;18;-73;-628;-571;0;216;-93;
515400552;14;2;-72;-621;-578;6;202;-140;
515401600;-4;4;-83;-641;-577;-6;190;-108;
515402647;3;15;-68;-605;-571;14;203;-119;
515403682;5;5;-64;-623;-564;0;207;-120;
515404715;3;13;-70;-612;-560;8;204;-124;
515405752;4;8;-79;-621;-546;-7;-155;-200;
515406774;-11;-3;-201;-498;-447;0;-229;-229;
515407841;-1;0;-206;-515;-484;5;199;-136;
515408890;-13;4;-88;-623;-558;-11;-138;-229;
515409930;-3;0;-95;-606;-542;6;173;-115;
515410962;-9;-3;-99;-613;-550;-9;167;-137;
515412028;2;-1;-204;-499;-435;-10;-337;-178;
515413067;5;15;-228;-460;-384;4;-356;-244;
515414110;-11;-11;-301;-449;-396;-11;-321;-241;
515415185;0;3;-132;-541;-489;3;17;-93;
515416247;7;4;-168;-517;-434;0;-39;-255;
515417344;8;32;-172;-491;-412;9;-306;-213;
515418449;4;-4;-235;-460;-402;-29;-52;-107;
515419562;-7;0;-182;-498;-472;-30;0;-91;
515420682;7;7;-193;-529;-478;-14;-3;-151;
515421793;-22;6;-126;-562;-506;-30;22;-108;
515422925;11;13;-134;-527;-487;-159;29;-98;
515424019;6;-6;-125;-549;-484;5;22;-171;
515425125;-2;15;-184;-468;-403;33;-24;-115;
515426218;3;10;-122;-549;-510;-4;25;-69;
515427358;-3;0;-126;-561;-517;4;21;-91;
515428465;-5;-5;-133;-559;-520;-13;14;-98;
515429550;-16;-14;-145;-573;-519;-144;0;-133;
515430667;-4;8;-151;-540;-497;-174;9;-124;
515431791;-7;3;-147;-540;-488;-179;18;-107;
515432899;5;2;-147;-537;-489;-178;12;-101;
515433957;-3;-4;-145;-541;-484;-174;12;-103;
515435051;-4;-6;-137;-548;-485;-180;5;-103;
515436170;-15;-13;-141;-546;-492;-181;3;-109;
515437272;5;9;-140;-540;-494;-160;20;-102;
515438382;-12;-12;-149;-541;-489;-170;17;-94;
515439503;-9;-11;-155;-562;-496;-237;14;-109;
515440597;-16;-11;-148;-553;-487;-161;23;-98;
515441703;-25;4;-159;-559;-566;-178;1;-114;
515442765;0;1;-140;-555;-486;-158;12;-100;
515443797;-4;9;-132;-546;-497;-149;150;-89;
515444830;0;2;-131;-558;-489;-117;158;-85;
515445862;-4;7;-112;-565;-498;-49;155;-74;
515446888;1;3;-103;-566;-512;-64;140;-85;
515447920;-43;6;-116;-567;-506;9;144;-74;
515448961;4;7;-177;-569;-521;-31;144;-89;
515450069;1;0;-123;-577;-528;-17;137;-97;
515451146;-3;0;-87;-592;-531;0;147;-86;
515452183;-1;-10;-116;-586;-529;-11;132;-96;
515453269;-6;-6;-109;-587;-529;-8;145;-75;
515454318;-26;-25;-134;-624;-558;-35;115;-105;
515455391;7;4;-105;-607;-515;-2;153;-92;
515456508;-32;-44;-254;-533;-492;-39;-239;-273;
515457622;0;-5;-191;-518;-487;5;140;-94;
515458736;-9;-7;-116;-601;-527;-9;133;-86;
515459830;-9;-8;-125;-594;-540;-12;135;-93;
515460948;0;-10;-110;-597;-524;-11;136;-72;
515462038;-12;-1;-106;-578;-524;9;142;-85;
515463123;6;16;-64;-567;-506;-5;170;-63;
515464235;-26;-8;-131;-600;-542;-13;129;-87;
515465352;-1;15;-110;-592;-521;2;142;-78;
515466481;0;5;-36;-579;-506;14;148;-85;
515467571;-32;-25;-135;-609;-556;-30;120;-105;
515468681;-19;-12;-115;-581;-541;-12;136;-84;
515469785;-3;2;-97;-583;-521;0;155;-75;
515470858;-6;-81;-109;-583;-533;-1;139;-75;
515471887;2;52;-118;-590;-531;-2;153;-87;
515472950;3;-7;-113;-586;-531;7;147;-82;
515474052;-9;8;-113;-592;-515;8;147;-99;
515475119;0;-3;-116;-587;-405;-1;139;-83;
515476158;-13;-15;-122;-607;-542;-12;147;-86;
515477234;-3;-2;-106;-584;-528;-3;126;-75;
515478279;9;17;-114;-580;-527;9;144;-63;
515479334;-5;1;-103;-581;-527;10;143;-70;
515480452;1;4;-115;-582;-519;-2;146;-16;
515481557;-25;3;-116;-592;-523;-7;107;-89;
515482651;-6;5;-113;-585;-517;-8;127;-67;
515483765;-14;9;-112;-583;-542;-11;129;-94;
515484868;1;5;-97;-587;-531;6;173;-95;
515485974;8;10;-85;-587;-540;14;204;-99;
515487086;20;13;-76;-598;-505;27;189;-101;
515488182;7;6;-80;-613;-553;0;192;-118;
515489293;-40;-156;-118;-656;-597;-32;159;-153;
515490388;4;-8;-86;-552;-569;-7;180;-128;
515491501;-6;-6;-81;-615;-560;-3;158;-122;
515492589;-10;4;-82;-616;-562;-6;194;-126;
515493615;-4;22;-65;-605;-557;-1;192;-122;
515494653;-10;-2;-72;-619;-575;30;179;-111;
515495689;0;6;-73;-620;-552;41;191;-106;
515496713;-6;-1;-76;-629;-570;-11;197;-123;
515497749;-2;8;-62;-618;-567;-1;209;-186;
515498787;3;-40;-71;-637;-563;0;188;-116;
515499821;10;-3;-71;-623;-562;3;188;-106;
515500853;9;3;-72;-632;-562;-4;171;-107;
515501890;-1;5;-71;-636;-569;0;190;-120;
515502913;0;7;-70;-620;-566;-2;197;-112;
515503939;8;0;-68;-615;-567;13;207;-124;
515504971;-3;7;-71;-636;-550;15;200;-118;
515505995;17;-1;-70;-618;-550;-8;200;-103;
515507036;0;0;-68;-616;-556;-5;208;-150;
515508062;14;14;-61;-627;-556;4;213;-119;
515509102;3;-3;-78;-623;-571;-12;193;-129;
515510136;5;11;-69;-615;-567;17;208;-111;
515511171;-2;10;-71;-625;-567;2;189;-127;
515512211;-6;-4;-83;-624;-570;-3;181;-113;
515513246;-9;0;-67;-620;-567;24;192;-124;
515514278;-14;-39;-79;-645;-566;0;176;-123;
515515311;-29;-72;-78;-618;-572;-5;191;-121;
515516352;-64;-42;-144;-681;-628;-63;141;-205;
515517456;1;6;-61;-631;-562;1;199;-123;
515518534;0;13;-70;-626;-574;6;203;-115;
515519612;4;-1;-69;-609;-560;-1;199;-111;
515520651;-9;13;-64;-626;-571;-6;183;-120;
515521703;9;0;-66;-618;-566;2;203;-110;
515522769;-5;-1;-70;-627;-564;0;188;-129;
515523797;-2;-4;-85;-631;-563;-11;193;-141;
515524915;1;0;-69;-616;-547;7;208;-115;
515526025;-13;-2;-80;-602;-572;-9;178;-121;
515527133;-6;-1;-75;-624;-573;7;197;-126;
515528233;-12;-3;-73;-621;-570;-9;182;-128;
515529318;17;17;-55;-618;-557;4;211;-108;
515530354;0;5;-75;-605;-580;6;189;-113;
515531394;-6;-3;-72;-635;-559;-3;200;-119;
515532423;-9;1;-168;-639;-570;-5;192;-132;
515533464;6;5;-61;-617;-551;-17;201;-115;
515534583;-5;-9;-86;-628;-575;-14;187;-134;
515535614;-18;-11;-90;-633;-587;-3;191;-136;
515536640;-11;-7;-79;-629;-577;-8;194;-125;
515537665;-10;-9;-71;-628;-567;-7;191;-129;
515538693;2;4;-65;-620;-558;0;207;-116;
515539761;-1;-29;-67;-637;-561;4;198;-119;
515540829;1;4;-64;-619;-547;14;219;-107;
515541868;3;-1;-74;-625;-571;-6;187;-122;
515542949;2;3;-71;-620;-565;2;189;-114;
515544055;-14;-2;-68;-622;-564;-3;226;-106;
515545152;4;-6;-68;-637;-569;9;200;-123;
515546266;-9;0;-73;-631;-553;1;203;-113;
515547387;18;32;-35;-588;-529;42;230;-82;
515548506;-1;4;-78;-624;-554;4;188;-92;
515549605;0;-8;-86;-609;-549;27;157;-82;
515550705;-11;-18;-102;-611;-540;-10;143;-88;
515551803;-3;12;-104;-585;-527;8;141;-61;
515552897;-8;0;-102;-576;-521;2;144;-73;
515554019;-7;13;-100;-576;-507;3;154;-69;
515555108;-7;-1;-121;-578;-525;-15;139;-72;
515556222;-11;0;-122;-580;-544;-6;131;-71;
515557317;10;0;-103;-565;-510;-3;151;-54;
515558404;-35;-8;-129;-599;-536;4;120;-74;
515559510;-118;13;-122;-576;-516;8;137;-55;
515560602;8;5;-129;-531;-438;9;-257;-160;
515561703;9;18;-233;-433;-373;4;-357;-190;
515562815;-4;41;-257;-436;-361;-5;-324;-220;
515563912;-5;10;-180;-436;-357;2;-340;-218;
515565014;0;12;-258;-442;-356;40;-358;-226;
515566110;6;12;-254;-424;-396;6;-344;-221;
515567222;-4;10;-232;-489;-446;0;143;-75;
515568314;-17;-4;-111;-590;-514;-9;124;33;
515569448;3;12;-150;-506;-408;10;-289;-186;
515570533;-5;13;-242;-458;-384;14;-49;-190;
515571632;4;4;-221;-444;-375;13;-36;-191;
515572743;-18;-8;-231;-468;-387;18;-37;-200;
515573850;-46;-38;-263;-491;-428;-39;-95;-263;
515574964;-12;8;-238;-465;-395;-7;-50;-229;
515576060;-11;5;-240;-454;-388;-4;-43;-224;
515577167;-11;8;-224;-446;-383;8;-29;-221;
515578207;1;25;-233;-460;-388;-1;-47;-292;
515579261;-19;-5;-248;-470;-383;-17;-53;-229;
515580345;5;-2;-237;-453;-322;-7;-43;-232;
515581381;-13;3;-241;-442;-358;-11;-377;-242;
515582422;-11;10;-258;-432;-355;-3;-382;-235;
515583518;10;13;-247;-425;-351;5;-359;-232;
515584638;-11;5;-263;-414;-362;1;-382;-232;
515585732;-24;-4;-283;-440;-365;-17;-402;-249;
515586861;-7;6;-271;-415;-359;-3;-376;-235;
515587973;-6;-8;-257;-421;-348;8;-385;-257;
515589072;-22;-15;-280;-435;-350;-14;-409;-259;
515590185;3;17;-264;-407;-344;5;-392;-238;
515591284;5;0;-261;-421;-348;-6;-386;-241;
515592374;34;-3;-284;-425;-366;-21;-399;-257;
515593506;-5;12;-261;-406;-349;5;-395;-240;
515594630;-6;-1;-281;-422;-350;-5;-400;-254;
515595724;-12;8;-280;-428;-233;2;-387;-243;
515596846;-13;-15;-282;-442;-352;-23;-408;-258;
515597953;10;-1;-266;-413;-346;2;-362;-221;
515599073;-32;4;-259;-438;-364;-1;-87;-160;
515600191;-6;0;-245;-437;-367;0;-392;-243;
515601266;-5;-1;-180;-527;-468;-4;138;-91;
515602307;-9;-5;-122;-576;-512;-6;111;-77;
515603387;0;-20;-49;-577;-504;0;129;-66;
515604456;-3;12;-94;-575;-505;10;127;-67;
515605567;-8;13;-124;-567;-512;9;125;-66;
515606670;7;3;-145;-582;-516;-6;148;-70;
515607783;5;1;-119;-578;-512;0;128;-76;
515608900;-7;7;-120;-568;-518;0;133;-79;
515609994;-2;4;-125;-578;-506;10;140;-66;
515611099;-2;15;-121;-589;-517;22;136;-77;
515612212;-18;7;-107;-583;-510;-1;125;-76;
515613305;9;-9;-112;-575;-517;-1;124;-66;
515614377;-12;-3;-115;-589;-514;-17;122;-77;
515615502;0;6;-118;-568;-506;1;129;-64;
515616588;-9;12;-121;-574;-498;-9;121;-62;
515617676;6;2;-119;-578;-509;2;131;-67;
515618800;16;25;-92;-567;-489;22;152;-54;
515619913;7;-6;-116;-570;-427;0;141;-53;
515621016;-15;-3;-141;-589;-525;-14;124;-62;
515622120;2;2;-124;-580;-508;-1;138;-59;
515623219;5;1;-117;-576;-500;26;125;-45;
515624319;0;3;-110;-555;-509;-3;132;-56;
515625415;-4;15;-124;-571;-504;-5;126;-44;
515626536;-2;3;-115;-581;-498;3;131;-59;
515627645;12;114;-116;-574;-506;-3;126;-65;
515628758;-108;2;-106;-569;-506;-3;140;-46;
515629876;-13;-3;-135;-592;-506;-3;122;-59;
515630970;-1;-10;-117;-574;-495;-4;106;-59;
515632087;11;0;-113;-567;-481;10;143;-70;
515633195;15;3;-116;-577;-497;-3;143;-49;
515634309;-12;-2;-114;-582;-508;-10;127;-66;
515635403;-18;-3;-139;-587;-514;-3;116;-64;
515636527;0;-10;-131;-584;-500;-14;133;-69;
515637641;-9;-7;-116;-594;-501;-13;132;-62;
515638766;-4;8;-105;-578;-493;12;133;-64;
515639860;5;3;-110;-568;-497;-1;128;-47;
515640969;-4;11;-125;-568;-511;9;139;-103;
515642066;2;1;-97;-576;-517;-2;171;-73;
515643173;-8;-7;-109;-613;-520;-1;174;-88;
515644267;-4;2;-79;-615;-534;-25;187;-76;
515645362;-13;-7;-85;-616;-534;-9;181;-85;
515646480;-10;-11;-85;-621;-544;-8;174;-97;
515647577;5;5;-72;-605;-522;10;203;-80;
515648658;-25;-8;-79;-624;-543;-3;180;-89;
515649758;-1;14;-65;-615;-539;3;189;-97;
515650862;17;0;-88;-622;-534;-7;174;-93;
515651976;2;-2;-75;-616;-457;1;185;-100;
515653076;-16;-6;-80;-624;-541;5;173;-92;
515654163;-4;6;-79;-602;-533;-2;187;36;
515655276;5;-1;-78;-619;-542;-3;182;-103;
515656384;-12;-9;-94;-624;-550;-9;171;-109;
515657472;0;-13;-78;-618;-533;11;184;-93;
515658499;5;-6;-73;-628;-540;-3;187;-105;
515659585;16;-5;-71;-637;-552;-5;185;-96;
515660644;12;-5;-82;-623;-557;-3;188;-108;
515661740;67;-7;-72;-613;-532;2;193;-106;
515662828;-22;-9;-89;-634;-557;-2;190;-132;
515663958;-9;-11;-81;-627;-550;4;178;-109;
515665054;4;16;-73;-606;-527;5;196;-99;
515666163;10;15;-78;-618;-540;9;193;-99;
515667271;-7;-1;-73;-613;-521;-7;200;-105;
515668369;9;16;-74;-608;-539;0;185;-105;
515669481;5;2;-77;-555;-553;9;183;-92;
515670587;-3;2;-88;-628;-537;-11;176;-111;
515671680;8;10;-64;-608;-542;-5;196;-99;
515672787;-13;-18;-95;-633;-564;-17;168;-117;
515673887;0;11;-65;-612;-539;3;190;-110;
515674995;4;-58;-95;-623;-544;-9;174;-104;
515676105;10;6;-77;-602;-537;43;187;-99;
515677137;2;-13;-89;-631;-557;-1;177;-100;
515678168;-5;7;-83;-623;-548;-5;179;-104;
515679203;-8;-9;-74;-613;-559;-31;177;-113;
515680241;-1;0;-89;-627;-633;-7;180;-110;
515681336;-9;5;-86;-625;-555;-6;198;-112;
515682413;-35;-24;-109;-643;-575;-28;158;-138;
515683496;0;0;-77;-618;-547;12;186;-104;
515684599;-3;-10;-86;-622;-553;1;181;-115;
515685700;11;0;-77;-614;-577;3;210;-105;
515686809;-8;-8;-72;-626;-544;1;192;-109;
515687913;9;-4;-78;-613;-544;0;198;-117;
515689018;-1;-20;-74;-621;-542;-15;178;-109;
515690111;-12;-19;-99;-635;-544;-12;166;-106;
515691203;-11;-3;-97;-634;-588;-13;166;-108;
515692285;8;-2;-76;-602;-525;7;192;-101;
515693392;-15;-14;-69;-624;-554;-6;176;-87;
515694528;0;0;-71;-619;-526;0;145;-49;
515695624;18;8;-105;-580;-492;6;149;-47;
515696736;5;9;-66;-576;-498;1;131;-51;
515697824;4;2;-109;-576;-485;9;131;-37;
515698922;-3;-1;-127;-568;-502;5;124;-61;
515700039;0;13;-126;-568;-503;-1;121;-45;
515701157;-2;-11;-127;-576;-502;4;121;-41;
515702243;-12;-16;-140;-626;-506;-12;108;-60;
515703354;1;-9;-133;-574;-504;-3;120;-58;
515704468;-3;-112;-125;-566;-499;-9;133;-88;
515705584;-15;-17;-120;-586;-506;0;125;-66;
515706698;-25;-13;-133;-587;-502;3;138;-53;
515707802;-11;-14;-133;-586;-495;-4;117;-78;
515708916;0;0;-126;-568;-488;-3;147;-40;
515710010;-28;-11;-106;-569;-498;-3;125;-54;
515711116;3;-8;-80;-591;-501;5;131;-52;
515712226;-18;-13;-131;-594;-502;1;116;-64;
515713337;-15;-9;-136;-570;-509;-24;126;-62;
515714454;-8;-9;-129;-587;-511;-11;126;-56;
515715563;15;21;-131;-546;-467;32;154;-17;
515716671;-5;-6;-132;-563;-500;7;119;-53;
515717770;0;0;-122;-577;-497;7;120;-54;
515718886;0;-1;-115;-571;-491;-5;133;-42;
515719995;10;22;-110;-567;-482;9;125;-46;
515721105;-4;-7;-121;-582;-498;-8;124;-48;
515722202;12;0;-115;-562;-487;5;146;-49;
515723303;9;-4;-139;-581;-494;2;141;-42;
515724408;4;5;-125;-576;-499;79;125;-59;
515725524;5;-6;-120;-575;-507;-4;121;-53;
515726645;0;9;-127;-564;-502;2;133;-94;
515727739;0;1;-142;-574;-479;3;129;-51;
515728850;-10;-7;-120;-574;-498;8;134;-47;
515729953;-58;-33;-162;-604;-530;-27;105;-76;
515731067;-9;-16;-117;-570;-512;-18;121;-38;
515732182;-8;-12;-131;-575;-496;-2;114;-56;
515733298;7;3;-127;-582;-503;0;139;-58;
515734390;-5;0;-126;-589;-498;0;123;-59;
515735504;-23;-8;-139;-582;-514;-13;110;-63;
515736621;2;13;-121;-614;-495;12;128;-53;
515737735;10;-1;-134;-578;-488;-9;141;-62;
515738849;0;0;-112;-581;-511;5;174;-61;
515739967;-5;-11;-129;-588;-506;-17;112;-68;
515741095;-3;-17;-126;-573;-506;6;123;-58;
515742192;4;8;-124;-568;-490;-5;132;-55;
515743288;20;-8;-125;-568;-500;17;130;-52;
515744406;-15;19;-139;-580;-515;1;140;-74;
515745526;-4;10;-125;-572;-509;-6;130;-56;
515746650;17;4;-116;-571;-498;14;134;-60;
515747761;7;4;-123;-569;-506;6;122;-61;
515748867;4;23;-122;-569;-503;-5;128;-68;
515749963;1;12;-130;-567;-497;-5;145;-74;
515751065;11;7;-136;-570;-492;-1;138;-71;
515752156;-3;17;-127;-570;-502;-5;101;-74;
515753278;27;29;-88;-543;-465;29;150;-40;
515754367;5;9;-124;-572;-487;-2;125;-62;
515755422;-11;-2;-134;-535;-509;-1;111;-84;
515756468;-5;0;-121;-561;-507;-7;120;-70;
515757589;0;10;-124;-555;-492;0;141;-72;
515758680;0;6;-128;-567;-502;3;133;-63;
515759789;-2;6;-113;-559;-500;12;122;-82;
515760898;6;-2;-135;-591;-512;-13;116;-99;
515761983;7;42;-108;-551;-486;18;144;-75;
515763090;-5;-16;-129;-588;-496;-3;113;-79;
515764191;-1;13;-123;-561;-494;2;131;-83;
515765276;12;0;-115;-561;-487;5;134;-83;
515766377;8;-1;-126;-568;-504;-2;130;-88;
515767501;5;13;-116;-564;-480;-24;129;-62;
515768617;-4;-4;-132;-562;-493;0;120;-70;
515769748;-24;-14;-154;-596;-510;-29;109;-109;
515770851;6;6;-128;-597;-492;11;138;-84;
515771963;-12;4;-132;-574;-502;-9;143;-82;
515773076;3;10;-126;-560;-496;2;139;-115;
515774201;9;12;-128;-578;-494;-4;139;-79;
515775292;-19;8;-134;-585;-505;-12;108;-95;
515776334;4;11;-142;-571;-509;-2;118;-90;
515777444;-4;10;-135;-583;-509;3;120;-83;
515778556;8;9;-125;-571;-497;-7;125;-93;
515779664;-2;10;-122;-567;-502;6;122;-102;
515780747;-3;6;-134;-564;-494;-1;127;-78;
515781854;-2;-4;-132;-569;-496;-1;133;-88;
515782954;26;23;-124;-552;-481;0;127;-47;
515784077;11;6;-124;-564;-490;0;142;-86;
515785175;8;6;-137;-575;-490;9;129;-130;
515786273;-12;1;-132;-570;-502;4;130;-94;
515787386;-4;20;-128;-564;-504;-4;136;-101;
515788493;-8;-1;-133;-577;-498;-6;113;-93;
515789614;6;11;-129;-579;-499;12;123;-98;
515790716;10;26;-128;-569;-489;11;139;-103;
515791826;-11;10;-139;-577;-507;-11;122;-87;
515792939;0;6;-126;-567;-495;1;143;-98;
515794041;8;10;-132;-575;-502;-8;133;-108;
515795145;-4;12;-113;-609;-495;1;139;-92;
515796245;-3;23;-133;-561;-495;0;124;-100;
515797358;-9;0;-136;-585;-504;-12;120;-100;
515798467;-4;9;-124;-565;-490;0;135;-94;
515799580;-16;9;-126;-577;-544;5;117;-110;
515800682;-9;-4;-140;-578;-509;5;139;-108;
515801791;-5;-2;-123;-590;-509;-2;132;-114;
515802892;-17;-5;-138;-585;-494;-21;110;-120;
515803987;16;13;-120;-575;-480;12;134;-103;
515805086;10;9;-126;-571;-505;-3;114;-118;
515806229;-3;73;-121;-569;-505;-3;124;-121;
515807326;-17;-21;-158;-586;-539;-20;103;-143;
515808448;-6;-8;-140;-571;-501;-9;117;-123;
515809551;-6;-2;-118;-553;-500;10;132;-114;
515810675;5;2;-123;-568;-491;26;129;-109;
515811766;-3;2;-126;-569;-505;13;90;-127;
515812867;-47;-40;-180;-616;-550;-37;83;-178;
515813973;-76;-53;-191;-648;-560;-72;74;-190;
515815068;0;6;-118;-567;-495;14;144;-128;
515816165;64;68;-65;-501;-428;66;193;-64;
515817260;-9;0;-125;-569;-498;-9;124;-144;
515818364;-6;11;-120;-565;-496;21;131;-144;
515819482;-15;9;-131;-571;-495;-3;139;-133;
515820600;-11;-21;-132;-593;-518;-5;115;-144;
515821709;4;2;-128;-574;-517;-4;126;-132;
515822818;-19;8;-130;-575;-500;-1;126;-148;
515823931;-8;-9;-133;-573;-510;-8;124;-151;
515825029;-15;8;-120;-567;-503;-7;126;-169;
515826124;-47;-20;-147;-591;-508;-12;105;-173;
515827226;-7;1;-140;-574;-489;1;115;-166;
515828331;1;-3;-127;-569;-492;3;129;-157;
515829466;-13;-1;-132;-577;-495;-12;129;-160;
515830567;-2;18;-116;-564;-504;6;130;-161;
515831665;0;15;-128;-572;-486;9;128;-166;
515832780;-2;8;-129;-568;-493;2;128;-155;
515833897;-23;-7;-140;-616;-518;26;129;-181;
515834996;7;9;-95;-568;-500;7;133;-168;
515836100;-3;-68;-126;-557;-497;0;127;-158;
515837216;0;16;-123;-563;-501;5;141;-158;
515838301;-21;-2;-139;-582;-502;-7;125;-187;
515839396;-6;0;-134;-577;-499;7;119;-181;
515840537;8;-3;-131;-571;-492;-8;126;-169;
515841656;-12;56;-129;-566;-487;3;125;-189;
515842762;-15;17;-128;-561;-492;13;50;-171;
515843873;-8;5;-139;-577;-497;-3;136;-201;
515844993;32;140;-92;-527;-451;53;169;-153;
515846111;-7;16;-146;-576;-500;-5;135;-209;
515847205;-1;7;-127;-564;-484;3;130;-183;
515848312;-21;-6;-128;-589;-511;17;124;-206;
515849412;-4;0;-137;-573;-481;2;148;-193;
515850531;0;5;-116;-572;-493;0;158;-196;
515851640;-19;-4;-136;-593;-507;-2;130;-218;
515852742;0;6;-121;-569;-488;3;155;-220;
515853844;5;12;-137;-590;-503;-5;152;-232;
515854942;-21;0;-117;-582;-497;12;153;-230;
515856068;-18;9;-120;-574;-523;-6;158;-239;
515857175;-14;16;-100;-590;-502;-2;169;-232;
515858292;-17;9;-116;-602;-527;-9;189;-243;
515859400;-26;12;-120;-614;-532;-5;163;-242;
515860514;53;73;-38;-533;-453;60;243;-180;
515861624;-13;0;-109;-597;-522;-6;182;-261;
515862707;-9;-5;-98;-607;-570;-1;178;-249;
515863734;-9;-14;-114;-617;-522;4;178;-256;
515864764;-1;9;-100;-593;-524;10;193;-257;
515865795;-5;0;-93;-616;-509;7;200;-260;
515866864;-18;6;-94;-617;-526;2;188;-256;
515867903;-11;-2;-98;-625;-531;-1;192;-255;
515868958;-4;10;-99;-608;-518;0;200;-243;
515870019;-11;-3;-96;-621;-531;10;204;-249;
515871056;-1;-4;-83;-620;-533;-10;187;-252;
515872156;-9;-1;-86;-616;-526;7;210;-259;
515873265;-20;-5;-112;-629;-533;-12;197;-259;
515874377;-10;-15;-88;-625;-521;2;205;-455;
515875496;-16;-6;-89;-609;-512;3;216;-318;
515876610;-11;-13;-88;-620;-516;2;216;-323;
515877712;-7;-7;-91;-622;-521;7;-286;-510;
515878821;-2;-21;-242;-515;-449;1;84;-411;
515879888;-2;-7;-255;-460;-323;4;-326;-593;
515880917;-11;-12;-313;-398;-315;-8;-340;-588;
515881997;-2;-13;-325;-426;-300;-3;-337;-583;
515883024;-30;-29;-237;-489;-367;-5;-337;-594;
515884088;-24;-26;-299;-401;-296;-1;-336;-597;
515885137;-20;-16;-307;-450;-410;19;239;-371;
515886178;-12;-12;-80;-632;-541;-1;230;-362;
515887269;3;-12;-74;-615;-489;21;245;-332;
515888373;-15;-33;-93;-635;-567;2;212;-372;
515889511;-21;-17;-95;-636;-529;1;206;-355;
515890612;-15;-45;-90;-620;-533;-3;213;-368;
515891722;-21;-44;-113;-657;-543;-13;209;-369;
515892824;-30;-56;-98;-654;-549;6;224;-349;
515893913;-13;-63;-102;-632;-549;-20;208;-374;
515895020;-24;-51;-89;-601;-521;12;219;-340;
515896133;-51;-63;-103;-659;-542;-10;219;-355;
515897254;-2;-74;-78;-634;-531;20;272;-336;
515898362;-20;-64;-92;-666;-540;1;206;-356;
515899470;-23;-62;-89;-668;-531;10;232;-358;
515900564;-53;-63;-78;-652;-535;1;221;-342;
515901665;-14;-74;-89;-670;-541;2;233;-357;
515902755;-19;-94;-103;-653;-493;-4;218;-357;
515903851;-26;-82;-98;-664;-547;-9;205;-361;
515904956;-17;-96;-100;-654;-549;-6;216;-357;
515906073;-40;-98;-91;-635;-540;0;215;-352;
515907192;-8;-105;-101;-646;-549;-2;230;-345;
515908305;-16;-62;-104;-634;-546;-11;213;-348;
515909384;-13;-79;-108;-649;-546;-4;211;-354;
515910491;-29;-69;-120;-619;-537;7;218;-354;
515911591;-10;-60;-111;-619;-533;15;229;-351;
515912622;-27;-41;-115;-615;-544;1;218;-351;
515913652;-31;-41;-144;-624;-552;4;208;-363;
515914742;-35;140;-119;-612;-549;3;224;-354;
515915787;-20;-43;-140;-614;-524;1;250;-355;
515916845;-31;-28;-134;-622;-547;-3;208;-345;
515917906;-34;-59;-137;-632;-546;-13;205;-349;
515918943;6;-73;-106;-577;-501;31;247;-314;
515920014;-21;-55;-111;-597;-526;7;230;-342;
515921055;-23;-45;-128;-594;-540;5;237;-335;
515922100;-15;-45;-134;-600;-523;0;225;-351;
515923159;-7;-41;-135;-568;-509;17;216;-339;
515924245;-25;-58;-135;-601;-539;-1;229;-346;
515925361;-21;-58;-142;-567;-545;-19;232;-353;
515926486;-17;-84;-148;-599;-537;-9;216;-349;
515927575;-21;-73;-161;-592;-539;-4;218;-347;
515928686;-22;-50;-133;-577;-529;-1;224;-334;
515929793;-19;7;-132;-599;-538;4;230;-329;
515930888;-18;41;-148;-593;-530;-11;209;-322;
515932003;-31;-18;-132;-589;-530;10;231;-329;
515933098;-35;5;-157;-604;-539;-1;206;-341;
515934204;-17;23;-139;-586;-535;-10;274;-340;
515935315;-20;-4;-139;-584;-524;-2;212;-335;
515936452;-19;-7;-161;-602;-532;12;210;-344;
515937561;-10;-13;-136;-580;-529;12;219;-333;
515938665;-6;-10;-145;-584;-529;8;202;-340;
515939692;-17;-25;-152;-580;-517;0;216;-324;
515940719;0;-10;-150;-580;-506;-1;211;-327;
515941777;5;5;-140;-571;-523;13;224;-318;
515942859;-1;135;-118;-580;-515;0;207;-332;
515943904;8;24;-150;-579;-503;5;215;-330;
515944955;-5;46;-152;-584;-523;-7;214;-286;
515945982;10;21;-140;-588;-509;-7;211;-352;
515947082;11;6;-158;-576;-514;-3;209;-335;
515948181;9;-47;-139;-576;-506;-3;220;-322;
515949304;2;-72;-165;-584;-504;3;199;-344;
515950394;11;-27;-144;-481;-507;9;210;-331;
515951516;24;-19;-153;-568;-502;-3;214;-359;
515952626;38;17;-154;-577;-504;12;227;-335;
515953728;22;-2;-144;-573;-493;2;217;-324;
515954789;30;12;-138;-569;-485;0;248;-309;
515955825;32;134;-143;-572;-506;3;207;-326;
515956911;112;65;-75;-507;-417;74;281;-240;
515958016;22;-28;-151;-603;-528;-5;202;-332;
515959121;35;-17;-139;-585;-520;0;214;-314;
515960216;38;-7;-135;-591;-503;2;197;-323;
515961324;50;-15;-149;-599;-494;-2;205;-331;
515962424;22;-43;-136;-602;-506;0;199;-324;
515963553;50;-16;-142;-592;-487;0;187;-317;
515964666;55;-19;-111;-603;-499;6;199;-308;
515965768;40;11;-142;-624;-492;-11;196;-334;
515966863;53;21;-171;-612;-494;-5;196;-316;
515967969;58;26;-143;-584;-484;14;204;-314;
515969076;51;-2;-149;-592;-471;-1;200;-347;
515970170;31;-1;-135;-593;-490;-1;205;-312;
515971261;69;40;-132;-589;-514;5;207;-309;
515972371;34;15;-145;-604;-485;-8;207;-320;
515973476;62;18;-147;-603;-478;-3;204;-312;
515974504;70;26;-150;-605;-492;-5;224;-316;
515975532;81;24;-143;-608;-473;-14;192;-314;
515976594;75;71;-154;-596;-477;0;203;-318;
515977649;86;76;-116;-584;-454;41;232;-281;
515978689;66;27;-131;-603;-466;6;205;-306;
515979718;68;50;-134;-595;-468;0;204;-297;
515980780;62;27;-136;-615;-486;11;199;-315;
515981832;55;46;-129;-615;-470;-7;201;-313;
515982907;73;53;-127;-602;-468;4;203;-308;
515984037;62;38;-142;-652;-473;-12;202;-320;
515985138;64;45;-121;-620;-471;3;192;-314;
515986246;63;38;-121;-602;-464;0;208;-312;
515987356;55;39;-128;-579;-460;12;205;-293;
515988471;74;48;-124;-611;-474;-5;188;-301;
515989583;65;47;-134;-613;-478;3;202;-298;
515990684;64;63;-128;-617;-480;2;200;-307;
515991793;50;52;-132;-632;-464;0;207;-305;
515992861;17;33;-129;-607;-467;12;203;-298;
515993890;37;37;-131;-616;-465;5;204;-303;
515994926;44;63;-103;-619;-460;13;206;-288;
515995959;42;28;-135;-635;-474;-9;189;-306;
515996994;43;51;-116;-617;-459;-3;188;-297;
515998049;27;33;-146;-598;-483;-14;179;-312;
515999165;32;52;-121;-622;-461;9;198;-292;
516000274;38;53;-130;-620;-473;-76;189;-309;
516001389;27;35;-121;-618;-474;-5;201;-293;
516002508;21;47;-122;-614;-456;14;193;-289;
516003614;6;37;-127;-621;-459;2;177;-301;
516004661;5;43;-116;-618;-460;1;207;-297;
516005743;9;58;-116;-618;-464;16;206;-288;
516006859;11;40;-122;-616;-459;7;188;-298;
516007920;22;49;-113;-628;-460;5;258;-286;
516008978;18;50;-117;-611;-460;81;192;-297;
516010036;-8;27;-148;-585;-489;-16;180;-308;
516011068;30;35;-116;-616;-454;21;206;-288;
516012155;-5;21;-117;-619;-464;-5;197;-291;
516013256;35;31;-104;-606;-456;24;210;-281;
516014364;15;8;-139;-628;-469;-10;190;-298;
516015470;28;17;-116;-618;-455;-7;182;-286;
516016568;36;50;-114;-612;-451;20;194;-293;
516017619;17;21;-119;-625;-463;-2;186;-290;
516018654;33;29;-132;-621;-455;2;198;-282;
516019681;34;18;-111;-638;-441;-3;198;-284;
516020750;25;42;-82;-610;-447;11;201;-279;
516021803;5;10;-115;-687;-463;-11;196;-243;
516022858;32;18;-96;-643;-458;-2;196;-287;
516023905;26;1;-115;-650;-469;-8;184;-293;
516024970;60;18;-104;-640;-460;-3;187;-285;
516026065;54;-11;-124;-657;-478;-11;192;-287;
516027181;54;17;-105;-632;-463;-8;207;-285;
516028282;54;26;-91;-639;-459;1;204;-284;
516029392;10;7;-101;-649;-490;0;177;-287;
516030506;54;12;-108;-628;-464;-5;201;-285;
516031629;62;15;-89;-653;-454;-6;194;-277;
516032731;69;16;-92;-646;-469;1;199;-275;
516033839;70;20;-110;-648;-454;7;187;-287;
516034938;55;10;-114;-656;-466;-74;181;-287;
516035977;49;8;-110;-649;-470;4;192;-276;
516037069;70;14;-101;-639;-466;0;121;-278;
516038098;49;3;-100;-648;-451;4;198;-263;
516039178;78;26;-103;-645;-458;5;204;-267;
516040278;52;26;-106;-656;-459;-9;172;-282;
516041398;38;-5;-119;-660;-464;-24;175;-279;
516042517;63;16;-103;-648;-456;1;206;-269;
516043628;44;17;-101;-647;-447;5;188;-261;
516044741;48;12;-99;-682;-459;-4;204;-280;
516045839;51;13;-95;-645;-455;0;202;-268;
516046960;46;7;-109;-659;-468;-10;201;-284;
516048071;35;4;-102;-657;-473;-15;186;-270;
516049185;49;15;-99;-644;-443;12;204;-269;
516050308;47;26;-85;-644;-455;10;190;-282;
516051412;70;16;-97;-651;-451;15;291;-265;
516052525;44;12;-94;-669;-468;0;188;-262;
516053639;46;11;-95;-645;-464;-6;177;-258;
516054732;17;13;-102;-597;-440;0;173;-270;
516055838;46;21;-99;-660;-450;4;185;-266;
516056975;48;21;-95;-647;-450;4;195;-270;
516058098;8;-15;-128;-686;-497;-44;152;-301;
516059202;20;-4;-120;-683;-464;-16;156;-282;
516060309;27;10;-112;-659;-477;-11;180;-283;
516061442;47;19;-95;-652;-463;-8;177;-258;
516062549;48;9;-102;-647;-462;-2;195;-262;
516063582;44;19;-89;-643;-449;6;185;-257;
516064666;42;11;-105;-658;-453;23;188;-267;
516065735;33;11;-91;-646;-445;-5;182;-266;
516066789;43;19;-102;-647;-460;-7;176;-270;
516067827;47;30;-92;-679;-433;5;207;-254;
516068883;30;30;-94;-663;-447;-2;189;-272;
516069921;33;9;-104;-661;-453;-5;178;-270;
516071015;37;-20;-93;-658;-460;-3;178;-273;
516072139;38;14;-133;-668;-445;6;184;-288;
516073243;46;21;-91;-576;-491;0;183;-266;
516074339;42;21;-101;-657;-459;15;185;-260;
516075439;39;22;-103;-657;-452;3;193;-266;
516076547;38;26;-220;-662;-464;-1;188;-263;
516077642;39;25;-80;-648;-453;-1;205;-266;
516078756;31;21;-95;-645;-453;11;186;-307;
516079866;32;20;-100;-670;-473;7;189;-275;
516080972;27;26;-98;-657;-452;5;191;-261;
516082077;34;20;-99;-669;-462;2;176;-271;
516083194;3;11;-110;-667;-477;-11;170;-270;
516084298;38;31;-91;-664;-451;3;183;-269;
516085380;32;33;-99;-653;-465;-6;175;-237;
516086475;15;6;-103;-673;-467;-13;180;-269;
516087603;3;-15;-122;-667;-475;-21;168;-290;
516088720;17;25;-105;-653;-443;4;182;-262;
516089824;40;28;-97;-656;-425;-1;188;-267;
516090923;14;10;-106;-667;-460;-16;170;-277;
516092035;37;26;-94;-656;-441;0;190;-265;
516093127;21;11;-96;-644;-452;-2;180;-274;
516094240;24;8;-98;-669;-461;-1;199;-270;
516095329;13;13;-101;-669;-466;-13;173;-270;
516096463;21;30;-94;-646;-444;5;187;-257;
516097567;25;13;-84;-660;-465;20;195;-266;
516098678;18;15;-95;-668;-449;6;181;-257;
516099795;12;8;-81;-661;-469;-34;180;-256;
516100895;23;28;-93;-657;-411;4;196;-272;
516102013;38;33;-85;-632;-444;9;197;-257;
516103114;21;6;-88;-667;-455;-8;192;-261;
516104218;43;33;-55;-632;-438;22;210;-235;
516105304;13;16;-88;-669;-449;-11;203;-266;
516106401;25;25;-84;-670;-463;3;188;-263;
516107520;24;6;-108;-670;-468;-13;167;-271;
516108645;-26;16;-85;-643;-449;11;188;-254;
516109740;25;19;-79;-668;-456;2;184;-255;
516110850;7;21;-82;-675;-469;-4;176;-253;
516111946;32;17;-77;-648;-460;3;194;-245;
516113051;14;14;-102;-683;-467;2;174;-293;
516114152;17;13;-87;-677;-465;-7;181;-272;
516115260;33;8;-82;-671;-453;-1;199;-262;
516116375;3;-7;-84;-667;-453;-5;179;-251;
516117486;20;18;-87;-676;-454;-3;173;-262;
516118605;9;-6;-75;-676;-460;3;182;-263;
516119705;25;5;-90;-673;-459;-7;178;-256;
516120793;-28;-47;-129;-726;-508;-52;134;-288;
516121887;26;16;-70;-678;-462;-1;190;-249;
516122986;133;2;-86;-681;-473;2;173;-268;
516124077;17;13;-78;-674;-464;-2;179;-252;
516125196;26;5;-69;-618;-472;0;186;-253;
516126312;8;3;-95;-684;-469;-5;171;-255;
516127407;5;15;-67;-669;-459;6;182;-245;
516128523;1;6;-65;-684;-505;-3;169;-271;
516129611;12;21;-55;-666;-453;2;208;-253;
516130721;11;4;-82;-673;-465;-26;181;-257;
516131824;-42;8;-89;-671;-466;-12;177;-252;
516132913;20;13;-68;-681;-473;-1;199;-261;
516134017;-1;-1;-106;-686;-480;-17;167;-271;
516135137;12;17;-80;-676;-467;4;184;-261;
516136247;17;13;-82;-679;-472;-5;188;-253;
516137335;11;0;-87;-689;-481;0;176;-263;
516138450;-3;8;-83;-692;-473;-7;171;-262;
516139482;6;1;-89;-696;-484;0;178;-265;
516140509;9;-4;-74;-685;-482;-8;179;-263;
516141545;-7;9;-81;-691;-472;-7;167;-265;
516142582;16;11;-86;-678;-469;1;181;-257;
516143608;16;31;-71;-670;-469;11;202;-259;
516144644;0;8;-71;-692;-473;-9;172;-262;
516145688;18;17;-75;-671;-465;22;191;-239;
516146724;21;15;-72;-668;-473;14;186;-244;
516147762;24;5;-83;-682;-469;-3;188;-262;
516148797;14;12;-76;-669;-463;10;189;-260;
516149830;14;4;-89;-673;-465;-2;177;-259;
516150940;16;-1;-89;-680;-472;0;181;-266;
516151975;24;14;-77;-681;-457;3;179;-260;
516152997;17;15;-71;-662;-462;2;185;-248;
516154027;7;6;-90;-687;-455;32;174;-245;
516155071;15;27;-84;-670;-464;1;187;-254;
516156125;17;23;-73;-663;-456;2;193;-245;
516157164;17;11;-83;-659;-469;-2;186;-256;
516158249;29;25;-79;-672;-458;5;182;-260;
516159282;-3;-1;-94;-684;-482;-13;166;-266;
516160345;4;6;-92;-689;-484;-14;176;-269;
516161462;13;5;-78;-661;-452;0;182;-259;
516162583;9;-17;-99;-688;-481;-4;156;-261;
516163679;26;15;-70;-668;-459;21;174;-247;
516164786;23;2;-73;-668;-469;-3;166;-260;
516165884;8;11;-94;-674;-467;0;175;-262;
516166975;12;17;-85;-678;-459;13;191;-265;
516168091;25;17;-89;-669;-461;21;185;-259;
516169199;26;24;-76;-662;-462;11;181;-244;
516170234;41;34;-53;-641;-446;22;201;-226;
516171277;17;33;-83;-666;-460;2;165;-248;
516172394;2;-2;-100;-679;-479;-12;164;-267;
516173535;26;25;-77;-661;-464;45;189;-249;
516174648;14;6;-89;-681;-475;16;169;-268;
516175749;17;8;-96;-676;-448;5;172;-262;
516176858;12;12;-74;-668;-469;-6;178;-255;
516177943;-9;-19;-102;-688;-492;-13;155;-304;
516179051;14;14;-74;-674;-473;-5;177;-262;
516180143;32;26;-77;-660;-455;1;185;-255;
516181254;26;23;-64;-669;-446;12;180;-242;
516182342;12;14;-86;-656;-464;12;181;-260;
516183444;16;14;-84;-668;-456;5;185;-257;
516184545;32;9;-65;-669;-464;-16;179;-269;
516185651;6;16;-93;-667;-471;-9;172;-254;
516186760;16;7;-100;-676;-534;-5;174;-255;
516187858;5;-2;-95;-677;-470;-7;175;-264;
516188990;22;3;-78;-662;-459;0;189;-253;
516190086;17;9;-81;-675;-473;-8;172;-269;
516191200;-1;4;-71;-671;-480;-6;183;-265;
516192311;7;6;-89;-677;-474;-3;165;-261;
516193449;-12;-1;-105;-686;-473;-18;168;-274;
516194546;7;4;-95;-669;-467;4;173;-278;
516195654;14;26;-66;-673;-467;5;176;-256;
516196770;8;13;21;-674;-469;10;176;-265;
516197870;1;5;-91;-674;-485;-8;169;-269;
516198984;-4;11;-92;-678;-474;0;165;-275;
516200081;17;7;-81;-663;-461;-4;164;-261;
516201198;10;15;-85;-671;-457;-10;171;-259;
516202310;6;23;-83;-666;-458;0;171;-254;
516203401;22;27;-89;-662;-471;0;181;-255;
516204523;14;8;-89;-691;-468;10;176;-274;
516205639;31;10;-70;-658;-455;-7;191;-250;
516206746;8;39;-95;-675;-456;12;168;-257;
516207838;17;10;-84;-676;-468;6;184;-264;
516208925;13;13;-69;-657;-466;6;171;-156;
516210027;9;-3;-81;-671;-466;10;177;-268;
516211133;6;-26;-80;-673;-439;-3;181;-266;
516212231;5;12;-87;-674;-467;-2;169;-257;
516213340;14;11;-74;-672;-457;2;188;-266;
516214458;8;13;-88;-666;-462;5;179;-263;
516215560;1;-7;-104;-680;-460;-9;169;-263;
516216669;19;5;-100;-669;-458;-1;180;-253;
516217778;5;6;-73;-670;-465;4;188;-260;
516218874;6;10;-96;-674;-470;-5;160;-263;
516219985;19;7;-73;-662;-450;-3;185;-257;
516221089;11;0;-86;-668;-464;11;180;-244;
516222188;4;16;-95;-677;-467;4;181;-253;
516223301;12;26;-90;-660;-458;5;177;-255;
516224387;3;1;-81;-680;-472;-6;147;-265;
516225504;18;16;-84;-671;-465;-1;172;-266;
516226570;19;10;-84;-660;-469;4;186;-254;
516227629;13;-28;-71;-660;-453;14;186;-251;
516228660;-8;4;-87;-681;-473;0;164;-272;
516229687;8;-12;-67;-662;-450;17;177;-253;
516230719;8;10;-92;-677;-464;-21;167;-262;
516231798;-9;-10;-98;-684;-475;5;158;-276;
516232928;20;-1;-83;-677;-512;-9;164;-264;
516234021;-2;0;-88;-679;-469;4;167;-262;
516235130;3;7;-85;-669;-464;-1;166;-257;
516236219;-5;-3;-86;-676;-481;-6;175;-263;
516237314;3;4;-93;-676;-469;3;177;-263;
516238417;-3;4;-93;-665;-472;-3;183;-269;
516239504;4;17;-86;-686;-474;-8;171;-344;
516240584;-8;-6;-120;-672;-475;-11;162;-271;
516241702;-5;14;-87;-676;-477;-3;169;-266;
516242797;0;1;-85;-683;-469;-9;167;-272;
516243897;-2;13;-85;-672;-460;5;173;-265;
516244998;-9;12;-96;-692;-471;-19;168;-256;
516246100;14;21;-79;-648;-455;25;191;-308;
516247200;11;-1;-74;-660;-463;3;180;-264;
516248291;10;13;-76;-660;-432;4;176;-253;
516249375;13;10;-78;-674;-455;11;182;-261;
516250483;21;14;-81;-670;-460;14;137;-250;
516251580;-5;-9;-87;-680;-468;11;174;-267;
516252700;10;14;-73;-663;-459;10;172;-248;
516253804;-3;0;-77;-678;-473;-8;178;-266;
516254911;22;26;-80;-667;-463;1;173;-256;
516256009;11;16;-77;-680;-452;0;181;-261;
516257112;6;16;-73;-665;-458;13;171;-265;
516258235;21;7;-73;-666;-462;0;210;-279;
516259338;11;12;-64;-670;-458;13;169;-260;
516260423;47;31;-59;-638;-430;21;203;-232;
516261493;10;13;-88;-665;-462;2;146;-263;
516262619;32;27;-65;-659;-445;19;197;-245;
516263736;5;14;-84;-670;-459;17;184;-234;
516264837;20;0;-76;-674;-462;30;177;-270;
516265944;9;-3;-82;-674;-472;-2;170;-269;
516267065;16;4;-86;-679;-459;-3;158;-268;
516268165;19;-36;-80;-672;-462;-4;176;-262;
516269206;9;14;-89;-672;-465;5;148;-258;
516270238;24;13;-86;-658;-454;6;172;-269;
516271337;-1;-9;-86;-677;-468;-4;158;-270;
516272414;7;-5;-89;-677;-470;0;175;-264;
516273465;17;5;-81;-677;-440;5;181;-272;
516274542;14;15;-77;-664;-448;0;179;-271;
516275575;2;5;-72;-658;-456;11;181;-269;
516276603;-4;16;-82;-672;-450;-5;166;-265;
516277643;4;13;-80;-671;-460;-2;172;-267;
516278685;-3;7;-84;-676;-471;-8;167;-273;
516279717;4;7;-90;-669;-472;-16;172;-266;
516280753;11;12;-78;-672;-462;-2;178;-265;
516281835;1;1;-80;-678;-453;6;165;-267;
516282955;9;11;-78;-676;-465;34;173;-274;
516284050;9;8;-81;-669;-442;-14;164;-274;
516285147;-9;-5;-77;-664;-470;-5;168;-278;
516286260;0;11;-78;-666;-466;4;189;-270;
516287364;-4;7;-85;-638;-458;4;171;-245;
516288411;4;12;-71;-691;-464;7;171;-266;
516289509;0;-3;-81;-676;-462;6;179;-264;
516290544;9;0;-74;-660;-450;5;207;-278;
516291580;-1;3;-84;-676;-470;0;174;-259;
516292615;-32;-21;-116;-709;-491;-29;139;-297;
516293654;-10;21;-83;-667;-452;0;179;-260;
516294688;18;13;-77;-670;-450;5;181;-255;
516295718;15;7;-75;-663;-466;1;166;-260;
516296790;6;11;-79;-672;-453;4;171;-275;
516297833;-17;-8;-96;-688;-464;-21;151;-284;
516298878;0;10;-82;-673;-465;9;169;-259;
516299990;-20;12;-78;-684;-468;-12;167;-196;
516301100;-1;7;-82;-678;-467;13;160;-268;
516302209;-5;2;-91;-687;-467;-2;175;-279;
516303307;-16;-10;-89;-673;-489;-16;164;-268;
516304394;-10;3;-73;-671;-469;-10;163;-276;
516305522;4;16;-79;-673;-469;-7;178;-273;
516306558;15;21;-78;-672;-465;2;170;-267;
516307587;37;-16;-96;-675;-464;-17;150;-276;
516308687;-6;4;-80;-680;-457;-9;150;-261;
516309781;12;5;-78;-682;-456;-5;167;-267;
516310817;-13;-13;-101;-684;-469;-4;167;-266;
516311888;-17;-12;-98;-671;-463;-4;170;-270;
516312908;1;0;-84;-675;-457;-5;169;-265;
516313934;-8;-42;-78;-659;-448;15;166;-266;
516314956;-8;18;-72;-670;-466;-5;170;-294;
516315980;1;5;-78;-671;-448;14;182;-268;
516317003;-6;0;-96;-673;-447;-7;162;-274;
516318026;1;0;-78;-673;-446;6;174;-258;
516319047;41;44;-35;-619;-410;54;215;-216;
516320067;12;-3;-82;-660;-453;7;178;-260;
516321091;0;2;-63;-716;-456;9;172;-269;
516322129;-5;14;-84;-663;-460;114;172;-261;
516323180;1;24;-77;-732;-443;1;165;-261;
516324203;14;8;-68;-662;-457;13;166;-255;
516325233;2;-3;-88;-681;-451;-1;159;-267;
516326261;-2;-7;-88;-677;-471;-6;153;-227;
516327295;0;8;-77;-664;-461;5;180;-261;
516328363;-15;7;-72;-659;-462;12;174;-185;
516329401;2;9;-73;-677;-458;6;176;-265;
516330423;-9;-9;-89;-684;-467;-11;146;-272;
516331452;-6;1;-90;-687;-460;-7;152;-271;
516332472;11;19;-60;-662;-452;5;169;-257;
516333494;-10;-12;-98;-691;-478;-9;149;-280;
516334520;48;-1;-83;-677;-464;-3;167;-265;
516335544;4;31;-73;-665;-460;3;177;-256;
516336567;6;1;-77;-671;-458;14;163;-267;
516337597;55;55;-25;-621;-415;55;225;-204;
516338618;-2;10;-71;-662;-460;-2;158;-260;
516343063;-4;6;-72;-672;-467;7;170;-261;
516344158;-3;-3;-78;-672;-461;-1;164;-260;
516345268;17;-2;-83;-672;-444;8;160;-259;
516346392;0;5;-80;-685;-470;-6;163;-268;
516347441;19;2;-75;-669;-462;5;176;-260;
516348462;-2;-1;-89;-689;-463;-3;162;-263;
516349490;3;5;17;-674;-472;2;168;-272;
516350513;-16;-13;-91;-687;-470;-11;155;-273;
516351533;2;1;-72;-643;-458;22;170;-255;
516352554;16;6;-67;-669;-449;13;185;-250;
516353574;-4;4;-82;-700;-474;13;165;-264;
516354606;47;3;-77;-670;-454;13;170;-255;
516355638;4;0;-77;-674;-465;3;154;-262;
516356663;6;-3;-81;-683;-472;3;167;-263;
516357693;-62;-7;-85;-679;-465;-13;158;-265;
516358723;2;-2;-72;-670;-450;8;173;-253;
516359752;-7;10;-74;-675;-459;9;166;-257;
516360863;-10;-23;-70;-687;-477;-10;156;-270;
516361977;17;26;-61;-651;-447;-11;189;-241;
516363078;0;-3;-82;-677;-465;-3;163;-264;
516364182;0;11;-77;-670;-447;5;167;-255;
516365281;5;1;-77;-672;-460;13;171;-244;
516366301;-5;-5;-67;-676;-469;-5;137;-260;
516367320;-3;24;-71;-678;-464;-89;164;-259;
516368342;63;64;-18;-623;-408;56;217;-210;
516369363;7;0;-62;-666;-456;8;173;-253;
516370390;4;1;-69;-682;-467;-4;166;-252;
516371417;1;3;-63;-688;-464;-9;135;-265;
516372447;-11;-5;-92;-701;-439;-15;154;-271;
516373476;-13;-20;-89;-695;-463;1;166;-257;
516374502;-17;-13;-87;-679;-466;-17;156;-271;
516375528;5;-1;-57;-668;-461;16;167;-257;
516376556;-13;-7;-87;-696;-477;-11;161;-268;
516377585;0;1;-66;-684;-464;13;175;-244;
516378609;5;-1;-66;-684;-468;0;161;-257;
516379639;5;-2;-71;-679;-450;5;157;-250;
516380703;-20;-11;-80;-682;-463;10;156;-265;
516381794;0;8;-72;-683;-468;1;160;-266;
516382860;6;6;-68;-683;-467;11;166;-247;
516383909;1;-10;-73;-684;-458;-6;160;-265;
516384975;-5;-13;-72;-686;-474;-4;162;-265;
516385993;1;-2;-51;-680;-460;-7;181;-258;
516387079;2;5;-66;-684;-464;6;167;-244;
516388106;-4;-1;-74;-681;-461;0;158;-261;
516389134;-5;-3;-77;-694;-465;1;150;-270;
516390163;-3;-10;-73;-689;-469;0;155;-263;
516391194;0;0;-77;-680;-450;0;175;-260;
516392277;13;5;-67;-673;-458;0;157;-271;
516393397;-4;5;-68;-682;-475;1;156;-379;
516394509;-10;-13;-83;-682;-463;-10;155;-269;
516395609;7;-7;-88;-690;-467;-12;168;-260;
516396641;-2;-6;-68;-676;-465;-5;161;-262;
516397660;-9;-38;-71;-689;-465;0;157;-262;
516398683;0;-23;-76;-686;-452;5;164;-246;
516399704;2;2;-64;-677;-462;7;163;-255;
516400725;-6;1;-75;-671;-468;1;157;-244;
516401762;0;5;-66;-687;-460;9;158;-247;
516402799;-6;-9;-87;-684;-465;-15;158;-259;
516403835;-7;1;-71;-674;-464;3;162;-250;
516404865;-1;1;-75;-671;-456;12;166;-250;
516405899;-2;-4;-77;-681;-460;-1;162;-244;
516406933;6;7;-57;-669;-448;7;183;-238;
516407957;2;-1;-79;-681;-454;8;161;-241;
516408984;0;-4;-66;-679;-464;-7;158;-257;
516410006;-10;-10;-78;-690;-470;-9;146;-267;
516411027;-16;-14;-84;-701;-478;-5;167;-250;
516412049;-7;6;-77;-696;-473;-38;150;-295;
516413071;-9;-9;-76;-677;-457;-5;159;-252;
516414094;-13;-4;-75;-697;-473;-9;172;-274;
516415116;8;1;-74;-686;-460;0;166;-250;
516416138;-13;-10;-77;-686;-484;-6;156;-263;
516417159;-4;-7;-77;-691;-456;0;167;-283;
516418189;-30;-13;-99;-690;-485;-16;141;-269;
516419214;12;6;-58;-666;-454;15;171;-243;
516420249;-11;-10;-82;-691;-474;-2;153;-257;
516421283;17;1;-67;-675;-455;5;162;-230;
516422324;-3;-4;-74;-679;-466;3;164;-244;
516423352;-7;-7;-72;-691;-467;-5;154;-241;
516424383;-5;-5;-74;-690;-467;-2;156;-258;
516425407;-11;-8;-80;-694;-474;10;156;-256;
516426437;-5;-8;-79;-704;-479;-19;159;-259;
516427461;-16;-8;-82;-696;-479;-12;147;-267;
516428493;-8;7;-69;-676;-462;-6;151;-251;
516498744;-7;0;-53;-700;-471;-8;152;-231;
516499848;15;-1;-49;-691;-466;2;171;-222;
516500940;-17;-18;-57;-753;-479;12;165;-237;
516502047;-3;-3;-59;-686;-473;-3;156;-235;
516503076;-7;-5;-65;-710;-486;-6;-56;-258;
516504109;4;6;-77;-694;-431;5;-73;-265;
516505141;0;2;-66;-669;-442;-2;-70;-259;
516506171;-11;0;-71;-680;-434;10;-77;-256;
516507206;-5;1;-150;-667;-445;7;-74;-257;
516508244;-4;4;-86;-680;-442;4;-67;-253;
516509310;-2;1;-69;-672;-458;5;-85;-246;
516510390;-11;17;-72;-681;-440;5;-77;-235;
516511440;2;-3;-79;-669;-442;-7;-77;-282;
516512469;-8;3;-75;-670;-442;-7;-65;-242;
516513538;-4;0;-61;-677;-414;0;-66;-239;
516514577;-10;-1;-73;-683;-451;0;-71;-252;
516515607;-21;-25;-176;-550;-297;-11;-250;-422;
516516668;-11;4;-193;-520;-372;8;-203;-408;
516517771;-8;-67;-207;-496;-274;13;-117;-270;
516518885;-6;9;-189;-500;-272;9;-259;-433;
516519992;4;-16;-186;-497;-277;-6;-247;-398;
516521099;-9;-2;-143;-492;-281;-2;-258;-434;
516522200;-22;-27;-170;-524;-302;-3;-232;-398;
516523252;-4;5;-50;-666;-434;2;-49;-229;
516524283;-3;0;-33;-682;-444;12;-52;-223;
516525309;0;-25;-42;-682;-458;9;-62;-232;
516526338;-5;-7;-41;-667;-440;14;-59;-245;
516527373;6;-2;-53;-675;-442;-4;-70;-220;
516528410;-40;-37;-89;-719;-487;-24;-82;-250;
516529447;0;1;-49;-691;-440;5;-45;-220;
516530478;-55;-9;-94;-567;-323;7;-224;-404;
516531516;27;-8;-122;-520;-288;-5;-237;-421;
516532550;-20;-6;-113;-512;-298;-1;-236;-429;
516533579;-1;0;-104;-526;-276;-1;-223;-415;
516534614;-14;15;-68;-502;-276;0;-218;-348;
516535644;-16;6;-4;-692;-475;5;-18;-198;
516536689;-7;-15;-30;-712;-492;10;-32;-168;
516537772;-10;-8;-22;-730;-510;-8;-41;-193;
516538801;0;-6;-53;-612;-392;9;-83;-297;
516539839;-13;-14;-73;-587;-349;-58;-192;-352;
516540879;-24;-14;-55;-622;-452;-19;-41;-195;
516541927;-18;-20;-30;-734;-505;-6;-59;-237;
516542951;0;4;-34;-602;-393;10;-112;-245;
516543988;2;-3;-59;-667;-402;3;-155;-298;
516545015;14;25;-52;-523;-299;25;-179;-328;
516546099;-6;-6;-22;-748;-533;8;-9;-263;
516547129;3;-20;-66;-554;-329;6;-202;-388;
516548168;-16;1;-36;-734;-489;-6;-29;-206;
516549198;6;-9;-25;-679;-507;-9;-49;-281;
516550228;-105;-8;-59;-563;-339;6;-220;-399;
516551265;-7;0;-68;-556;-339;0;-225;-421;
516552293;-23;-39;-54;-554;-350;7;-248;-435;
516553325;-21;-15;-43;-563;-340;5;-233;-424;
516554350;-22;-24;-41;-588;-358;-3;-255;-433;
516555387;-20;9;-21;-780;-551;10;-56;-229;
516578447;-12;-29;46;-220;-747;7;-55;-159;
516579569;-24;-33;27;-239;-758;82;-53;-183;
516580664;-41;-63;-8;-259;-774;-39;-104;-230;
516581773;-9;-12;34;-220;-738;-64;-48;-223;
516582881;-29;-50;18;-236;-691;-126;-80;-219;
516583988;-17;-17;27;-190;-681;-52;-74;-200;
516585016;-32;-38;26;-234;-707;-12;-71;-153;
516586060;-33;-35;16;-241;-705;-9;-52;-229;
516587089;-23;-20;40;-230;-709;1;2;-173;
516588122;-31;-39;17;-225;-735;-6;-57;-199;
516589150;-19;-29;34;-224;-740;-4;-59;-184;
516590193;-35;-57;20;-246;-777;-30;-27;-187;
516591286;-25;-47;29;-312;-760;-14;-4;-176;
516592318;-25;-30;45;-205;-732;3;-41;-170;
516593352;-20;-34;28;-233;-734;-9;-70;-179;
516594388;-28;-36;34;-244;-725;-5;-63;-180;
516595454;-23;-29;47;-229;-734;1;-62;-178;
516596531;-18;-31;37;-240;-722;3;-63;-284;
516597559;-18;-33;44;-236;-708;1;-78;-189;
516598585;5;-22;37;-217;-719;8;-25;-163;
516599663;3;-25;36;-223;-731;-3;50;-149;
516600707;17;-28;44;-244;-730;-15;-43;-183;
516601752;35;-12;73;-210;-709;19;-32;-149;
516602875;9;-39;36;-226;-729;3;-43;-166;
516603983;1;-24;51;-201;-729;11;-52;-118;
516605111;0;-30;46;-197;-726;3;27;-151;
516606221;-23;-30;42;-196;-738;1;23;-150;
516607280;-29;-25;54;-190;-747;9;91;-131;
516608319;-46;-46;45;-180;-745;-4;-44;-154;
516609353;-43;-26;50;-170;-724;-5;14;-130;
516610384;-48;-36;57;-179;-636;-3;-12;-127;
516611417;-81;-52;35;-182;-751;-15;-54;-149;
516612443;-70;-42;67;-155;-742;14;-44;-136;
516613475;-98;-58;49;-196;-753;-17;-58;-153;
516614504;-82;-44;47;-159;-725;-5;-41;-138;
516615533;-87;-54;44;-189;-754;-8;-36;-134;
516616570;-83;-54;65;-188;-756;-6;-44;-134;
516617598;-95;-54;56;-185;-759;-7;-41;-26;
516618627;-108;-42;69;-189;-756;-3;-39;-125;
516619655;-90;-40;80;-177;-743;8;-26;-105;
516620690;-98;-38;78;-191;-752;-10;-33;-116;
516621715;-102;-34;80;-190;-751;0;-35;-116;
516622750;-113;-38;97;-186;-743;12;-26;-123;
516623785;-323;20;-22;193;-729;3;-37;-116;
516624820;-134;-59;80;-177;-894;-40;-69;-146;
516625849;-20;-75;97;-196;-754;-1;-39;-166;
516626889;-121;-68;76;-147;-734;7;72;-96;
516627919;-163;-58;36;-150;-761;-28;-32;-124;
516628949;-128;-29;50;-62;-753;12;-16;-103;
516629973;-37;-22;44;-143;-769;-3;-33;-104;
516630996;-16;-28;42;-129;-748;-2;-29;-116;
516632037;18;-58;66;-219;-680;1;-22;-127;
516633063;-16;-65;39;-332;-631;0;-60;-163;
516634099;-50;-13;-3;-513;-615;4;-86;-166;
516635133;-128;-130;-42;-620;-687;-84;-155;-244;
516636168;-25;-65;22;-493;-579;-6;-77;-178;
516637206;-33;-74;38;-496;-488;-1;-110;-189;
516638292;-72;-48;15;-659;-477;-15;-110;-192;
516639356;-49;-33;46;-577;-439;-2;-88;-159;
516666612;-45;-36;-71;-595;-473;3;123;-169;
516667710;-56;-40;-80;-612;-484;10;134;-164;
516668811;-42;-33;-78;-618;-490;11;96;-170;
516669893;-42;-27;-74;-619;-502;0;133;-178;
516670920;-42;-27;-78;-548;-488;0;137;-167;
516672005;-47;-45;-90;-628;-514;-17;117;-186;
516673083;-40;-30;-80;-619;-507;-1;132;-167;
516674123;-42;-24;10;-616;-484;10;140;-180;
516675157;-27;0;-52;-593;-465;30;163;-147;
516676183;-46;-30;-90;-623;-498;-10;120;-172;
516677219;-41;-29;-84;-640;-515;-115;130;-182;
516678248;-27;-27;-82;-621;-490;0;137;-132;
516679283;-42;-42;-102;-632;-510;-41;117;-193;
516680314;-30;-25;-90;-615;-499;-1;129;-159;
516681347;-31;-23;-88;-621;-507;0;136;-164;
516682380;-43;-33;-98;-619;-513;-21;127;-183;
516683410;-34;-27;-89;-514;-492;8;131;-170;
516684449;-2;14;-61;-583;-461;39;33;-162;
516685479;-2;-23;-105;-616;-500;-4;133;-181;
516686534;-36;-25;-103;-620;-487;-2;56;-182;
516687602;-25;-49;-108;-526;-478;11;-66;-220;
516688626;-39;-21;-112;-597;-497;7;-84;-226;
516689657;-29;-26;-117;-603;-480;4;-57;-194;
516690690;-26;-29;-115;-602;-457;15;-73;-186;
516691715;-36;-28;-103;-601;-471;5;-77;-201;
516692750;-9;13;-100;-606;-476;8;94;-180;
516693797;-16;-20;-113;-614;-464;-12;-69;-192;
516694824;-19;-35;-113;-600;-477;-36;-72;-198;
516695861;-1;-65;-111;-604;-479;-1;-100;-209;
516696931;-19;-25;-106;-593;-509;12;-64;-203;
516697992;-18;-24;-98;-599;-434;11;-75;-192;
516699032;-57;-49;-96;-617;-505;-24;-102;-244;
516700116;-23;-21;-99;-593;-460;13;-67;-184;
516701150;-24;-29;-103;-614;-476;0;143;-186;
516702229;-23;-50;-35;-615;-487;-3;-13;-196;
516710466;-26;-28;-92;-621;-485;0;-78;-223;
516711555;-32;-32;-5;-612;-490;-6;-45;-203;
516712649;-30;-28;-91;-627;-513;2;75;-181;
516713773;-20;-36;-64;-636;-502;6;132;-169;
516714885;-19;-23;-2;-634;-519;2;127;-156;
516716008;-22;-27;-77;-641;-515;7;133;-285;
516717107;-18;-24;-73;-646;-523;-2;141;-184;
516718225;-19;-34;-82;-626;-527;1;133;-179;
516719334;-19;-33;-71;-637;-526;0;141;-183;
516720443;-18;-39;-75;-624;-523;4;132;-176;
516721575;-25;-38;-85;-653;-524;-15;118;-183;
516722677;-34;-47;-76;-649;-525;-11;133;-198;
516723776;-14;-26;-74;-637;-518;0;129;-172;
516724894;11;-28;-65;-598;-492;8;153;-154;
516725996;-35;-59;-83;-653;-529;-5;118;-180;
516727110;-30;-59;-69;-622;-521;1;127;-177;
516728226;-22;-22;-91;-635;-538;24;115;-184;
516729332;-16;-70;-70;-622;-519;-24;149;-171;
516730441;-12;-95;-77;-618;-526;5;216;-175;
516731502;-34;-194;-77;-664;-525;-4;120;-176;
516732534;-17;-110;-75;-626;-531;-5;128;-174;
516733573;-25;-90;-74;-627;-518;-2;138;-168;
516734604;35;-19;-22;-711;-497;68;187;-124;
516735647;-18;-53;-55;-607;-498;12;136;-167;
516736675;-1;-55;-69;-618;-543;-4;133;-181;
516737705;-25;-45;-76;-622;-510;-1;124;-175;
516738734;-14;-38;-79;-623;-525;-8;170;-177;
516739761;-18;-36;-83;-621;-506;7;142;-184;
516740796;-13;-31;-84;-624;-520;10;136;-180;
516741829;-3;-20;-65;-611;-519;8;137;-166;
516742866;-5;-26;-85;-610;-518;12;144;-168;
516743907;-16;-31;-83;-616;-508;5;134;-175;
516744948;-29;-37;-78;-626;-516;-4;133;-166;
516746027;-14;-30;-83;-623;-520;0;137;-170;
516747060;-11;-26;-77;-621;-518;-3;119;-167;
516748091;-12;-19;-79;-606;-504;-15;127;-165;
516749132;-2;-33;-78;-623;-510;13;134;-160;
516750163;-29;-6;-73;-623;-514;-4;102;-165;
516751193;-19;23;-66;-613;-502;1;134;-168;
516752274;-14;-15;-73;-617;-529;9;134;-147;
516753353;-13;-6;-77;-614;-511;6;139;-156;
516754390;2;1;-65;-596;-504;7;134;-165;
516755447;-17;-19;-75;-627;-524;0;141;-159;
516756524;-5;-29;-71;-622;-523;-5;127;-162;
516757555;-26;-30;-89;-628;-520;-10;170;-176;
516758671;-4;-8;-87;-618;-521;5;143;-160;
516759800;-24;-6;-70;-626;-516;13;123;-162;
516760879;-13;-6;-68;-625;-521;-36;136;-149;
516761993;-13;-11;-80;-613;-515;14;145;-156;
516763103;-17;-24;-81;-620;-525;-10;122;-154;
516764137;-16;-19;-80;-620;-521;0;139;-159;
516765170;-8;-13;-71;-609;-521;1;143;-153;
516766297;-12;3;-78;-623;-533;0;135;-192;
516767334;-3;5;-63;-604;-514;-1;128;-151;
516768374;-24;3;-65;-631;-528;-10;118;-157;
516769418;-17;11;-77;-616;-529;-7;141;-155;
516770448;-16;7;-70;-622;-522;0;133;-161;
516771483;0;6;-67;-618;-518;9;132;-150;
516772515;-19;7;-83;-626;-536;-9;131;-158;
516773551;-11;6;-75;-609;-517;-7;128;-147;
516774581;-13;3;-89;-631;-532;-11;118;-158;
516775615;-45;-14;-113;-652;-549;-28;104;-186;
516776642;-25;-7;-73;-619;-526;-25;137;-152;
516777664;-25;20;-87;-622;-536;0;134;-160;
516778700;-16;13;-76;-621;-514;-7;134;-148;
516779739;-6;8;-72;-606;-516;15;152;-150;
516780771;-17;0;-82;-645;-513;4;146;-154;
516781804;-2;15;-74;-616;-510;0;132;-149;
516782833;-22;-16;-86;-628;-521;-20;119;-171;
516783868;-17;-3;-82;-619;-534;-6;121;-159;
516784897;-103;13;-74;-605;-518;8;129;-144;
516785931;-1;16;-70;-618;-524;-4;135;-150;
516786968;-25;11;-102;-577;-533;-14;127;-160;
516787994;-4;0;-73;-618;-516;8;138;-141;
516789030;-11;-1;-86;-612;-520;4;136;-143;
516790060;-24;1;-88;-626;-539;-3;126;-161;
516791129;-21;-5;-79;-608;-529;-5;131;-142;
516792169;-14;4;-78;-610;-527;3;133;-152;
516793209;-2;7;-92;-620;-521;-2;133;-138;
516794233;-3;7;-76;-608;-518;1;127;-144;
516795272;-4;3;-62;-616;-515;13;137;-137;
516832150;-19;24;-87;-595;-508;-2;-19;-141;
516833253;-4;38;-76;-601;-502;3;-26;-141;
516834364;-21;39;-101;-606;-523;-10;-33;-153;
516835447;-26;47;-87;-578;-520;-5;-29;-134;
516836486;-6;53;-93;-598;-509;-3;-29;-147;
516837514;-21;36;-92;-599;-516;-3;-35;-145;
516838552;-22;42;-90;-594;-520;-10;-33;-142;
516839579;-21;42;-99;-599;-507;0;-44;-150;
516840610;-9;25;-95;-585;-506;-5;-30;-146;
516841646;-12;14;-101;-603;-510;-12;-45;-146;
516842677;-18;21;-85;-593;-512;-13;-44;-149;
516843701;2;21;-86;-591;-511;5;-23;-129;
516844731;0;-8;-87;-604;-501;0;-37;-129;
516845771;-10;-20;-91;-592;-518;14;-33;-142;
516846807;-16;-10;-96;-591;-517;4;-38;-139;
516847837;-12;43;-83;-581;-498;6;-92;-128;
516848877;-8;-12;-97;-581;-515;13;145;-118;
516849902;-4;-12;-71;-605;-520;2;133;-116;
516850945;-9;-14;-68;-612;-529;-3;134;-119;
516851986;-5;-8;-53;-601;-526;5;145;-111;
516853028;-7;-20;-65;-603;-530;10;139;-167;
516854063;-2;-10;-76;-607;-526;11;141;-128;
516855096;-11;1;-71;-618;-532;3;137;-124;
516856130;-8;-5;-74;-606;-519;4;103;-129;
516857166;-21;2;-83;-615;-524;-10;126;-136;
516858212;-12;1;-88;-615;-544;-9;126;-159;
516859242;-22;17;-75;-614;-528;-4;133;-138;
516860278;-18;-9;-91;-611;-517;-9;128;-141;
516861308;-5;-11;-72;-603;-526;-10;127;-142;
516862326;-5;-5;-73;-615;-532;0;133;-114;
516863413;-23;-9;-85;-602;-536;2;218;-130;
516864477;-5;-9;-81;-600;-530;-8;135;-134;
516865504;-6;-2;-52;-603;-515;-7;139;-123;
516866535;-13;-9;-71;-597;-517;13;140;-132;
516867568;0;-8;-68;-603;-515;-10;84;-128;
516896869;-10;-6;-91;-601;-527;3;142;-119;
516897958;-53;-47;-136;-631;-565;-44;98;-180;
516899059;-12;15;-77;-592;-518;-2;132;-118;
516900150;-5;23;-80;-590;-506;-13;130;-110;
516901248;-2;8;-99;-602;-404;-1;126;-108;
516902352;-7;23;-81;-607;-512;-2;144;-101;
516903384;-3;19;-94;-596;-506;-1;142;-126;
516904435;9;16;-88;-595;-513;3;155;-107;
516905461;-7;11;-91;-601;-519;-5;132;-121;
516906492;-2;-3;-83;-600;-518;-13;141;-110;
516907522;-12;9;-120;-589;-514;3;151;-117;
516908564;6;8;-74;-587;-512;4;150;-127;
516909598;0;5;-80;-593;-515;4;141;-104;
516910667;-17;0;-95;-618;-530;-9;123;-129;
516911721;-12;-4;-84;-601;-525;1;140;-138;
516912772;-17;10;-88;-597;-515;5;136;-111;
516913862;-4;13;-77;-594;-515;0;170;-126;
516914894;-32;-7;-115;-617;-531;-18;118;-148;
516915933;-5;9;-90;-589;-514;16;144;-118;
516916967;-13;-1;-106;-602;-528;29;136;-123;
516917987;-24;17;-80;-599;-506;7;138;-117;
516919017;-5;5;-97;-608;-521;-39;119;-135;
516920054;-10;-13;-100;-602;-528;-3;133;-122;
516921160;-4;14;-80;-597;-523;9;138;-100;
516922274;-2;7;-97;-595;-523;-5;137;-109;
516923387;0;1;-105;-598;-519;-5;153;-121;
516924489;-6;7;-91;-593;-516;-1;131;-131;
516925592;-3;-3;-90;-604;-518;1;131;-107;
516926704;9;-7;-79;-574;-514;2;192;-119;
516927800;0;-13;-81;-595;-523;3;135;-123;
516928935;-6;-9;-88;-586;-504;-1;142;-108;
516930034;-18;-12;-97;-600;-518;-20;126;-131;
516931059;6;14;-73;-579;-501;14;169;-140;
516932139;9;3;-80;-600;-515;1;145;-109;
516933256;11;10;-80;-597;-511;1;135;-119;
516934391;7;11;-85;-591;-489;2;143;-122;
516935537;-7;1;-83;-592;-508;13;138;-116;
516936644;-5;-2;-97;-599;-520;-8;132;-122;
516937774;-1;-2;-91;-604;-520;-5;134;-117;
516938800;-12;11;-86;-597;-513;8;146;-116;
516939829;9;3;-87;-594;-519;5;137;-113;
516940862;-8;-1;-78;-594;-524;-2;147;-114;
516941897;79;0;-82;-588;-510;-2;147;-113;
516942923;-15;0;-78;-597;-515;11;137;-115;
516943988;-40;10;-97;-599;-516;5;138;-116;
516945065;-4;2;-79;-603;-510;12;153;-105;
516946095;0;11;-85;-593;-521;0;151;-117;
516947128;-11;5;-99;-594;-515;2;147;-105;
516948169;-12;25;-90;-602;-524;-14;145;-114;
516949202;-11;-6;-101;-591;-525;-2;124;-127;
516950232;-4;9;-78;-593;-466;6;141;-101;
516951265;3;4;-80;-593;-534;7;145;-101;
516952293;5;-2;-79;-602;-513;-9;158;-117;
516953362;9;0;-86;-593;-515;-4;151;-108;
516954403;-6;1;-95;-601;-516;-13;140;-107;
516955472;4;16;-77;-589;-513;-2;135;-103;
516956545;-15;-2;-102;-599;-518;-6;135;-110;
516957582;0;7;-91;-593;-516;0;135;-105;
516958609;0;0;-79;-593;-514;9;138;-98;
516959642;-2;-5;-79;-598;-522;-5;130;-102;
516960732;-6;8;-83;-599;-508;-2;136;-112;
516961856;0;5;-90;-606;-515;9;129;-102;
516962960;9;5;-87;-585;-503;10;146;-103;
516964077;-4;-6;-95;-601;-519;33;128;-107;
516965185;2;16;-77;-595;-508;1;132;-105;
516966292;5;18;-88;-597;-514;0;147;-109;
516967354;-1;5;-82;-588;-504;-1;134;-102;
516968380;-11;-6;-95;-599;-521;1;134;-116;
516969410;-9;5;-91;-593;-522;1;137;-114;
516970453;-3;-6;-93;-600;-523;-3;132;-120;
516971487;1;13;-99;-579;-492;8;143;-105;
516972515;9;14;-78;-594;-515;-4;139;-99;
516973549;-5;-3;-86;-598;-518;0;133;-119;
516974577;-20;-13;-98;-614;-516;-17;133;-126;
516975615;6;6;-81;-600;-517;-2;130;-111;
516976644;-9;7;-79;-594;-514;2;133;-116;
516977675;-4;9;-72;-581;-518;8;141;-103;
516978699;15;4;-71;-591;-504;-6;135;-105;
516979737;-36;6;-88;-604;-529;-11;139;-115;
516980771;-6;0;-83;-602;-517;23;151;-97;
516981802;28;36;-53;-571;-499;37;161;-79;
516982839;-20;-4;-85;-597;-514;-8;132;-87;
516983879;-9;5;-94;-596;-529;-3;141;-112;
516984910;-4;8;-96;-590;-505;4;124;-108;
516985950;-24;0;-97;-581;-497;11;120;-100;
516986981;-12;14;-101;-591;-505;-8;-34;-127;
516988021;-14;-8;-118;-589;-513;11;144;-112;
516989054;-5;15;-82;-594;-517;-8;131;-103;
516990087;6;11;-74;-593;-520;17;181;-103;
516991104;-1;16;-78;-593;-511;12;152;-101;
516992196;-1;7;-81;-601;-519;6;134;-107;
516993250;-1;0;-81;-593;-541;0;130;-103;
516994291;-5;-2;-84;-595;-516;0;151;-103;
516995344;-9;4;-87;-602;-515;-3;126;-112;
516996413;-4;14;-88;-589;-528;10;173;-126;
516997445;13;0;-73;-600;-594;0;133;-110;
516998478;-19;-5;15;-604;-534;-3;120;-114;
516999515;3;14;-90;-606;-515;2;141;-105;
517002177;-38;-13;-121;-638;-564;-38;108;-135;
517003280;-6;13;-76;-600;-518;-3;130;-97;
517004378;4;5;-71;-585;-527;5;143;-101;
517005477;-11;0;-80;-595;-532;9;173;-105;
517006524;-5;19;11;-601;-527;-1;146;-92;
517007551;-4;0;-73;-593;-515;8;142;-95;
517008589;-40;18;-82;-600;-517;10;139;-108;
517009615;-9;-4;-81;-605;-516;0;133;-100;
517010650;-13;16;-79;-590;-528;11;131;-104;
517011681;89;15;-64;-577;-519;2;137;-101;
517012719;-5;1;-81;-602;-525;-13;124;-96;
517013751;3;-2;-79;-595;-524;-2;136;-102;
517014850;2;2;-85;-590;-518;3;130;-101;
517015879;0;4;-77;-588;-503;19;138;-104;
517016927;14;11;-31;-597;-499;0;141;-87;
517017952;8;-4;-71;-590;-520;8;132;-102;
517018990;-4;-2;-76;-593;-523;5;138;-97;
517020016;-8;0;30;-601;-524;17;147;-91;
517021058;-9;-2;-85;-599;-509;7;140;-105;
517022096;-17;2;-93;-613;-523;-7;126;-100;
517023151;-2;19;-89;-604;-526;-29;128;-96;
517024233;5;10;-69;-584;-519;0;137;-84;
517025318;-9;0;-91;-612;-528;-4;129;-114;
517026353;-10;5;-75;-593;-516;0;130;-89;
517027387;-13;4;-94;-590;-529;-13;124;-107;
517028490;-9;-9;-91;-607;-529;-5;126;-103;
517029591;3;4;-78;-606;-527;-6;123;-100;
517030693;6;16;-84;-616;-511;3;130;-86;
517031800;4;-14;-67;-619;-523;-1;133;-100;
517032890;1;5;-97;-616;-523;-8;137;-100;
517033983;0;3;-87;-606;-510;15;143;-85;
517035008;-5;21;-78;-611;-526;21;129;-102;
517036057;-8;6;-68;-605;-534;9;159;-61;
517037095;1;6;-80;-603;-518;16;132;-89;
517038185;0;25;-73;-605;-520;9;142;-97;
517039243;-7;4;-74;-595;-511;15;139;-100;
517040279;-16;1;-92;-613;-519;-13;122;-105;
517041317;-14;-5;-90;-613;-473;4;135;-112;
517042343;0;12;-84;-590;-513;16;133;-99;
517043379;1;10;-107;-596;-527;9;143;-97;
517044418;-15;-2;-101;-625;-528;-15;126;-117;
517045450;1;-2;-83;-594;-518;-3;125;-92;
517046490;-6;-3;-74;-587;-529;19;137;-96;
517047564;-12;8;-88;-599;-638;-2;136;-133;
517048648;8;6;-79;-609;-522;-5;129;-106;
517049682;-2;11;-125;-593;-512;-4;130;-96;
517050763;-12;5;-82;-597;-518;16;139;-116;
517051790;-15;-3;-80;-601;-524;-28;127;-111;
517052829;-16;4;-104;-614;-527;-12;133;-116;
517053875;-8;62;-81;-601;-497;-2;136;-103;
517054977;-1;0;-90;-604;-527;-4;116;-111;
517056097;1;6;-76;-596;-516;0;143;-82;
517057186;-15;1;-84;-621;-530;-11;124;-107;
517058268;19;21;-71;-598;-507;2;144;-84;
517059373;-15;14;-89;-657;-531;-11;130;-100;
517060483;-6;19;-72;-587;-523;3;131;-100;
517061600;-24;-9;-107;-633;-531;-28;119;-120;
517062722;5;13;-65;-606;-522;9;147;-91;
517063851;-8;4;-85;-626;-496;-10;127;-108;
517064952;16;28;-50;-582;-486;33;162;-78;
517066054;-9;8;-76;-606;-519;2;124;-108;
517067162;-11;-8;-89;-601;-512;5;132;-55;
517068255;12;12;-76;-604;-512;-6;139;-96;
517069331;-7;5;-74;-609;-524;0;124;-106;
517070371;-4;-19;-70;-640;-515;6;131;-90;
517071458;-1;-2;-74;-597;-508;5;145;-102;
517072481;1;5;-82;-582;-505;7;150;-77;
517073510;-8;-77;-88;-593;-524;8;129;-85;
517074545;-1;-5;-82;-594;-514;8;134;-89;
517075617;9;5;-64;-598;-506;0;137;-89;
517076660;-5;-21;-100;-608;-524;5;137;-97;
517077687;-46;4;-79;-595;-525;10;135;-89;
517078714;-9;-1;-76;-602;-521;0;128;-103;
517079789;2;15;-80;-726;-517;9;94;-86;
517080834;10;0;-84;-662;-523;1;141;-87;
517081913;1;1;-69;-599;-505;1;146;-101;
517083013;-11;16;-77;-600;-507;1;141;-97;
517084138;-10;9;-79;-595;-520;0;155;-89;
517085232;10;-1;-86;-646;-541;-18;127;-103;
517086320;-14;-7;-85;-602;-518;0;133;-110;
517087418;-8;-6;-84;-612;-512;3;134;-105;
517088515;-19;-20;-94;-609;-523;-11;117;-107;
517089558;-18;-1;-92;-617;-524;-5;132;-109;
517090588;-9;2;-83;-597;-518;2;142;-98;
517091632;-13;-5;-87;-605;-525;-10;121;-105;
517092669;7;15;-74;-589;-501;13;146;-84;
517093695;8;4;-77;-614;-508;7;128;-78;
517094724;-15;-14;-95;-618;-528;-13;115;-108;
517095812;-7;-16;-82;-611;-534;11;113;-108;
517096870;0;82;-74;-593;-526;8;137;-86;
517097923;0;-1;-71;-603;-514;0;135;-77;
517098954;-8;-8;-86;-596;-518;-9;130;-93;
517100022;-1;-1;-72;-598;-518;12;130;-91;
517101056;-17;-6;-87;-612;-527;-11;130;-103;
517102097;-15;-4;-90;-618;-531;-15;128;-102;
517103132;-1;1;-80;-594;-514;2;157;-98;
517104173;-8;10;-61;-608;-515;16;132;-81;
517105276;0;4;-75;-597;-515;0;132;-89;
517106395;5;-2;-86;-613;-513;-3;143;-80;
517107509;-13;-3;-84;-593;-515;0;139;-91;
517108623;-4;1;-71;-591;-507;0;143;-87;
517109710;6;6;-76;-597;-510;3;146;-97;
517110805;5;0;-84;-591;-520;17;79;-69;
517111868;-8;-6;-91;-576;-514;4;137;-84;
517112883;2;1;-109;-603;-509;-6;129;-105;
517113913;4;6;-76;-619;-515;-8;144;-88;
517114948;-1;-1;-82;-604;-530;4;130;-84;
517116009;-6;-16;-69;-595;-512;8;127;-96;
517117048;-12;0;-92;-615;-520;-5;137;-91;
517118076;-13;3;-84;-616;-511;-4;127;-129;
517119120;-20;0;-94;-602;-527;4;123;-94;
517120195;15;5;-84;-599;-504;-1;135;-88;
517121213;9;5;-80;-618;-508;6;126;-81;
517122298;-16;4;-75;-610;-506;-9;-16;-133;
517123334;2;22;-137;-521;-434;4;-176;-176;
517124397;1;-3;-173;-491;-413;1;-224;-199;
517125522;-2;0;-191;-486;-397;-98;-232;-220;
517126625;-1;5;-192;-491;-394;-2;-230;-201;
517127737;-14;0;-187;-491;-397;-2;-259;-222;
517128826;-5;-5;-197;-490;-399;-15;-250;-225;
517129928;-50;-37;-230;-520;-436;-42;-299;-274;
517130975;0;-8;-192;-464;-381;1;-265;-232;
517132012;0;4;-192;-477;-387;14;-257;-228;
517133053;90;90;-97;-374;-286;75;-175;-142;
517134087;-4;0;-191;-468;-381;5;-278;-225;
517135123;-7;-1;-197;-488;-386;-10;-260;-223;
517136157;-4;-8;-202;-488;-381;6;-282;-264;
517137200;-23;-8;-201;-482;-382;-1;-284;-227;
517138220;-53;-47;-250;-513;-423;-50;-332;-287;
517139249;0;6;-186;-467;-375;4;-279;-223;
517140281;-2;-11;-231;-480;-387;-8;-289;-243;
517141310;-5;-2;-203;-477;-384;8;-283;-234;
517142327;1;12;-187;-462;-367;10;-293;-240;
517143362;-3;-4;-203;-478;-388;-9;-295;-233;
517144391;0;-31;-184;-464;-390;7;-150;-189;
517145424;6;9;-165;-515;-427;2;-169;-203;
517146465;16;1;-179;-503;-411;-5;99;-117;
517147492;-1;-3;-113;-582;-499;-3;131;-113;
517148528;6;30;-116;-575;-487;3;140;-111;
517149564;-2;9;-80;-593;-503;-5;-4;-132;
517150616;-10;7;-116;-571;-490;-3;134;-113;
517151643;-10;-9;-79;-608;-516;-7;124;-104;
517152677;-9;-6;-79;-604;-513;-11;124;-131;
517153706;-1;-2;-74;-589;-507;-1;134;-101;
517154734;-8;0;-66;-595;-503;56;142;-91;
517155770;-9;-12;-83;-611;-518;-11;16;-103;
517156804;5;5;-71;-595;-507;6;111;-96;
517157838;0;-4;-79;-600;-529;0;133;-94;
517158878;15;15;-73;-619;-509;10;136;-92;
517159910;1;17;-67;-599;-506;17;130;-88;
517160945;0;2;-71;-604;-493;19;134;-78;
517161981;0;-1;-76;-589;-515;0;138;-89;
517163008;-17;-4;-90;-619;-518;-10;124;-104;
517176846;-5;7;-84;-675;-531;-5;132;-90;
517177949;73;-4;-71;-594;-507;5;130;-220;
517179033;-1;0;-86;-632;-514;5;137;-91;
517180132;-4;8;-73;-610;-515;2;127;-97;
517181239;4;1;-65;-548;-515;4;129;-93;
517182326;0;1;-86;-597;-502;3;118;-93;
517183411;-13;-19;-95;-624;-533;-16;108;-112;
517184467;7;16;-61;-589;-504;3;139;-73;
517185530;-5;-2;-85;-599;-509;-11;123;-107;
517186597;-3;2;-77;-600;-502;11;125;-97;
517187625;-17;-13;-88;-610;-529;-8;117;-107;
517188728;15;8;-69;-605;-506;0;138;-91;
517189843;3;0;-89;-597;-510;-5;125;-95;
517190951;-14;-4;-80;-604;-520;3;119;-96;
517192051;3;4;-82;-591;-502;2;119;-100;
517193158;-6;-9;-83;-602;-517;-9;117;-97;
517194186;-13;-16;-85;-612;-526;-9;130;-96;
517195222;-16;-9;-92;-609;-526;8;134;-111;
517196251;-7;3;-65;-593;-501;1;128;-91;
517197281;-3;-3;-76;-604;-517;10;126;-101;
517198314;-12;-9;-78;-609;-527;-12;117;-111;
517199343;6;4;-75;-592;-501;6;155;-80;
517200372;-22;-9;-74;-602;-508;-14;118;-88;
517201405;-9;3;-83;-589;-510;3;128;-83;
517202441;-3;-7;-80;-610;-514;0;127;-83;
517203473;-8;-3;-70;-613;-522;14;134;-95;
517204502;-18;-11;-85;-640;-515;-7;121;-90;
517205585;2;9;-60;-600;-468;14;137;-89;
517206633;-2;-2;-74;-601;-525;11;129;-89;
517207662;-1;4;-73;-605;-506;-4;127;-106;
517208690;1;2;-91;-619;-483;-16;124;-111;
517209720;-2;-4;-73;-603;-505;18;125;-93;
517210757;8;9;-83;-593;-505;6;129;-84;
517211817;-8;0;-79;-607;-505;6;119;-105;
517212901;-2;-11;-96;-614;-455;0;124;-109;
517213984;4;9;-74;-605;-515;-33;129;-103;
517215008;-10;-8;-70;-606;-514;-2;132;-106;
517216082;0;5;-77;-601;-518;11;127;-91;
517217122;0;-2;-78;-603;-512;0;127;-102;
517218215;7;8;-77;-601;-515;-5;131;-106;
517219246;-9;-2;-73;-595;-512;-6;127;-96;
517220273;-8;-3;-82;-608;-519;-8;120;-110;
517221306;8;1;-65;-597;-510;11;144;-86;
517222330;-8;-4;-78;-604;-510;-46;121;-98;
517223358;-16;-24;-107;-616;-537;-13;107;-109;
517224445;-16;-90;-88;-613;-539;-14;117;-109;
517225556;-5;4;-81;-598;-519;-5;124;-149;
517226659;-22;-13;-103;-615;-528;-13;107;-128;
517227776;3;6;-79;-607;-520;-1;137;-108;
517228897;1;10;-83;-589;-480;14;138;-99;
517230017;-5;21;-74;-605;-502;6;142;-86;
517231131;11;8;-67;-593;-507;5;128;-98;
517232166;-20;-4;-80;-607;-510;-7;127;-109;
517233211;-5;-11;-90;-598;-497;-6;131;-105;
517234260;-2;0;-82;-608;-506;-9;142;-105;
517235377;0;-9;-78;-603;-516;13;133;-92;
517236482;-7;-3;-87;-599;-518;-3;110;-106;
517237585;-7;11;-76;-595;-489;1;131;-94;
517238684;-2;0;-75;-600;-503;13;134;-99;
517239789;0;8;-83;-613;-514;-3;129;-94;
517240887;-6;-1;-90;-615;-517;-10;94;-112;
517241920;12;8;-105;-597;-508;108;139;-103;
517242949;-14;-15;-96;-616;-522;-14;118;-111;
517243987;-8;-1;-80;-607;-516;3;133;-110;
517245015;12;-3;-70;-583;-502;16;133;-96;
517246056;-5;-5;-87;-605;-505;6;126;-108;
517247086;-18;-17;-84;-610;-525;-10;123;-118;
517248146;6;15;-79;-594;-493;-2;137;-110;
517249227;-8;8;-72;-598;-507;-1;137;-108;
517250267;4;6;-76;-593;-508;-5;123;-118;
517251306;8;-4;-79;-583;-468;-2;121;-113;
517252331;-4;4;-95;-597;-500;0;142;-110;
517253372;-2;-2;-90;-602;-504;0;125;-100;
517254417;-9;4;-95;-603;-519;-22;120;-112;
517255465;-9;-3;-82;-588;-495;37;131;-84;
517256497;-2;10;-78;-591;-499;-1;117;-106;
517257547;0;0;-86;-598;-515;-4;120;-107;
517258576;-7;6;-75;-582;-497;0;135;-106;
517259649;-3;6;-85;-607;-513;6;122;-114;
517260679;0;0;-86;-593;-491;5;142;-103;
517261715;-8;0;-100;-590;-489;21;117;-103;
517262745;10;6;-88;-619;-500;0;132;-106;
517263771;0;74;-90;-593;-503;13;155;-101;
517264844;10;-7;-83;-594;-507;1;127;-107;
517265878;0;12;-84;-602;-508;17;124;-105;
517266948;6;7;-75;-603;-509;12;134;-112;
517268053;0;15;-79;-594;-501;12;130;-110;
517269153;-3;2;-83;-600;-503;-3;126;-110;
517270261;-7;0;-87;-604;-500;0;133;-111;
517271382;-8;2;-88;-602;-522;-1;134;-74;
517272448;-13;1;-32;-603;-513;-10;119;-113;
517273475;11;8;-71;-606;-505;11;127;-101;
517274509;-10;-5;-91;-604;-516;-17;110;-124;
517275539;0;11;-75;-592;-376;0;134;-91;
517276590;-17;-4;-92;-621;-513;-13;116;-110;
517277673;0;-1;-87;-615;-515;0;126;-112;
517278698;9;0;-86;-605;-493;0;129;-88;
517279729;53;-4;-85;-615;-515;-4;124;-96;
517280771;-5;8;-71;-610;-502;8;145;-106;
517281829;2;8;-83;-605;-495;-2;129;-89;
517282876;1;-5;-81;-619;-494;6;128;-96;
517283903;8;-5;-91;-608;-479;7;127;-107;
517284937;-17;-8;-90;-610;-519;-12;121;-104;
517285975;0;7;-106;-593;-486;3;62;-112;
517286999;7;8;-93;-587;-496;2;40;-101;
517288027;4;-5;-95;-606;-458;-2;137;-103;
517289051;-7;8;-89;-603;-498;11;122;-109;
517290085;-24;-10;-96;-619;-517;-2;130;-117;
517291116;1;-23;-97;-608;-521;-10;113;-99;
517292147;-5;-11;-96;-614;-516;0;124;-100;
517293177;-5;4;-93;-602;-502;-26;99;-107;
517294206;-49;-40;-128;-648;-547;-44;84;-140;
517295235;-7;-4;-97;-598;-504;6;119;-103;
517296265;-9;9;-81;-604;-509;2;125;-97;
517297305;22;26;-81;-582;-506;13;139;-94;
517298341;-15;-4;-88;-606;-541;-21;129;-108;
517299400;-15;-6;-75;-610;-512;1;121;-99;
517300463;-13;7;-84;-607;-512;0;102;-109;
517301522;0;14;-92;-593;-502;0;118;-84;
517302597;-7;0;-83;-605;-505;4;128;-100;
517303623;-32;-38;-114;-640;-530;-33;91;-213;
517304703;4;8;-70;-586;-482;12;163;-89;
517305899;-7;-15;-78;-606;-497;-8;121;-111;
517306996;-10;11;-83;-597;-490;5;124;-96;
517308098;0;-6;-81;-587;-486;8;128;-86;
517309176;6;0;-85;-589;-500;2;129;-89;
517310217;-13;-15;-96;-614;-516;-14;124;-105;
517311258;0;5;-82;-598;-500;1;128;-80;
517312283;-3;-5;-99;-590;-500;4;128;-99;
517313319;0;-12;-105;-595;-498;5;129;-97;
517314351;1;5;-77;-597;-504;-4;129;-78;
517315377;9;-1;-83;-607;-506;-10;167;-90;
517316413;15;6;-78;-597;-506;11;125;-71;
517317452;7;4;-74;-589;-499;7;141;-80;
517318478;8;-6;-122;-617;-506;-6;120;-100;
517319514;-6;-2;-88;-593;-502;3;136;-101;
517320543;-12;-11;-108;-604;-504;-11;122;-99;
517321576;6;-2;-81;-594;-500;2;140;-54;
517322613;-5;-2;-98;-595;-512;1;119;-104;
517323645;-6;-2;-81;-606;-504;7;127;-99;
517324675;-8;4;-93;-607;-497;9;110;-90;
517325717;-15;-19;-93;-616;-517;0;127;-98;
517326743;-4;6;-81;-605;-489;5;132;-88;
517327769;4;-6;-96;-600;-494;3;128;-100;
517328804;-16;-6;-98;-595;-503;5;123;-94;
517329905;3;-12;-105;-603;-507;9;123;-91;
517330987;-2;2;-90;-590;-501;-3;126;-97;
517332021;-5;7;-95;-595;-499;-53;106;-109;
517333046;-10;1;-79;-592;-489;9;131;-84;
517334085;-3;-4;-81;-585;-494;3;118;-90;
517335123;-8;-9;-90;-602;-503;-9;124;-88;
517336210;-10;3;-93;-602;-498;4;120;-86;
517337245;16;11;-89;-590;-489;12;132;-86;
517338282;0;-8;-82;-585;-501;12;135;-77;
517339347;77;87;5;-519;-402;92;212;-6;
517340409;-6;-6;-84;-604;-500;-6;113;-94;
517341447;-6;-6;-90;-599;-478;6;123;-97;
517349678;-7;-6;-96;-604;-490;-4;129;-200;
517350777;1;21;-78;-535;-491;13;150;-86;
517351890;-9;43;-89;-602;-495;13;120;-86;
517352984;-49;-23;-89;-594;-496;3;117;-72;
517354020;-10;-10;-90;-604;-503;1;123;-94;
517355051;-23;6;-90;-609;-477;2;134;-87;
517356085;-8;-7;-92;-609;-507;-8;122;-88;
517357104;5;4;-81;-585;-497;26;131;-81;
517358175;1;12;-87;-592;-501;12;130;-86;
517359246;5;-5;-83;-598;-507;-5;117;-89;
517360281;-7;-1;-86;-606;-499;-10;120;-93;
517361313;-8;4;-91;-593;-502;14;126;-74;
517362341;3;-9;-87;-602;-507;7;120;-86;
517363379;-2;-3;-89;-598;-510;-5;120;-79;
517364417;3;8;-79;-598;-503;-1;128;-79;
517365460;10;2;-81;-596;-492;-1;116;-84;
517366505;-10;6;-85;-604;-497;-8;137;-77;
517367546;8;-52;-81;-603;-467;8;137;-75;
517368583;0;6;-89;-598;-513;-5;122;-74;
517369611;6;10;-81;-608;-494;6;106;-89;
517370641;-11;-9;-102;-606;-504;-7;107;-84;
517371663;0;-1;-78;-597;-490;2;118;-78;
517372693;0;-4;-79;-601;-492;-1;129;-75;
517373722;-8;-12;-92;-616;-508;-13;127;-86;
517374751;-3;10;-90;-596;-477;1;139;-77;
517375777;-12;11;-117;-598;-502;-2;115;-96;
517376810;-9;-9;-100;-602;-510;-26;122;-90;
517377862;-9;-10;-89;-608;-499;-13;113;-94;
517378923;12;13;-70;-586;-480;15;132;-78;
517379946;-5;-14;-89;-590;-504;-3;119;-90;
517380975;-9;-9;-100;-602;-502;-14;111;-96;
517382010;-3;0;-78;-589;-510;-3;129;-91;
517383038;-10;-1;-98;-610;-508;-3;120;-99;
517384079;-13;-1;-100;-604;-502;-17;105;-94;
517385107;0;18;-81;-594;-490;12;128;-88;
517441318;16;25;-100;-602;-473;4;124;-95;
517442403;-7;9;-101;-590;-479;8;122;-106;
517443523;-5;4;-103;-593;-482;4;126;-115;
517444622;-10;15;-87;-589;-484;-4;106;-21;
517445741;2;6;-83;-577;-473;-1;139;-102;
517446846;-22;-8;-108;-612;-500;-8;108;-124;
517447956;0;3;-99;-578;-465;3;117;-99;
517448992;6;9;-103;-578;-482;3;126;-123;
517450108;-7;-1;-101;-603;-520;3;123;-129;
517451228;-16;0;-119;-590;-489;-13;114;-132;
517452354;-93;-63;-178;-685;-556;-70;46;-195;
517453476;-3;3;-119;-605;-480;-4;120;-144;
517454587;10;24;-74;-595;-477;11;114;-127;
517455686;0;25;-84;-515;-478;4;143;-134;
517456780;5;8;-103;-584;-480;0;141;-136;
517457811;15;19;-88;-573;-473;16;162;-132;
517458837;-7;6;-98;-591;-456;0;136;-154;
517459863;3;2;-91;-596;-501;6;144;-172;
517460896;-18;14;-94;-594;-476;18;152;-164;
517461929;-10;6;-98;-737;-502;-13;146;-189;
517462955;5;13;-92;-603;-481;9;158;-178;
517463987;0;13;-93;-598;-498;2;133;-184;
517465022;19;11;-76;-603;-485;6;146;-186;
517466055;-11;47;-81;-596;-492;-3;142;-183;
517467111;-2;7;-96;-598;-493;-5;156;-173;
517468137;0;3;-84;-604;-500;-4;144;-188;
517469163;0;-1;-103;-624;-508;-13;142;-183;
517470196;-3;7;-90;-613;-500;5;153;-172;
517471218;-1;6;-91;-608;-493;3;157;-203;
517472258;10;11;-81;-608;-492;0;171;-200;
517473364;-2;7;-87;-611;-494;4;158;-202;
517474390;-2;4;-84;-601;-500;6;158;-220;
517475423;-15;-4;-76;-624;-505;-8;143;-233;
517476467;2;6;-74;-614;-498;6;155;-220;
517477535;5;-3;-81;-613;-497;2;157;-223;
517478574;5;16;-64;-616;-492;-8;172;-220;
517479607;1;-2;-77;-614;-499;2;164;-232;
517480641;0;5;-73;-618;-493;-1;175;-226;
517481696;3;5;-81;-644;-489;0;158;-232;
517482823;-14;4;-81;-628;-507;-6;167;-253;
517483949;-10;6;-72;-619;-512;-9;161;-240;
517485059;5;13;-79;-620;-503;1;186;-249;
517486184;-5;5;-69;-622;-492;-11;178;-247;
517487291;3;-2;-84;-612;-526;-10;195;-479;
517488379;-7;9;-98;-595;-479;-3;188;-335;
517489419;-13;3;-83;-616;-489;0;209;-325;
517490446;2;4;-91;-607;-475;12;210;-331;
517491483;-8;-11;-94;-631;-494;-4;197;-337;
517492515;-13;6;-78;-613;-479;16;218;-321;
517493548;-4;-5;-81;-619;-492;10;228;-326;
517494583;-4;0;-81;-622;-485;9;230;-324;
517495615;-9;22;-88;-603;-481;-2;245;-329;
517496673;-8;-13;-88;-623;-484;0;231;-335;
517497748;-3;7;-85;-617;-488;16;258;-335;
517498772;-5;-8;-90;-633;-486;-9;237;-336;
517499806;-16;-7;-83;-640;-488;7;214;-341;
517500837;-9;-2;-79;-623;-494;-1;189;-332;
517501872;-4;0;-80;-642;-499;2;192;-331;
517502901;-8;-1;-72;-644;-505;0;199;-320;
517503933;-12;9;-74;-647;-503;18;193;-330;
517504959;1;10;-77;-643;-508;-7;193;-334;
517505997;-19;-5;-89;-669;-526;-21;193;-338;
517507033;-10;19;-77;-661;-513;13;204;-335;
517508058;-15;5;-66;-659;-517;0;193;-337;
517509088;-11;9;-63;-656;-515;9;190;-340;
517510123;-14;-9;-78;-658;-521;-6;178;-353;
517511165;-35;-21;-49;-656;-527;-20;196;-347;
517512207;-14;-10;-67;-657;-526;-3;183;-350;
517513247;-12;-12;-62;-664;-523;0;203;-352;
517514303;-25;-23;-79;-672;-547;-15;186;-398;
517515365;-7;-13;-62;-729;-529;9;190;-339;
517516452;-97;-18;-88;-661;-533;3;184;-346;
517517479;-30;-5;-64;-668;-535;-6;193;-355;
517518509;-18;-13;-75;-681;-547;-8;179;-355;
517519555;-9;-18;-74;-670;-535;-13;184;-335;
517520604;-50;-42;-90;-697;-557;-12;159;-374;
517522442;-2;-12;-64;-675;-527;12;187;-349;
517523529;-12;-13;-59;-645;-532;9;206;-346;
517524633;-15;-15;-66;-643;-522;-2;198;-341;
517525724;-18;-6;-72;-625;-539;-3;206;-357;
517526799;-24;-24;-57;-652;-543;-4;200;-353;
517527839;-29;-23;-82;-660;-544;3;222;-350;
517528875;-13;-7;-74;-639;-528;6;183;-390;
517529909;-20;-14;-74;-632;-523;-2;182;-340;
517530935;-14;-19;-64;-637;-542;-5;178;-358;
517531966;-19;-34;-82;-617;-398;3;180;-354;
517532995;-23;-15;-86;-639;-534;-7;159;-343;
517534038;-20;-20;-95;-591;-428;4;-313;-511;
517535130;-23;-41;-141;-581;-474;4;-266;-408;
517536166;-22;-33;-136;-576;-490;-11;-285;-417;
517537252;-17;-50;-136;-573;-488;-13;-287;-409;
517538291;-36;-58;-157;-542;-470;-14;-299;-417;
517539323;-6;-32;-165;-502;-362;53;-375;-526;
517540351;-30;-57;-278;-436;-345;-10;-395;-559;
517541399;-35;-49;-274;-429;-328;-3;-400;-561;
517542438;-22;-51;-273;-412;-325;-6;-388;-552;
517543475;14;-14;-217;-347;-291;39;-348;-528;
517544504;-30;-47;-287;-407;-314;11;-389;-555;
517545533;-29;-49;-287;-408;-309;-5;-396;-554;
517546566;-36;-55;-298;-398;-312;-2;-381;-540;
517547595;-38;-47;-278;-469;-390;4;-330;-511;
517548619;-33;-60;-290;-377;-304;13;-402;-562;
517549653;-45;-45;-306;-373;-298;11;-396;-564;
517550680;-50;-50;-320;-376;-303;-2;-417;-571;
517551708;-54;-45;-191;-496;-434;4;-244;-394;
517552744;-12;-45;-278;-373;-293;-5;-332;-442;
517553816;-130;-151;-292;-502;-375;-80;-473;-640;
517554845;-65;-63;-313;-367;-285;-4;-414;-584;
517555878;-65;-45;-348;-335;-262;11;-409;-579;
517556952;-76;-36;-343;-328;-260;1;-406;-583;
517557998;-73;-53;-360;-326;-243;11;-414;-575;
517559027;-86;-56;-366;-344;-262;8;-415;-586;
517570894;-62;-36;-416;-306;-226;2;-302;-620;
517571998;-67;-20;-406;-287;-220;0;-337;-617;
517573100;-53;-23;-374;-322;-224;7;-285;-611;
517574184;-76;2;-323;-362;-327;2;314;-396;
517575219;-59;-24;-186;-523;-448;-3;307;-377;
517576243;-35;-9;-181;-516;-439;3;322;-359;
517577368;-36;-20;-180;-526;-453;-5;307;-355;
517578410;-27;-20;-179;-523;-433;-1;321;-356;
517579477;-30;-10;-205;-518;-443;-5;305;-353;
517580531;-30;-27;-203;-530;-459;-16;321;-364;
517581560;-31;-13;-199;-529;-440;1;311;-373;
517582586;-27;-30;-241;-577;-492;-38;270;-422;
517583613;22;-8;-193;-522;-446;-8;309;-373;
517584650;60;4;-190;-520;-438;8;322;-369;
517585684;84;-3;-199;-524;-436;-7;275;-367;
517586724;113;8;-195;-517;-415;1;321;-379;
517587767;93;-16;-198;-526;-427;-11;320;-375;
517588801;95;-13;-213;-527;-429;2;319;-386;
517589830;124;-25;-206;-515;-437;4;309;-371;
517590868;93;-7;-136;-516;-435;-2;310;-369;
517591900;107;20;-184;-505;-421;2;323;-368;
517592935;114;7;-181;-520;-437;-1;315;-370;
517593973;104;51;-187;-518;-439;3;318;-356;
517595008;109;-17;-196;-528;-441;0;331;-357;
517596039;88;-28;-240;-523;-437;7;325;-368;
517597124;106;-5;-190;-562;-427;9;326;-363;
517598256;85;-1;-197;-530;-475;-19;329;-372;
517599363;61;8;-188;-515;-430;4;383;-358;
517600485;26;5;-241;-542;-438;-8;333;-369;
517601584;26;20;-184;-541;-421;-2;317;-359;
517602693;56;9;-189;-527;-433;5;336;-356;
517603792;22;-8;-183;-519;-442;9;334;-355;
517604883;33;-18;-190;-524;-440;-5;334;-347;
517605929;-3;-14;-187;-534;-473;11;333;-350;
517606968;99;-5;-175;-524;-434;-105;329;-365;
517608017;-6;-15;-171;-541;-450;-5;318;-360;
517609091;-10;-11;-176;-542;-457;-5;282;-347;
517610126;25;20;-179;-545;-447;-6;319;-354;
517611216;-4;22;-168;-543;-448;-2;312;-346;
517612247;13;28;-168;-540;-444;0;316;-342;
517613321;-7;-2;-174;-555;-461;-13;299;-353;
517614374;-10;6;-180;-550;-465;7;294;-349;
517615411;1;-9;-158;-531;-445;-17;309;-334;
517616446;0;18;-165;-540;-456;-6;304;-341;
517617475;11;28;-167;-546;-459;-6;309;-334;
517618504;18;23;-174;-536;-448;-5;301;-349;
517619548;-19;-6;-165;-563;-456;-3;301;-344;
517620573;8;17;-144;-547;-454;-3;305;-336;
517621604;19;5;-159;-549;-458;0;279;-322;
517622644;82;22;-166;-560;-468;-7;301;-337;
517623739;67;15;-153;-558;-473;-8;307;-322;
517624845;42;24;-147;-547;-465;1;298;-332;
517625947;35;27;-154;-569;-469;0;305;-337;
517627080;40;36;-155;-564;-458;4;305;-316;
517628201;37;26;-135;-545;-450;4;319;-328;
517629287;63;34;-147;-552;-464;-104;297;-317;
517630318;44;25;-150;-564;-453;9;308;-309;
517631341;26;24;-154;-551;-455;-4;285;-339;
517632362;30;8;-174;-574;-472;-10;289;-337;
517633383;32;31;-187;-573;-481;21;285;-326;
517634408;26;39;-154;-552;-449;6;301;-322;
517635435;10;21;-143;-637;-471;-4;295;-324;
517636458;58;19;-150;-585;-477;-8;293;-338;
517637481;50;18;-145;-568;-453;11;301;-304;
517638501;57;17;-150;-588;-473;3;279;-326;
517639525;212;13;-157;-592;-480;2;279;-307;
517640550;133;12;-150;-578;-482;-3;281;-312;
517641576;131;-12;-148;-583;-489;17;271;-322;
517642612;151;21;-128;-593;-481;14;306;-308;
517643642;137;12;-137;-604;-490;4;232;-306;
517644674;140;5;-128;-601;-468;-4;233;-305;
517645720;130;25;-129;-595;-481;0;233;-303;
517646748;124;31;-129;-604;-497;-7;223;-314;
517647773;144;25;-140;-617;-533;-42;219;-317;
517648805;116;29;-134;-624;-490;7;223;-296;
517649839;126;87;-127;-603;-476;-3;224;-292;
517650878;116;31;-115;-615;-486;-1;219;-295;
517651913;98;21;-141;-607;-494;2;213;-258;
517652939;104;23;-137;-610;-486;5;222;-295;
517653973;89;29;-127;-623;-507;2;215;-300;
517654993;104;35;-112;-605;-477;9;217;-304;
517656014;100;32;-111;-606;-492;16;218;-292;
517657043;89;22;-116;-620;-484;5;218;-289;
517658066;105;31;-105;-608;-489;3;212;-285;
517659090;86;29;-133;-626;-493;3;313;-292;
517660105;87;24;-117;-612;-502;-5;212;-288;
517661125;81;19;-104;-617;-489;9;211;-279;
517662154;73;25;-112;-618;-487;5;211;-291;
517703851;17;9;-285;-445;-311;11;-282;-505;
517704952;32;29;-262;-444;-314;25;-262;-500;
517706069;33;7;-279;-447;-321;-16;-284;-523;
517707156;-2;17;-275;-430;-313;-3;-275;-503;
517708194;20;-3;-275;-438;-318;-2;-276;-503;
517709216;20;17;-274;-441;-300;9;-270;-489;
517710248;38;33;-267;-440;-299;14;-249;-473;
517711282;5;-2;-265;-446;-321;-16;-281;-501;
517712321;10;9;-278;-452;-319;-8;-282;-497;
517713353;23;18;-281;-449;-317;7;-282;-494;
517714421;18;23;-276;-455;-303;4;-269;-480;
517715478;10;10;-268;-455;-315;10;-271;-479;
517716515;10;-4;-167;-581;-454;-8;-129;-335;
517717555;8;8;-138;-621;-484;-7;-116;-310;
517718588;23;6;-88;-657;-521;15;197;-281;
517719683;6;-10;-85;-683;-541;-13;183;-280;
517720794;2;-12;-91;-661;-526;-13;178;-275;
517721889;28;13;-73;-657;-515;-6;208;-253;
517722994;4;0;-100;-667;-515;-19;182;-278;
517724094;18;29;-77;-651;-498;9;207;-290;
517725130;19;3;-80;-658;-522;-2;185;-268;
517726152;4;23;-67;-663;-506;14;206;-269;
517727174;13;24;-78;-650;-517;1;198;-257;
517728195;18;17;-91;-656;-509;5;195;-278;
517729213;4;64;-68;-643;-509;9;187;-256;
517730236;7;25;-71;-650;-517;4;191;-264;
517731256;-8;2;-90;-661;-525;-4;174;-269;
517732293;5;9;-86;-650;-514;13;207;-257;
517733335;8;3;-83;-665;-512;-4;183;-255;
517734374;-12;1;-80;-656;-531;-3;179;-269;
517735408;-1;11;-82;-652;-521;0;181;-258;
517736448;2;0;-85;-669;-511;-5;191;-260;
517737483;13;22;-72;-664;-520;-2;189;-257;
517738502;10;18;-82;-658;-523;-1;176;-262;
517739528;-12;-10;-76;-666;-526;-10;181;-267;
517740550;11;17;-95;-668;-520;-3;197;-262;
517741571;14;3;-81;-664;-508;13;185;-254;
517742592;2;3;-66;-641;-514;12;195;-249;
517743613;-17;11;-64;-662;-529;0;193;-256;
517744639;-2;-96;-80;-663;-519;-18;179;-247;
517745661;4;-5;-79;-673;-545;91;179;-248;
517746682;4;-4;-79;-670;-531;-9;176;-254;
517747714;8;10;-47;-655;-518;3;188;-255;
517748737;-1;-8;-75;-673;-523;0;172;-251;
517749765;6;0;-96;-662;-532;8;185;-262;
517750797;8;6;-64;-660;-510;18;204;-254;
517751824;3;21;-62;-660;-524;13;197;-228;
517752857;0;-5;-107;-665;-518;1;180;-258;
517753888;-32;-31;-105;-691;-546;-20;159;-284;
517754913;-13;3;-86;-675;-544;-7;180;-259;
517755937;12;4;-111;-675;-524;4;193;-257;
517756961;-8;-2;-87;-653;-525;-8;169;-249;
517837156;16;-27;-133;-609;-474;-4;-100;-270;
517838263;17;5;-120;-599;-482;-13;-107;-283;
517839360;26;11;-118;-616;-476;13;-98;-283;
517840490;24;31;-113;-593;-464;3;-94;-274;
517841583;6;17;-107;-618;-474;9;-103;-283;
517842697;19;3;-114;-613;-488;2;-94;-277;
517843777;19;40;-113;-607;-484;0;-90;-274;
517844817;19;26;-112;-604;-479;3;-90;-278;
517845856;17;1;-128;-609;-480;10;-100;-275;
517846944;-15;-10;-128;-630;-488;-13;-106;-298;
517848064;26;13;-114;-607;-478;0;-102;-292;
517849158;10;9;-103;-606;-477;6;-96;-290;
517850269;22;6;-103;-606;-477;4;-102;-293;
517851380;-2;12;-115;-620;-476;-2;-114;-285;
517852476;22;11;-109;-604;-485;9;-111;-283;
517853507;26;10;-123;-606;-473;0;-97;-288;
517854601;20;-15;-107;-607;-486;-2;-96;-292;
517855647;1;8;-121;-616;-478;13;-99;-275;
517856677;9;1;-108;-618;-481;-2;-87;-288;
517857713;0;82;-116;-610;-445;-25;-95;-297;
517858741;-1;111;-80;-645;-509;12;170;-259;
517859772;-19;3;-89;-657;-509;-11;297;-261;
517860802;-2;20;-82;-640;-515;-9;182;-250;
517861829;3;-1;-155;-666;-517;15;183;-257;
517862864;-4;0;-93;-647;-498;-42;167;-265;
517863902;21;18;-81;-657;-500;4;177;-253;
517864928;-13;-8;-32;-673;-520;-18;159;-272;
517866018;7;12;-79;-654;-513;3;178;-259;
517867060;-5;10;-83;-660;-528;12;182;-245;
517868090;9;4;-72;-648;-504;0;171;-261;
517869153;-2;-3;-95;-669;-517;-2;163;-255;
517870264;23;14;-81;-623;-516;-2;180;-249;
517871378;2;12;-82;-675;-513;-8;183;-252;
517872506;-3;32;-88;-659;-517;-11;187;-264;
517873595;11;0;-75;-642;-513;15;186;-238;
517874715;17;59;-83;-645;-514;11;172;-241;
517875789;12;8;-88;-643;-515;8;182;-233;
517876828;3;-9;-84;-655;-476;-15;165;-255;
517877864;13;2;-76;-650;-513;8;178;-241;
517878912;23;17;-25;-648;-509;13;177;-237;
517880023;16;-5;-79;-644;-514;15;189;-258;
517881057;-2;-5;-82;-654;-525;-5;151;-268;
517882096;9;8;-79;-649;-511;2;170;-254;
517883128;11;1;-96;-657;-526;-5;181;-252;
517884174;17;10;-77;-656;-515;0;174;-242;
517885250;19;12;-86;-644;-466;0;186;-246;
517886284;12;9;-85;-652;-517;-8;179;-256;
517887320;27;3;-82;-623;-513;1;181;-255;
517888352;17;9;-83;-649;-501;0;178;-250;
517889388;38;23;-73;-630;-508;28;201;-239;
517890412;16;30;-87;-631;-498;9;185;-256;
517891449;16;-1;-100;-652;-510;4;171;-258;
517892472;1;17;-93;-649;-502;9;171;-256;
517893502;11;5;-100;-681;-514;-8;176;-257;
517894545;0;-14;-95;-653;-516;-8;160;-262;
517895611;-3;11;-97;-642;-509;-6;175;-250;
517896657;7;13;-97;-650;-504;-13;172;-263;
517897689;33;24;-79;-635;-508;23;189;-249;
517898721;49;61;-57;-609;-469;28;222;-206;
517899798;10;12;-99;-637;-515;2;172;-259;
517900835;0;1;-106;-665;-525;-14;163;-275;
517901898;-14;5;-111;-613;-530;-24;149;-263;
517902952;21;13;-100;-599;-506;0;177;-257;
517903991;30;7;-93;-629;-502;9;184;-245;
517905106;22;13;-88;-642;-498;8;183;-257;
517906222;14;26;-120;-643;-506;9;176;-253;
517907316;4;20;-95;-657;-516;-1;175;-247;
517908416;4;20;-65;-636;-516;-11;168;-256;
517909528;-39;-35;-141;-692;-558;-56;121;-302;
517910643;17;-81;-97;-649;-512;-5;172;-263;
517911740;3;15;-91;-640;-521;-13;173;-259;
517912809;8;4;-105;-679;-515;-23;163;-259;
517913841;4;-3;-101;-648;-514;1;168;-253;
517914940;52;39;-56;-610;-477;42;201;-203;
517915984;17;46;-95;-635;-503;3;171;-256;
517917058;13;0;-110;-656;-511;-13;168;-253;
517918184;7;8;-87;-635;-499;-6;181;-253;
517919285;8;4;-90;-674;-507;-12;177;-232;
517920402;-6;46;-113;-654;-431;-11;151;-187;
517921508;12;16;-82;-631;-499;2;169;-243;
517922633;0;0;-92;-644;-499;10;164;-260;
517923750;1;9;-79;-639;-492;6;182;-244;
517924853;4;6;-98;-650;-510;-10;166;-267;
517925879;16;10;-100;-636;-514;14;178;-258;
517926965;34;24;-68;-627;-496;9;180;-253;
517928080;3;12;-103;-651;-502;-3;178;-252;
517929189;29;18;-90;-638;-511;7;186;-252;
517930300;-5;-1;-93;-651;-511;3;162;-263;
517931409;13;16;-90;-642;-516;-1;173;-263;
517932517;15;-2;-93;-651;-508;-6;177;-267;
517933636;18;3;-82;-641;-537;2;169;-263;
517934745;0;-25;25;-657;-527;3;161;-257;
517935873;0;4;-89;-639;-537;-4;181;-254;
517936959;13;9;-87;-646;-504;6;171;-257;
517937987;80;79;-25;-580;-426;67;239;-186;
517939032;9;21;-102;-649;-503;5;175;-270;
517940135;-13;0;-94;-654;-517;-7;172;-262;
517941253;6;5;-89;-643;-508;9;181;-257;
517942364;-5;-7;-95;-651;-522;-11;161;-277;
517943472;-15;-23;-113;-649;-528;-20;150;-281;
517944589;-8;1;-94;-643;-502;9;181;-236;
517945699;18;24;-95;-637;-501;1;183;-250;
517946812;-8;-13;-102;-652;-513;-13;168;-270;
517947880;-4;4;-101;-653;-503;-19;169;-265;
517948914;10;15;-100;-659;-516;10;172;-252;
517949998;-2;-1;-104;-644;-501;-13;169;-259;
517951029;13;6;-80;-643;-497;6;184;-255;
517952057;-7;2;-96;-659;-506;-1;158;-269;
517953092;10;12;-81;-635;-498;5;174;-252;
517954139;-7;6;-105;-642;-496;-2;170;-275;
517955257;-3;-4;-106;-645;-482;0;170;-262;
517956381;-14;-12;-105;-658;-519;-10;162;-260;
517957486;-1;7;-111;-650;-627;3;169;-271;
517958594;0;-5;-102;-638;-507;-2;181;-262;
517959686;0;17;-88;-643;-494;8;162;-257;
517960764;2;6;-99;-655;-511;-15;158;-281;
517961791;78;78;-27;-581;-448;71;242;-195;
517962833;5;11;-87;-640;-499;-1;168;-256;
517963881;2;12;-100;-649;-515;-5;175;-263;
517964936;-6;-9;-106;-663;-524;7;148;-275;
517965979;-36;9;-88;-636;-482;3;175;-253;
517967049;5;11;-88;-592;-502;0;177;-257;
517968086;8;14;-90;-656;-513;-1;161;-260;
517969157;10;8;-93;-642;-502;-3;168;-256;
517970262;5;13;-88;-632;-503;8;171;-270;
517971365;6;7;-86;-660;-497;0;156;-263;
517972489;4;-8;-105;-652;-499;-4;173;-273;
517973599;0;-1;-97;-646;-503;4;159;-249;
517974703;-5;-2;-102;-632;-503;-6;261;-246;
517975822;7;8;-91;-634;-496;11;170;-262;
517976865;11;13;-98;-618;-504;0;179;-269;
517977887;11;39;-76;-638;-505;18;172;-255;
517978915;8;2;-49;-641;-505;21;186;-255;
517979941;9;3;-89;-645;-517;13;171;-258;
517980975;33;39;-58;-604;-464;42;203;-224;
517982054;13;9;-85;-649;-540;5;167;-257;
517983094;11;8;-86;-642;-513;2;174;-253;
517984121;-2;0;-80;-650;-503;-7;157;-270;
517985156;-3;-13;-100;-664;-538;-3;126;-254;
517986198;1;-4;-87;-642;-503;-2;174;-255;
517987256;12;-1;-90;-642;-514;10;160;-253;
517988293;0;4;-79;-653;-509;-5;174;-312;
517989368;4;7;-92;-652;-519;12;166;-254;
517990481;10;-3;-86;-656;-511;-11;175;-281;
517991585;6;0;-98;-643;-491;5;180;-266;
517992683;3;7;-95;-653;-511;3;164;-267;
517993780;-4;-5;-102;-683;-510;-11;156;-269;
517994892;13;3;-81;-639;-503;-8;178;-258;
517996015;8;24;-83;-632;-497;3;183;-252;
517997115;-37;-49;-142;-706;-544;-45;105;-307;
517998183;7;12;-94;-657;-507;11;175;-255;
517999236;2;8;-87;-653;-506;-1;182;-262;
518000296;5;8;-98;-644;-498;2;179;-263;
518001402;5;4;-81;-636;-494;-8;179;-258;
518002524;11;-2;-96;-645;-495;7;168;-259;
518003645;9;13;-99;-628;-494;17;164;-253;
518004748;9;11;-91;-643;-503;14;169;-245;
518005830;8;-5;-98;-643;-494;-5;180;-260;
518006946;-14;2;-98;-649;-500;-10;150;-254;
518008039;-6;-4;-108;-650;-495;-5;165;-274;
518009126;5;5;-103;-566;-493;5;174;-265;
518010187;-23;-15;-115;-660;-516;-24;142;-267;
518011300;-3;9;-107;-656;-504;-11;158;-232;
518012393;-3;45;-101;-644;-470;-5;167;-254;
518013511;8;-2;-81;-646;-492;2;162;-250;
518014600;24;-2;-105;-653;-503;-2;159;-222;
518015689;-2;1;-96;-597;-509;-4;160;-261;
518016802;-2;-11;-103;-621;-500;-2;151;-260;
518017910;-2;14;-100;-643;-491;2;169;-252;
518019027;21;16;-78;-638;-499;10;165;-249;
518020070;-7;6;-91;-642;-497;-1;170;-278;
518021100;-6;10;-101;-643;-508;-2;161;-273;
518022139;1;1;-99;-631;-493;-3;159;-252;
518023214;-22;-2;-109;-662;-502;-30;142;-280;
518024336;3;13;-91;-641;-507;15;156;-253;
518025470;-16;-14;-104;-657;-506;-11;153;-279;
518026576;14;11;-89;-659;-496;2;159;-272;
518027682;8;-7;-111;-650;-501;6;155;-271;
518028799;0;-5;-99;-660;-492;-5;172;-262;
518029892;36;42;-58;-599;-456;42;177;-238;
518030978;-11;-10;-113;-652;-481;-13;139;-269;
518032057;-3;3;-65;-647;-505;-28;151;-257;
518033098;-3;-9;-106;-653;-513;-6;167;-283;
518034143;0;-6;-96;-646;-507;12;157;-274;
518035252;1;7;-85;-641;-492;1;191;-234;
518036361;2;19;-91;-640;-489;11;166;-257;
518037491;-23;17;-92;-648;-505;2;155;-271;
518038600;11;-3;-91;-656;-492;8;154;-269;
518039711;0;-4;-97;-643;-489;14;166;-261;
518040819;-4;13;-77;-645;-502;-4;166;-263;
518041936;0;0;-97;-651;-500;0;154;-274;
518043034;0;19;-102;-644;-497;0;160;-283;
518044139;0;-2;-88;-650;-498;38;167;-257;
518045255;-3;3;-99;-646;-500;-2;167;-278;
518046342;-2;-3;-106;-645;-493;2;158;-262;
518047455;0;11;-94;-649;-498;3;153;-265;
518048574;-6;-6;-103;-638;-512;-5;170;-261;
518049671;0;-1;-79;-636;-494;0;155;-256;
518050723;1;-13;-99;-644;-504;7;172;-266;
518051752;-10;0;-94;-649;-498;0;163;-253;
518052790;6;20;-85;-653;-508;15;156;-258;
518053835;-5;-3;-96;-656;-503;4;154;-262;
518054863;7;-101;-95;-633;-501;3;156;-255;
518055906;0;8;-94;-645;-505;11;155;-258;
518056946;-7;2;-97;-652;-507;-9;146;-266;
518057977;0;1;-117;-647;-495;-2;154;-247;
518059011;-11;-6;-109;-660;-500;-5;149;-269;
518060051;2;4;-91;-639;-501;1;153;-253;
518061086;-24;-3;-105;-645;-495;-8;171;-262;
518062117;-44;-52;-142;-677;-534;-33;117;-301;
518063146;-8;3;-98;-656;-514;-8;145;-256;
518064174;9;11;-94;-648;-500;0;155;-257;
518065212;-16;4;-101;-652;-511;-6;149;-241;
518066253;-5;0;-92;-649;-506;0;145;-257;
518067285;1;8;-94;-643;-502;-4;150;-240;
518068319;0;5;-88;-648;-493;3;156;-255;
518069346;-28;-12;-117;-670;-527;-26;135;-282;
518070372;-10;-3;-95;-653;-510;-4;146;-284;
518071403;-11;-6;-97;-653;-505;-11;151;-265;
518072461;-7;18;-104;-652;-501;-5;146;-266;
518073552;4;6;-96;-645;-484;71;211;-243;
518074592;-1;11;-95;-686;-506;-1;148;-254;
518075616;0;-5;-107;-654;-506;-12;118;-267;
518076665;0;4;-91;-639;-497;7;158;-258;
518077761;-9;8;-99;-649;-498;-12;150;-260;
518078863;-9;0;-96;-656;-496;31;142;-256;
518079960;13;1;-96;-645;-490;8;154;-234;
518081060;-13;-9;-102;-653;-494;-8;138;-271;
518082163;-2;1;-97;-661;-500;1;146;-255;
518083262;1;17;-91;-644;-502;1;150;-277;
518084366;3;13;-86;-652;-494;7;156;-240;
518085436;-19;-2;-95;-643;-517;-2;147;-264;
518086492;6;8;-108;-657;-498;-6;143;-262;
518087555;-10;16;-105;-666;-503;1;149;-259;
518088582;-18;-9;-99;-667;-498;-10;134;-267;
518089644;8;0;-83;-645;-511;-1;150;-240;
518090678;0;0;-95;-642;-508;1;151;-252;
518091744;-1;-7;-96;-655;-510;0;146;-256;
518092794;0;0;-83;-642;-498;8;154;-253;
518093892;1;-2;-95;-648;-497;-1;163;-262;
518095004;5;6;-86;-616;-491;4;148;-248;
518096111;-7;-3;-81;-647;-505;0;153;-308;
518097193;-2;-11;-96;-655;-582;1;148;-248;
518098305;-11;-2;-107;-650;-495;5;130;-252;
518099424;17;27;-91;-642;-505;21;48;-262;
518100541;2;27;-115;-617;-453;14;-128;-298;
518101648;-18;-6;-132;-581;-448;-11;-158;-304;
518102771;-3;-10;-134;-606;-479;21;-146;-284;
518103868;-6;19;-130;-620;-465;19;-138;-298;
518104968;3;0;-87;-603;-450;5;-145;-280;
518106071;35;-7;-116;-604;-469;-4;-147;-282;
518107173;4;4;-163;-598;-468;0;-135;-293;
518108284;-1;-3;-115;-614;-469;-4;-141;-286;
518109383;-8;-8;-150;-623;-473;-4;-163;-290;
518110493;3;10;-116;-617;-467;7;-157;-281;
518111592;-16;-16;-144;-620;-473;-16;-163;-291;
518112681;-15;-3;-142;-626;-476;-24;-165;-314;
518113774;-6;4;-122;-605;-457;2;-132;-316;
518114886;0;-13;-116;-618;-465;0;-152;-283;
518115996;7;4;-117;-600;-448;-3;-138;-296;
518117098;12;-2;-119;-617;-468;-2;-145;-284;
518118202;-28;-23;-133;-608;-455;1;-154;-295;
518119314;-10;-19;-132;-624;-480;-6;-152;-309;
518120406;-9;-1;-118;-615;-453;-5;-53;-292;
518121513;-14;-18;-129;-627;-476;-17;-157;-282;
518122634;-8;2;-156;-631;-487;-66;-159;-322;
518123739;-2;-7;-113;-610;-466;9;-155;-290;
518124849;-22;-17;-262;-630;-474;2;-139;-311;
518125878;-5;-5;-129;-610;-479;-5;-158;-276;
518126905;-4;-10;-126;-606;-464;-113;-136;-273;
518127948;0;-1;-128;-618;-466;11;-152;-282;
518128988;4;-13;-122;-597;-461;0;-137;-310;
518130018;-3;-9;-122;-620;-462;-2;-148;-289;
518131056;13;10;-124;-602;-469;4;-124;-280;
518132164;-26;-10;-137;-621;-482;-21;-149;-294;
518133217;-17;-37;-130;-636;-476;-12;-150;-301;
518134244;-5;-13;-114;-608;-462;6;-143;-308;
518135277;-15;-13;-128;-631;-477;-5;-141;-294;
518136311;-19;-28;-157;-642;-485;-20;-174;-335;
518137377;-9;16;-129;-614;-467;4;-147;-292;
518138411;9;-10;-103;-605;-459;-3;-135;-265;
518139448;-13;0;-133;-609;-464;3;-157;-264;
518140485;8;-11;-118;-596;-446;-5;-155;-297;
518141513;33;30;-96;-595;-449;32;-127;-260;
518142547;11;-1;-112;-604;-460;10;-138;-274;
518143581;7;-2;-122;-616;-466;-2;-130;-276;
518144649;12;-13;-128;-610;-471;1;-145;-265;
518145679;0;16;-118;-618;-453;-1;-136;-283;
518146726;-3;-3;-119;-604;-471;3;-162;-290;
518147841;-15;-26;-129;-626;-470;-2;-153;-284;
518148950;-9;-83;-119;-606;-464;4;-123;-291;
518150064;5;-9;-118;-621;-463;1;-148;-282;
518151169;14;-25;-113;-616;-465;13;-161;-281;
518152281;8;-11;-127;-627;-467;-1;-154;-287;
518153369;4;-5;-121;-625;-468;-4;-146;-285;
518154509;-5;26;-113;-610;-460;-6;-124;-265;
518155611;-13;5;-125;-623;-480;2;-137;-292;
518156681;11;-3;-119;-614;-452;10;-131;-255;
518157755;5;-9;-125;-585;-475;-4;-124;-279;
518158853;-16;0;-132;-628;-486;9;-137;-277;
518159951;-8;-23;-108;-621;-467;2;-141;-276;
518161050;1;1;-128;-623;-466;-8;-136;-291;
518162153;-17;-25;-139;-631;-478;-13;-138;-294;
518163289;10;5;-113;-613;-463;5;-126;-264;
518164397;-4;6;-126;-618;-478;5;-128;-257;
518165509;16;12;-119;-601;-461;13;-79;-270;
518166639;-6;-2;-113;-620;-462;-1;-138;-289;
518167759;-26;4;-130;-620;-475;-2;-128;-260;
518168882;17;0;-106;-632;-467;10;-136;-278;
518169988;7;4;-129;-623;-471;-5;-162;-266;
518171094;8;11;-122;-616;-463;3;-126;-263;
518172206;-6;3;-122;-628;-413;-6;-120;-280;
518173311;-1;15;-104;-619;-477;6;-121;-271;
518174408;7;6;-114;-620;-479;3;-126;-271;
518175479;-4;-9;-129;-613;-468;-11;-146;-280;
518176598;3;-10;-115;-617;-465;-1;-126;-282;
518177709;-6;-101;-112;-621;-469;-6;-130;-261;
518178812;-2;4;-115;-620;-464;14;-124;-261;
518179930;11;-15;-130;-624;-479;9;-125;-269;
518181034;-1;-2;-126;-620;-473;-2;-119;-270;
518182142;10;-16;-102;-633;-469;7;-118;-257;
518183252;10;-5;-116;-619;-466;-5;-116;-265;
518184348;2;-19;-111;-622;-478;15;-124;-254;
518185457;-10;-16;-107;-621;-464;8;-126;-265;
518186514;-6;-5;-116;-644;-469;8;-126;-264;
518187604;-5;4;-125;-637;-482;20;-128;-274;
518188701;-14;-4;-106;-623;-459;-3;-109;-252;
518189839;-7;6;-118;-638;-482;-2;-113;-247;
518190944;-15;-23;-131;-650;-488;-13;-139;-268;
518192040;-14;-5;-96;-634;-479;2;-115;-254;
518193095;-5;-8;-103;-618;-468;0;-107;-253;
518194122;-6;-17;-124;-642;-481;0;-115;-254;
518195162;-31;-13;-128;-670;-486;-13;-125;-270;
518196187;5;6;-95;-632;-481;-12;-110;-253;
518197216;-12;-12;-110;-626;-489;-4;-104;-252;
518198251;-4;13;-95;-632;-484;9;-112;-249;
518199333;-5;0;-99;-632;-479;-4;-97;-249;
518200405;-17;-15;-108;-644;-482;11;-104;-258;
518201465;-5;-17;-116;-638;-471;-3;-112;-225;
518202526;-25;0;-137;-641;-480;-9;-110;-253;
518203553;-14;-5;-115;-640;-479;1;-98;-247;
518204646;-17;-7;-108;-638;-474;13;-56;-240;
518205756;-16;-1;-115;-636;-478;-1;-96;-234;
518206872;2;-11;-110;-644;-491;1;-110;-239;
518207983;-9;-9;-121;-631;-485;-14;-107;-245;
518209094;-9;24;-112;-651;-494;6;-104;-240;
518210206;0;19;-97;-648;-472;15;-102;-238;
518211314;-9;-12;-111;-648;-490;5;-92;-233;
518212417;9;-2;-99;-642;-487;2;-85;-232;
518213539;-1;-8;-103;-637;-489;77;-74;-234;
518214653;9;91;-102;-648;-471;26;-83;-222;
518215763;-4;1;-110;-653;-492;1;-90;-239;
518216859;5;-13;-105;-640;-485;-3;-87;-225;
518217959;-2;-10;-99;-631;-483;11;-64;-218;
518218989;-10;-10;-91;-638;-473;17;-59;-216;
518220021;-4;-28;-101;-658;-499;-10;-89;-230;
518221058;5;-16;-45;-640;-484;0;-71;-220;
518222096;-5;-17;-100;-660;-493;8;-73;-229;
518223122;-3;-8;-91;-652;-492;8;-69;-206;
518224156;0;-4;-94;-646;-489;13;-60;-220;
518225185;7;-12;-84;-639;-484;5;-47;-215;
518226213;3;-6;-101;-652;-498;-10;-78;-242;
518227252;6;1;-103;-643;-481;0;-51;-203;
518228365;-34;-16;-119;-667;-505;-8;-82;-219;
518229396;21;-10;-101;-654;-486;10;-53;-218;
518230442;2;-12;-99;-660;-494;4;-54;-225;
518231481;-44;-1;-51;-652;-502;12;-50;-220;
518232558;5;-7;-94;-652;-495;-5;-56;-196;
518233634;-17;-15;-108;-656;-514;-12;-57;-206;
518234724;3;1;-97;-657;-511;-2;-55;-189;
518235762;-1;-14;-96;-645;-506;-2;-39;-192;
518236844;-6;-15;-112;-647;-489;4;-41;-184;
518237888;1;5;-89;-657;-512;-2;-34;-195;
518238929;7;-6;-90;-651;-516;-2;-35;-194;
518240027;-10;-3;-94;-658;-518;-3;-39;-177;
518241113;-6;-22;-93;-672;-522;-14;-52;-192;
518242242;-3;0;-80;-667;-521;-22;-28;-182;
518243365;-1;-1;-90;-669;-515;-1;-26;-181;
518244517;3;-20;-83;-673;-531;2;-38;-189;
518245615;-12;-2;-82;-658;-518;0;-20;-163;
518246729;-1;1;-75;-673;-517;-1;-26;-172;
518247826;0;-1;-87;-670;-531;6;-20;-158;
518248868;9;5;-75;-676;-520;0;-16;-164;
518249910;10;4;-161;-664;-528;16;-10;-162;
518251031;-11;-8;-77;-683;-520;-13;-16;-154;
518252131;-8;-8;-83;-736;-531;1;-15;-178;
518253241;-3;-5;-89;-689;-530;0;-133;-162;
518254342;-5;-5;-83;-686;-536;-9;-21;-148;
518255472;8;-6;-78;-672;-538;-3;-9;-156;
518256573;-3;-4;-72;-691;-528;4;0;-145;
518257680;6;-2;-78;-694;-546;0;-5;-158;
518258779;16;-3;-83;-681;-533;4;-8;-149;
518259869;-14;118;-62;-678;-527;0;-12;-153;
518260983;0;-10;-81;-657;-543;14;0;-146;
518262120;-13;-9;-87;-682;-539;-3;-15;-157;
518263221;0;0;-82;-693;-516;0;-2;-145;
518264329;-23;-29;-94;-693;-544;-13;-11;-165;
518265419;-15;-11;-86;-691;-530;0;-14;-145;
518266530;-9;-1;-78;-696;-531;-1;-16;-150;
518267644;-30;-11;-86;-697;-537;2;-11;-164;
518268729;-22;-21;-79;-703;-527;3;-29;-161;
518269759;-14;-9;-75;-693;-511;8;-22;-161;
518270869;-28;-16;-70;-697;-519;14;-32;-169;
518272003;-5;-10;-75;-684;-515;0;-46;-157;
518273108;-11;-18;-70;-682;-496;7;-49;-164;
518274218;-11;-34;-87;-686;-527;-3;-62;-165;
518275308;4;3;-87;-679;-485;-3;-45;-149;
518276439;-4;-15;-79;-677;-513;2;-53;-168;
518277551;-2;-24;-81;-689;-508;6;-64;-172;
518278589;5;-8;-84;-693;-516;15;-50;-173;
518279621;0;-20;-83;-689;-510;-7;-71;-159;
518280695;-4;-8;-56;-679;-502;5;-77;-145;
518281742;2;-19;-65;-694;-491;1;-68;-180;
518282774;-2;-5;-70;-689;-512;-4;-71;-182;
518283852;-8;-21;-86;-707;-515;-13;-94;-193;
518284873;-1;-24;-68;-678;-520;5;-86;-176;
518285947;12;-26;-55;-709;-512;-6;-89;-186;
518286988;12;-21;-56;-688;-499;2;-89;-177;
518288027;14;-21;-76;-691;-499;-8;-92;-191;
518289057;20;1;-59;-691;-503;-7;-99;-194;
518290090;7;-10;-58;-702;-487;-12;-103;-191;
518291185;2;-15;-54;-681;-492;5;-111;-183;
518292319;25;-13;-48;-681;-475;3;-114;-174;
518293416;23;-2;-69;-694;-492;1;-88;-185;
518294532;-9;-32;-60;-693;-488;0;-88;-187;
518295623;40;-3;-42;-672;-483;16;-91;-191;
518296736;33;-13;-51;-701;-498;-1;-86;-199;
518297853;9;-31;-59;-742;-502;-11;-113;-211;
518298882;25;-22;-50;-705;-496;0;-99;-199;
518299912;20;-14;-43;-698;-483;1;-101;-202;
518300946;9;-5;-31;-702;-490;9;104;-183;
518301986;20;-10;-33;-712;-521;-1;109;-173;
518303017;-7;-28;-16;-720;-541;-15;92;-192;
518304061;-7;-33;-31;-725;-528;-17;87;-216;
518305172;4;-25;-21;-708;-525;-5;107;-169;
518306280;-10;-27;-25;-736;-541;10;96;-207;
518307393;6;-22;4;-696;-523;10;112;-117;
518308523;13;-7;8;-700;-503;16;129;-207;
518309643;-5;-20;-2;-702;-514;5;110;-191;
518310749;-2;-2;-6;-720;-538;-2;107;-191;
518311846;-3;-19;-15;-725;-541;-6;110;-202;
518312875;-17;-25;-25;-738;-528;-9;99;-210;
518313913;-10;-16;-8;-713;-527;6;117;-202;
518314957;-20;-15;5;-723;-515;15;122;-195;
518316047;-11;-10;2;-718;-531;1;115;-220;
518317091;-29;-15;21;-721;-529;8;112;-197;
518318119;36;37;88;-668;-475;62;171;-119;
518319164;-38;-35;17;-743;-562;-3;99;-229;
518320225;-47;-34;-30;-745;-568;-10;105;-213;
518321256;-35;-24;32;-743;-580;6;123;-218;
518322327;-39;-17;152;-750;-557;10;105;-223;
518323363;-38;-16;24;-756;-565;7;116;-225;
518324451;-33;-19;6;-754;-573;7;122;-183;
518325486;-46;-22;20;-768;-577;-2;102;-233;
518326547;-67;-43;133;-739;-586;11;112;-225;
518327654;-107;-78;-38;-758;-640;-53;63;-273;
518328766;-84;-72;-18;-735;-638;-33;77;-259;
518329876;-60;-28;19;-651;-606;0;117;-222;
518330988;-47;-31;1;-663;-612;19;108;-216;
518332082;-51;-18;-10;-653;-647;0;113;-220;
518333197;-48;-34;-22;-621;-694;2;116;-218;
518334299;-58;-31;-18;-569;-645;-2;113;-218;
518335399;-50;-31;-20;-610;-633;12;127;-190;
518336513;-64;-41;-28;-598;-641;0;124;-185;
518337615;-78;-43;-18;-560;-650;6;108;-194;
518338717;-59;-19;-12;-566;-655;-7;119;-197;
518339825;-55;-29;-8;-561;-644;-5;117;-182;
518340948;-44;-38;1;-545;-644;3;111;-184;
518342072;-47;-31;-2;-578;-639;3;130;-180;
518343186;-59;-47;-8;-522;-671;-4;106;-192;
518344290;-24;-25;0;-500;-580;4;130;-172;
518345393;-40;-36;-4;-437;-677;-5;110;-172;
518346517;-50;-33;13;-424;-661;17;123;-173;
518347600;-40;-27;10;-406;-655;5;129;-153;
518348714;-44;-29;10;-385;-622;1;124;-143;
518349800;-27;-24;29;-307;-577;5;134;-113;
518350919;-57;-69;8;-297;-555;-8;109;-73;
518352019;-43;-29;21;-232;-513;5;129;-104;
518353125;-23;-22;28;-195;-512;20;136;-88;
518354227;-38;-32;28;-207;-432;0;129;-93;
518355332;-59;-39;15;-209;-387;-26;114;-75;
518356453;-33;-31;12;-225;-321;10;120;-58;
518357542;3;-32;32;-207;-312;-10;123;-65;
518358644;-44;-40;15;-206;-382;0;108;-61;
518359748;-50;-34;19;-201;-381;4;118;-80;
518360856;-50;-39;30;-198;-365;21;130;-58;
518361969;-50;-27;23;-229;-384;2;116;-60;
518363074;-60;-59;3;-252;-383;-21;96;-82;
518364191;-30;-34;24;-204;-354;-5;135;-56;
518365280;-36;-33;36;-199;-294;20;150;-39;
518366388;-54;-30;22;-225;-293;4;113;-36;
518367501;-36;-109;38;-225;-288;3;43;-53;
518368622;-61;-27;86;-211;-297;5;26;-43;
518369720;-47;-32;83;-224;-261;8;59;-34;
518370813;-40;-33;76;-200;-346;15;35;-62;
518371935;-43;-21;75;-212;-324;10;42;-57;
518373019;-73;-37;65;-233;-340;-13;17;-67;
518374143;-49;-42;75;-183;-296;-3;45;-54;
518375258;-81;3;21;-123;-174;9;22;-61;
518376355;90;-54;64;-177;-312;13;49;-50;
518377467;-37;-117;5;-243;-306;-61;-15;-116;
518378566;-51;-27;65;-166;-264;-34;51;-43;
518379659;-54;-12;39;-145;-321;-2;25;-59;
518380759;-23;-19;38;-154;-310;-1;42;-51;
518381865;-30;-30;35;-141;-314;-4;34;-65;
518382983;-27;-39;98;-138;-297;13;41;-65;
518384084;-35;-27;63;-157;-305;1;24;-93;
518385199;-19;-30;43;-156;-288;-15;6;-119;
518386316;-29;-25;58;-144;-321;-8;39;-66;
518387412;-49;-50;44;-167;-355;-17;8;-165;
518388523;-34;-27;42;-146;-270;-18;-89;-223;
518389633;-52;-34;51;-152;-262;8;21;-100;
518390748;-44;-48;44;-160;-302;-8;-48;-164;
518391849;-75;-33;39;-193;-339;9;57;-67;
518392946;-51;-33;47;-162;-319;5;37;-66;
518394044;-51;-35;50;-167;-304;6;48;-51;
518395147;-46;-42;43;-190;-365;-6;43;-62;
518396240;-46;-50;55;-188;-357;-7;32;-71;
518397348;-54;-55;38;-192;-335;-20;-33;-151;
518398378;-25;-40;-3;-168;-313;3;-107;-229;
518399477;-20;-39;44;-220;-329;0;-50;-45;
518400506;-29;-41;38;-162;-325;-4;31;-65;
518401559;-34;-40;42;-177;-362;5;3;-47;
518402672;-22;-55;35;-177;-359;-16;26;-80;
518403787;-25;-47;51;-116;-374;1;27;-75;
518404913;-38;-46;13;-172;-399;-7;17;-80;
518406020;-45;-49;-2;-178;-405;-1;28;-100;
518407115;-48;-56;33;-174;-458;-14;16;-95;
518408221;-26;-36;34;-172;-452;-8;24;-91;
518409332;-28;-48;37;-173;-462;-7;8;-104;
518410396;-13;-21;45;-163;-455;4;20;-81;
518411525;-37;-40;49;-170;-441;6;18;-94;
518412646;-57;-43;-70;-175;-454;7;25;-85;
518413745;-28;-16;34;-166;-439;-14;31;-73;
518414841;-20;-37;44;-167;-464;0;15;-91;
518415956;-42;-26;37;-166;-460;4;15;-86;
518417056;-53;-23;30;-145;-465;21;12;-88;
518418151;-68;-24;38;-157;-583;2;37;-77;
518419236;-67;-52;29;-168;-464;-5;1;-91;
518420308;-76;-42;29;-175;-474;2;3;-93;
518421341;-60;-33;37;-146;-579;6;26;-76;
518422466;-63;-33;36;-131;-480;-7;25;-87;
518423562;-65;-40;12;-156;-491;2;13;-87;
518424675;-73;-46;0;-175;-498;-9;8;-96;
518425771;-51;-28;-77;-163;-528;1;9;-90;
518426876;-56;-40;22;-155;-530;131;22;-104;
518428001;-41;-50;7;-154;-533;10;17;-74;
518429121;-51;-30;-2;-161;-544;2;9;-88;
518430176;-51;-66;-15;-168;-557;-1;-1;-102;
518431253;-65;-52;-3;-179;-562;1;-8;-95;
518432342;-55;-42;-4;-184;-577;12;-31;-161;
518433452;-57;-33;7;-75;-507;16;-106;-226;
518434548;-68;37;-38;-181;-584;-20;-48;-151;
518435677;-53;-39;-7;-155;-593;0;-10;-117;
518436794;-47;-25;-4;-149;-590;2;-10;-122;
518437896;-64;-58;21;-166;-593;-13;-26;-127;
518439010;-42;-35;38;-156;-586;-1;3;-123;
518440116;-29;-32;39;-156;-559;5;153;-111;
518441211;-54;-42;25;-390;-561;-6;133;-136;
518442318;-54;-54;22;-377;-568;-25;130;-137;
518443460;-50;-19;17;-389;-559;-8;148;-123;
518444558;-38;-38;21;-410;-553;-5;142;-135;
518445676;-31;-21;16;-377;-534;5;143;-124;
518446784;-50;-51;8;-463;-511;8;145;-133;
518447875;-56;-38;-2;-539;-517;-44;139;-154;
518448912;-30;-15;9;-540;-477;12;157;-132;
518449939;-56;-15;12;-540;-476;8;142;-141;
518451028;-44;-34;6;-540;-454;0;146;-146;
518452106;-31;-31;-1;-517;-450;4;145;-133;
518453143;-30;-34;15;-529;-461;4;150;-139;
518454196;-15;-2;36;-482;-433;10;169;-116;
518455249;-27;-8;36;-500;-447;7;146;-125;
518456294;-34;-13;18;-480;-438;-16;138;-119;
518457391;-39;-11;21;-467;-424;-3;151;-126;
518458506;-28;-16;23;-467;-415;13;178;-105;
518459608;-30;-21;20;-450;-417;-5;143;-115;
518460718;-36;-13;7;-448;-417;11;136;-130;
518461826;-42;-36;9;-456;-425;5;137;-116;
518462929;-28;-15;14;-454;-409;2;150;-111;
518463976;-27;-33;12;-459;-382;-5;139;-110;
518465063;7;20;36;-439;-387;21;181;-78;
518466092;-24;-7;16;-456;-402;14;142;-98;
518467157;-46;-8;1;-460;-423;-12;137;-111;
518468190;-46;-18;0;-481;-429;-11;134;-111;
518469254;-37;-25;-12;-483;-436;-19;133;-104;
518470302;-29;-29;-1;-481;-404;16;137;-93;
518471338;-26;0;3;-464;-421;15;125;-95;
518472377;-25;-9;-12;-486;-417;16;146;-99;
518473481;-38;-15;-49;-490;-426;-8;133;-96;
518474595;-32;1;-25;-488;-420;1;143;-75;
518475686;-23;-9;-39;-479;-415;0;158;-94;
518476781;-23;-13;-49;-513;-412;14;146;-77;
518477870;-24;-13;-36;-526;-416;-4;158;-79;
518478904;-39;-27;-63;-547;-435;-5;139;-96;
518479938;-29;-5;-54;-537;-413;1;151;-93;
518480973;-26;-23;-54;-542;-409;-17;61;-100;
518482048;-18;-36;-58;-551;-422;-7;147;-110;
518483142;-20;-29;-51;-543;-415;5;155;-94;
518484206;-62;-36;-64;-553;-425;-13;123;-106;
518485250;54;-30;-63;-557;-417;-5;141;-95;
518486334;-15;-98;-159;-545;-470;-11;139;-95;
518487372;-29;-61;-66;-561;-428;-16;139;-94;
518488456;-23;-49;-54;-557;-407;13;140;-90;
518489495;-8;-106;-83;-554;-418;5;147;-89;
518490528;-29;-121;-71;-550;-421;4;145;-83;
518491556;-17;-149;-87;-557;-434;-9;129;-99;
518492584;-25;-167;-68;-548;-413;0;155;-86;
518493616;-5;-136;-68;-556;-426;-1;150;-83;
518494713;-35;-100;-79;-552;-427;-11;137;-70;
518495844;0;-74;-73;-545;-409;5;159;-70;
518496942;-12;-67;-73;-551;-416;8;144;-68;
518498028;-20;-65;-92;-552;-426;-9;146;-86;
518499136;-13;33;-73;-564;-429;0;149;-91;
518500240;-11;-46;-85;-563;-433;-4;145;-86;
518501359;-10;-45;-86;-557;-418;6;144;-85;
518502471;-8;-30;-79;-542;-414;9;143;-67;
518503582;-22;-57;-97;-547;-433;6;149;-226;
518504685;-16;-30;-81;-555;-437;5;154;-83;
518505769;-11;-49;-81;-704;-415;10;166;-84;
518506883;-66;-42;-78;-568;-420;0;142;-75;
518507986;-4;-48;-85;-557;-412;-6;157;-74;
518509105;-13;-39;-76;-556;-435;-9;146;-85;
518510205;-32;-50;-91;-580;-432;-3;142;-95;
518511310;-27;-49;-95;-591;-440;-4;135;-94;
518512458;-35;-32;-76;-580;-418;3;139;-90;
518513585;-10;-40;-91;-455;-427;-1;173;-81;
518514687;-8;-12;-66;-558;-420;-2;143;-87;
518515779;-23;-48;-148;-585;-444;-9;143;-92;
518516876;-22;-10;-78;-560;-418;-1;136;-80;
518517974;-24;-3;-79;-567;-427;5;145;-85;
518519091;-21;-25;-141;-570;-422;-5;150;-82;
518520184;-8;-15;-88;-580;-435;5;155;-66;
518521283;-2;-18;-84;-566;-420;6;146;-74;
518522333;-7;2;-91;-581;-423;5;153;-72;
518523364;-15;-2;-89;-569;-437;0;144;-79;
518524395;-11;5;-75;-575;-416;12;149;-70;
518525455;-12;-8;-72;-590;-442;1;147;-74;
518526553;-12;0;-68;-590;-431;3;151;-78;
518527651;-34;-9;-84;-484;-445;3;147;-126;
518528782;-13;-13;-83;-593;-423;4;26;-100;
518529891;-26;-1;-87;-577;-414;3;24;-93;
518530931;-11;21;-91;-566;-411;-1;35;-80;
518531968;-15;-1;-76;-579;-425;1;29;-93;
518533025;-26;11;-100;-660;-419;3;36;-93;
518534121;-28;-6;-99;-586;-424;-12;33;-100;
518535202;-16;14;-83;-585;-410;5;28;-87;
518536284;-38;-12;-109;-590;-431;-18;12;-115;
518537318;-12;6;-86;-567;-423;0;39;-81;
518538400;51;12;-93;-576;-418;3;48;-79;
518539446;-35;-14;-104;-594;-429;-86;26;-92;
518540499;-7;-1;-81;-574;-415;-3;32;-92;
518541598;-13;-5;-87;-571;-401;-137;28;-106;
518542696;-10;5;-86;-585;-395;-17;31;-88;
518543812;-2;1;-80;-673;-410;-2;41;-92;
518544920;-20;0;-75;-575;-416;-3;44;-98;
518545978;-27;13;-75;-571;-406;6;41;-88;
518547011;-21;-1;-89;-579;-418;2;46;-85;
518548046;-13;3;-93;-574;-404;-130;27;-100;
518549079;-4;0;-78;-576;-412;-1;38;-85;
518550124;-16;-4;-84;-575;-419;0;30;-82;
518551208;-22;-15;-88;-579;-409;-13;39;-98;
518552244;-11;0;-74;-564;-412;2;39;-91;
518553323;-5;-6;-91;-587;-423;2;27;-108;
518554352;0;13;-79;-576;-414;-5;29;-86;
518555380;-12;11;-80;-560;-404;9;37;-84;
518556416;-15;-2;-79;-569;-429;4;30;-100;
518557495;-19;-9;-73;-588;-435;-11;18;-113;
518558525;-14;11;-79;-567;-427;8;36;-84;
518559607;-13;-4;-98;-594;-421;3;25;-90;
518560668;-23;2;-100;-589;-443;-13;24;-92;
518561718;-1;11;-81;-573;-427;-5;44;-89;
518562775;-1;29;-77;-578;-417;4;35;-96;
518563918;-7;26;-74;-579;-434;0;34;-95;
518565015;-20;24;-93;-569;-416;-2;26;-77;
518566131;-10;4;-100;-573;-412;4;25;-109;
518567225;-11;19;-92;-571;-414;3;26;-90;
518568331;-22;18;-103;-588;-425;-16;26;-99;
518569458;-18;23;-98;-578;-425;3;29;-92;
518570578;-26;24;-101;-584;-430;-10;17;-104;
518571674;-24;18;-131;-591;-426;-11;11;-108;
518572781;-10;45;-74;-567;-436;14;27;-94;
518573888;-12;47;-98;-567;-423;6;29;-98;
518574997;-14;37;-140;-577;-431;-5;37;-92;
518576107;-11;35;-99;-588;-425;-1;33;-104;
518577213;-13;54;-195;-570;-429;9;26;-85;
518578303;-13;36;-55;-574;-432;-3;22;-89;
518579394;-2;40;-76;-582;-425;4;33;-96;
518580443;-1;39;-90;-577;-428;-6;28;-101;
518581473;-18;31;-97;-574;-429;8;22;-103;
518582499;-17;14;-85;-542;-435;13;25;-92;
518583528;11;26;-77;-563;-427;6;30;-93;
518584631;-18;9;-116;-593;-456;71;-2;-117;
518585747;-10;15;-90;-571;-428;6;18;-101;
518586855;-28;16;-99;-590;-444;-16;19;-110;
518587965;-15;15;-96;-570;-435;4;24;-98;
518589073;-11;27;-97;-567;-424;0;25;-103;
518590108;-24;16;-106;-589;-441;-12;7;-119;
518591222;-3;19;-103;-579;-439;-2;23;-92;
518592312;-24;33;-93;-584;-444;-7;13;-115;
518593395;-12;38;-97;-573;-439;58;23;-97;
518594447;-23;32;-109;-580;-446;-8;13;-101;
518595495;-9;-39;-92;-567;-437;10;32;-100;
518596557;-7;39;-107;-560;-433;0;10;-98;
518597648;-11;29;-103;-568;-434;-1;13;-108;
518598747;-10;34;-108;-573;-432;-4;12;-100;
518599840;-15;23;-105;-574;-439;-8;8;-104;
518600949;-12;17;-103;-581;-444;-11;14;-105;
518602056;-9;12;-92;-564;-452;3;20;-110;
518603151;-39;32;-105;-557;-442;1;9;-89;
518604247;-8;27;-96;-566;-442;13;24;-100;
518605349;8;28;-103;-572;-532;9;5;-106;
518606464;0;11;-108;-562;-401;0;15;-117;
518607558;-11;34;-85;-567;-464;4;141;-99;
518608659;0;40;-96;-571;-456;6;155;-79;
518609770;-9;41;-83;-589;-469;-5;32;-87;
518610870;1;48;-169;-576;-456;1;138;-95;
518611972;-3;52;-95;-584;-458;0;151;-87;
518613057;-17;35;-102;-578;-475;-7;146;-90;
518614156;-12;53;-96;-585;-466;11;145;-101;
518615261;-17;34;-103;-575;-472;-8;143;-82;
518616369;-2;32;-93;-578;-464;4;145;-73;
518617486;-1;18;-102;-571;-460;1;146;-77;
518618587;-18;11;-103;-564;-471;10;153;-100;
518619695;-13;14;-100;-573;-469;0;132;-85;
518620792;-2;-3;-103;-591;-476;-10;130;-106;
518621905;-4;8;-102;-584;-459;8;138;-84;
518622988;17;34;-63;-542;-459;36;169;-70;
518624083;-8;5;-109;-579;-469;2;143;-111;
518625183;-9;12;-99;-572;-470;-7;129;-89;
518626299;-13;0;-100;-581;-469;9;149;-96;
518627399;102;-14;-93;-566;-458;3;148;-106;
518628510;-2;-7;-107;-579;-474;-5;149;-93;
518629626;-8;9;-82;-572;-574;9;138;-92;
518630715;-1;18;-98;-576;-464;0;148;-86;
518631839;1;15;-92;-567;-463;12;161;-93;
518632908;-3;0;-100;-580;-456;-8;133;-96;
518634003;8;14;-102;-567;-463;12;145;-94;
518635117;-11;9;-92;-575;-476;-3;142;-104;
518636236;95;103;4;-461;-361;103;245;29;
518637353;-13;-4;-102;-572;-473;-5;150;-96;
518638484;-21;1;-111;-574;-483;-14;136;-99;
518639592;5;15;-91;-538;-441;15;160;-87;
518640689;-29;-16;-122;-590;-491;-25;125;-90;
518641809;-21;-1;-104;-596;-469;4;143;-107;
518642907;-5;5;-82;-569;-454;15;156;-100;
518644021;-5;-2;-102;-580;-472;-9;139;-94;
518645117;-5;4;-104;-574;-453;1;135;-100;
518646234;-3;-16;-114;-571;-475;-16;136;-111;
518647341;-12;4;-86;-569;-451;-2;152;-96;
518648464;16;0;-78;-566;-448;3;150;-93;
518649528;4;9;-99;-562;-462;0;155;-99;
518650594;-8;-7;-106;-559;-460;-9;141;-100;
518651679;7;6;-90;-555;-468;10;158;-94;
518652791;-19;-9;-100;-594;-444;-9;146;-108;
518653899;-8;1;-84;-555;-456;-4;155;-81;
518655015;4;1;-102;-548;-462;1;145;-76;
518656139;-2;5;-92;-550;-454;-9;153;-101;
518657237;-19;-17;-114;-581;-481;-5;118;-117;
518658351;-15;-8;-103;-580;-474;-8;139;-104;
518659466;-4;-1;-111;-577;-469;0;137;-92;
518660547;9;-1;-88;-554;-464;-92;141;-98;
518661663;-5;-1;-99;-557;-568;15;153;-81;
518662751;-8;81;-106;-567;-464;8;136;-98;
518663879;-14;-14;-105;-584;-482;7;131;-111;
518664977;8;4;-103;-550;-460;24;149;-87;
518666080;-14;5;-107;-561;-472;-1;146;-98;
518667192;-6;-21;-123;-589;-485;-17;125;-113;
518668301;-14;0;-113;-571;-467;-1;242;-96;
518669384;3;-6;-126;-567;-477;-16;145;-97;
518670492;-9;0;-115;-569;-460;2;140;-110;
518671576;0;8;-96;-569;-469;-5;149;-82;
518672666;-13;-16;-114;-579;-489;-5;134;-102;
518673698;3;-1;-96;-552;-461;15;154;-85;
518674726;-7;73;-116;-563;-474;-8;134;-99;
518675766;-13;-9;-98;-568;-460;8;146;-95;
518676803;-2;-4;-107;-559;-469;1;142;-105;
518677851;-10;13;-88;-567;-467;-2;152;-88;
518678961;26;-8;-91;-553;-471;3;142;-92;
518680058;-3;-7;-105;-556;-462;10;145;-80;
518681163;-12;9;-91;-567;-478;-4;113;-90;
518682257;-20;-2;-108;-569;-483;-4;142;-105;
518683367;-4;-4;-100;-563;-464;11;148;-78;
518684480;5;-2;-97;-542;-464;74;30;-99;
518685578;-26;-16;-131;-570;-528;-17;1;-115;
518686653;-13;-40;-108;-548;-462;-13;0;-110;
518687684;-12;-13;-116;-566;-464;-6;12;-111;
518688717;0;3;-105;-540;-353;9;-26;-98;
518689754;4;5;-113;-541;-456;2;17;-107;
518690797;-14;3;-117;-549;-458;2;17;-135;
518691837;-16;-14;-119;-557;-473;-42;0;-116;
518692871;-14;-22;-120;-558;-473;-17;7;-115;
518693911;-32;-30;-147;-602;-485;-32;-37;-136;
518694937;4;3;-112;-534;-439;5;6;-99;
518695976;-1;-1;-103;-535;-456;-70;16;-114;
518697013;-6;-5;-117;-545;-457;-15;6;-118;
518698046;1;11;-116;-543;-460;0;1;-103;
518699084;1;-2;-118;-537;-458;-12;3;-117;
518700105;5;19;-114;-529;-455;1;-14;-116;
518701133;-2;-8;-127;-542;-463;-11;-5;-135;
518702166;-15;-16;-138;-546;-458;-6;5;-131;
518703206;-7;-6;-125;-552;-498;15;-11;-126;
518704230;-9;5;-119;-544;-461;-4;11;-96;
518705259;4;13;-103;-534;-445;4;4;-97;
518706296;-2;4;-150;-544;-443;1;-5;-108;
518707322;-5;-6;-119;-536;-464;1;-5;-102;
518708354;-1;-1;-121;-521;-450;2;-1;-116;
518709382;-9;-7;-166;-505;-412;-13;-41;-148;
518710444;-19;-11;-150;-557;-428;16;-33;-162;
518711562;-3;-8;-132;-540;-443;5;-59;-207;
518712684;1;9;-135;-542;-438;1;-23;-114;
518713793;-3;-2;-99;-531;-452;3;1;-103;
518714894;1;14;-113;-538;-459;-3;2;-124;
518715986;-26;8;-129;-551;-449;0;-13;-180;
518717098;-13;4;-130;-540;-450;-5;-17;-161;
518718128;-10;-3;-112;-528;-451;4;-12;-128;
518719155;-4;-14;-122;-547;-458;-1;-16;-129;
518720185;-9;-8;-115;-546;-464;4;-4;-121;
518721219;-3;-8;-120;-549;-454;5;-16;-118;
518722295;-2;3;-119;-560;-452;-6;-10;-122;
518723366;-13;-4;-162;-548;-472;-8;-22;-125;
518724417;-14;0;-122;-550;-457;-9;-19;-131;
518725468;8;-5;-108;-539;-455;0;-9;-113;
518726500;1;-47;-108;-511;-465;-4;-26;-126;
518727546;-1;-10;-121;-544;-469;-5;75;-125;
518728646;-17;-8;-125;-550;-464;-3;-8;-124;
518729756;4;0;-112;-544;-456;6;150;-108;
518730860;-16;-17;-112;-581;-483;-13;137;-109;
518731955;-5;-3;-103;-562;-473;-1;139;-114;
518733044;-10;0;-113;-574;-493;-16;138;-123;
518734152;-13;0;-90;-572;-476;-15;145;-105;
518735252;-8;-4;-120;-573;-487;-2;164;-113;
518736380;-17;-3;-119;-572;-485;-10;128;-119;
518737419;-3;14;-106;-522;-438;2;-81;-223;
518738512;-5;-5;-137;-550;-464;-4;130;-132;
518739555;-17;0;-126;-554;-485;4;133;-112;
518740629;-9;13;-107;-565;-486;4;147;-123;
518741728;-2;-8;-111;-573;-494;44;134;-111;
518742819;-14;8;-123;-567;-481;-12;129;-115;
518743923;-6;4;-101;-550;-483;5;140;-117;
518745033;-20;1;-116;-575;-488;-4;124;-208;
518746142;-21;-16;-120;-566;-491;1;120;-124;
518747253;6;16;-103;-556;-477;12;146;-114;
518748357;-11;-1;-104;-562;-475;-2;154;-106;
518749478;-2;6;-108;-569;-530;-6;153;-111;
518750595;-6;3;-108;-572;-483;-6;136;-117;
518751687;-8;2;-110;-569;-497;0;134;-120;
518752803;-13;-4;-125;-580;-491;-13;141;-123;
518753905;4;16;-78;-582;-486;4;150;-105;
518755032;-20;-16;-118;-583;-508;-25;135;-133;
518756140;-3;-17;-115;-582;-494;-13;125;-116;
518757194;-25;-12;-127;-579;-492;0;125;-119;
518758267;-8;-8;-108;-576;-523;-10;129;-137;
518759362;1;10;-100;-560;-483;10;143;-115;
518760422;-16;-10;-124;-563;-488;-9;140;-113;
518761477;-1;15;-106;-559;-467;4;142;-99;
518762572;-13;-3;-121;-583;-486;-9;151;-109;
518763694;-8;13;-94;-559;-475;13;137;-94;
518764796;-4;21;-103;-557;-485;1;155;-116;
518765907;0;0;-108;-559;-493;13;150;-105;
518767027;7;7;-100;-549;-474;20;142;-98;
518768140;-5;3;-102;-544;-487;2;158;-105;
518769244;-6;3;-108;-569;-494;21;147;-108;
518770282;-6;10;-114;-552;-477;2;143;-96;
518771309;-4;14;-111;-556;-478;0;138;-107;
518772345;-4;-7;-122;-575;-503;-6;132;-123;
518773380;-16;-11;-128;-577;-494;0;120;-126;
518774420;-10;-8;-105;-558;-483;3;140;-117;
518775447;-13;4;-93;-553;-494;-5;137;-119;
518776474;-4;7;-116;-571;-500;1;135;-117;
518777502;-19;-21;-120;-585;-497;-14;131;-120;
518778528;-13;-14;-111;-571;-487;-13;133;-123;
518779556;-2;8;-105;-565;-475;11;151;-104;
518780583;-6;-5;-108;-572;-487;-5;133;-108;
518781626;-19;-9;-113;-561;-498;-13;141;-113;
518782658;-9;-9;-114;-562;-507;-8;146;-120;
518783688;-9;-3;-112;-575;-498;-5;138;-107;
518784722;-8;-7;-91;-565;-472;0;217;-102;
518785812;-19;-19;-119;-595;-504;-19;136;-122;
518786881;-15;2;-91;-555;-492;-3;140;-99;
518787965;-10;-3;-111;-562;-497;-3;129;-113;
518789000;-5;0;-108;-562;-494;-4;127;-108;
518790123;-2;-1;-114;-554;-491;13;148;-114;
518791234;-8;17;-90;-564;-505;4;144;-115;
518792333;-9;-9;-121;-553;-490;12;16;-84;
518793452;-19;-23;-111;-529;-492;2;131;-125;
518794553;0;-7;-112;-567;-493;1;128;-119;
518795664;-4;-7;-111;-558;-489;1;144;-120;
518796699;20;18;-87;-547;-460;22;170;-108;
518797728;-2;-2;-106;-563;-491;-1;135;-107;
518798766;-9;2;-107;-580;-498;-11;139;-125;
518799860;-4;15;-108;-554;-482;7;152;-137;
518800885;-17;-8;-109;-561;-496;-29;139;-167;
518801927;-10;-1;-104;-559;-495;-4;140;-126;
518802950;-6;-26;-110;-567;-484;-6;175;-132;
518803983;4;-7;-110;-536;-494;1;137;-123;
518805018;-29;-5;-108;-561;-495;-2;145;-125;
518806060;-9;4;-101;-567;-475;-1;146;-119;
518807090;-8;-11;-111;-574;-499;3;124;-135;
518808138;0;-6;-112;-567;-494;4;129;-134;
518809171;-16;-3;-106;-556;-489;0;134;-137;
518810212;-12;-3;-111;-552;-502;-13;128;-133;
518811255;0;-4;-108;-564;-503;-5;133;-137;
518812331;-15;-23;-79;-571;-505;-1;125;-131;
518813391;-5;2;-100;-558;-487;4;139;-145;
518814447;-20;-17;-112;-565;-501;-3;136;-137;
518815474;-1;4;-108;-549;-499;16;145;-142;
518816516;-9;-7;-108;-566;-495;0;144;-120;
518817555;0;52;-107;-564;-473;1;155;-112;
518818581;-9;0;-91;-547;-489;12;141;-128;
518819676;-19;-15;-121;-586;-510;-64;116;-131;
518820798;-13;-14;-120;-557;-498;3;129;-141;
518821905;-15;-17;-121;-569;-508;-75;130;-149;
518823015;-8;8;-95;-562;-488;6;142;-116;
518824111;-6;-14;-119;-561;-492;-10;129;-134;
518825173;3;4;-109;-549;-495;-2;148;-143;
518826213;-15;-7;-111;-570;-484;-6;137;-136;
518827247;0;1;-99;-553;-489;0;142;-120;
518828330;0;-9;-103;-560;-488;0;151;-64;
518829392;-8;6;-101;-555;-480;-24;158;-128;
518830457;-4;-2;-101;-557;-488;12;145;-123;
518831504;5;-3;-110;-561;-481;-4;129;-138;
518832547;24;18;-79;-540;-465;29;176;-104;
518833579;0;0;-101;-567;-487;4;143;-129;
518834608;-8;-2;-96;-549;-497;17;145;-93;
518835694;-9;-7;-104;-555;-501;-9;118;-129;
518836729;-21;-25;-133;-574;-512;-25;116;-136;
518837764;-6;-6;-116;-558;-498;-22;136;-129;
518838805;-15;0;-109;-565;-491;-2;127;-133;
518839900;-11;-3;-108;-570;-493;5;128;-144;
518841016;-5;3;-103;-561;-528;-2;133;-32;
518842115;4;16;-101;-554;-490;103;-1;-143;
518843228;21;-1;-127;-549;-500;5;123;-120;
518844324;-13;-14;-110;-578;-502;-10;12;-146;
518845441;7;3;-132;-539;-480;-6;-31;-164;
518846544;-22;-10;-141;-552;-477;-17;-46;-165;
518847635;1;9;-127;-539;-472;28;-34;-112;
518848683;-10;-3;-131;-529;-465;-7;-44;-155;
518849774;-2;2;-125;-544;-473;0;-47;-154;
518850882;-4;10;-135;-540;-448;9;-45;-163;
518851990;-5;12;-123;-539;-464;8;-45;-143;
518853095;6;2;-112;-527;-464;-90;-36;-149;
518854192;4;8;-121;-533;-467;33;-51;-156;
518855308;-14;9;-130;-546;-470;-6;-33;-160;
518856442;6;-4;-126;-536;-464;5;-42;-150;
518857472;-2;-9;-133;-536;-478;4;-56;-154;
518858577;-9;-9;-179;-545;-471;-3;-44;-162;
518859625;-19;-5;-142;-543;-469;-3;-35;-159;
518860655;-5;4;-119;-528;-465;0;-35;-156;
518861696;-3;-11;-149;-530;-467;0;-37;-157;
518862731;-1;-68;-138;-548;-542;-4;-54;-164;
518863814;12;3;-128;-537;-473;0;-40;-159;
518864847;-19;2;-139;-532;-488;-11;-47;-172;
518865884;-17;14;-122;-540;-468;-9;-48;-159;
518866931;6;0;-121;-543;-472;-9;-54;-166;
518867958;0;8;-136;-530;-453;5;-49;-167;
518869000;-9;-3;-133;-537;-469;-20;-58;-154;
518870096;-5;25;-129;-534;-478;0;-48;-152;
518871215;-7;0;-134;-536;-471;2;-46;-130;
518872303;-17;4;-130;-550;-473;-6;-52;-156;
518873397;-9;-6;-139;-552;-477;-16;-48;-172;
518874514;6;-9;-132;-550;-475;-9;-58;-156;
518875575;-5;-5;-83;-540;-476;-1;-43;-137;
518876609;-1;-3;-122;-567;-501;3;139;-132;
518877651;-4;0;-110;-542;-497;-1;147;-116;
518878758;1;-5;-112;-568;-490;-9;135;-139;
518879795;3;2;-113;-566;-491;9;142;-137;
518880835;-6;-11;-118;-565;-498;-19;124;-139;
518881866;-16;-12;-110;-575;-497;-12;125;-135;
518882906;0;0;-103;-561;-489;0;142;-128;
518883941;-4;-16;-124;-561;-507;-4;126;-133;
518884975;-9;-11;-117;-569;-502;9;137;-137;
518886017;6;6;-99;-555;-480;18;152;-123;
518887050;0;0;-103;-558;-487;10;143;-128;
518888109;23;39;-72;-520;-458;34;172;-98;
518889171;-8;-13;-116;-576;-503;-9;133;-138;
518890203;-4;2;-68;-546;-485;4;147;-127;
518891297;0;-1;-109;-569;-499;1;139;-114;
518892326;-3;0;-103;-542;-485;-1;137;-124;
518893361;1;40;-101;-561;-489;-28;138;-112;
518894391;6;-4;-114;-567;-502;0;155;-125;
518895440;-2;5;-117;-555;-487;3;131;-122;
518896502;17;-4;-105;-551;-495;3;129;-120;
518897547;11;6;-113;-562;-483;-5;149;-122;
518898578;13;9;-99;-558;-485;13;138;-104;
518899619;-15;1;-122;-569;-491;-5;139;-129;
518900653;2;11;-99;-546;-498;9;142;-130;
518901699;-8;9;-94;-553;-493;5;132;-129;
518902801;-3;2;-112;-575;-493;-7;142;-125;
518903891;3;7;-110;-550;-498;-6;136;-134;
518904988;-8;2;-105;-556;-486;10;132;-127;
518906081;-10;-6;-96;-561;-495;7;141;-129;
518907191;-15;-8;-129;-562;-498;-11;136;-120;
518908286;-3;-1;-118;-566;-492;2;138;-131;
518909397;-17;-9;-112;-573;-509;3;123;-129;
518910532;-22;-14;-121;-559;-507;7;129;-129;
518911649;-2;14;-134;-552;-484;18;135;-109;
518912747;-13;-13;-127;-581;-506;-11;120;-117;
518913844;-3;3;-105;-564;-496;15;140;-130;
518914945;-4;-9;-122;-567;-502;-9;134;-108;
518916052;-7;-3;-123;-554;-502;12;112;-104;
518917167;-3;-76;-99;-551;-501;-3;138;-120;
518918255;0;5;-92;-556;-501;0;144;-129;
518919319;4;9;-96;-548;-489;8;133;-109;
518920364;3;5;-101;-564;-484;13;140;-113;
518921411;0;6;-101;-567;-493;15;142;-116;
518922492;10;8;-113;-558;-491;-6;146;-117;
518923587;29;-17;-126;-595;-527;-19;116;-137;
518924683;-5;13;-113;-553;-487;6;148;-109;
518925795;1;5;-103;-567;-497;3;149;-113;
518926905;4;-9;-110;-564;-498;-12;137;-115;
518928006;-5;-5;-97;-558;-490;2;125;-107;
518929116;-3;-2;-125;-561;-504;-4;130;-131;
518930172;3;2;-103;-476;-489;5;142;-62;
518931201;-20;0;-103;-559;-499;-12;120;-125;
518932229;-15;-5;-124;-561;-492;-12;33;-120;
518933273;-11;-10;-109;-559;-503;-2;131;-116;
518934311;2;3;-102;-553;-484;1;143;-106;
518935351;-8;-13;-114;-563;-507;-9;134;-114;
518936385;-9;-13;-112;-561;-494;-12;135;-115;
518937486;5;5;-99;-542;-493;5;145;-99;
518938528;1;5;-111;-547;-499;3;134;-102;
518939620;0;8;-91;-528;-502;13;137;-103;
518940655;18;16;-94;-558;-495;21;142;-107;
518941708;11;14;-88;-547;-484;19;146;-94;
518942824;-14;-12;-125;-564;-512;-1;123;-125;
518943937;-10;-12;-108;-564;-498;129;124;-111;
518945043;0;12;-100;-541;-489;10;144;-121;
518946143;6;12;-115;-552;-493;19;134;-110;
518947232;26;-10;-106;-559;-514;-12;158;-118;
518948279;7;11;-118;-564;-502;6;136;-118;
518949308;14;3;-34;-553;-488;3;134;-75;
518950335;18;1;-112;-565;-491;8;133;-112;
518951375;1;12;-117;-557;-494;-2;145;-93;
518952414;-6;1;-102;-558;-498;-5;122;-108;
518953451;-16;-6;-122;-576;-510;-12;138;-117;
518954517;-1;44;-101;-556;-484;11;139;-97;
518955553;-3;0;-107;-556;-490;-23;130;-81;
518956574;-2;-1;-113;-564;-506;-6;128;-113;
518957601;-6;-3;-111;-573;-497;3;123;-101;
518958623;4;5;-2;-562;-533;4;143;-102;
518959650;-4;-3;-112;-558;-502;-9;132;-109;
518960671;-4;-3;-118;-556;-501;-7;137;-110;
518961693;5;5;-99;-551;-489;2;133;-95;
518962715;-9;-9;-124;-568;-501;-6;133;-116;
518963738;0;7;-115;-543;-441;34;149;-104;
518964772;0;-1;-112;-543;-480;-7;138;-114;
518965806;-9;-11;-108;-561;-504;-11;127;-105;
518966834;-9;-9;-108;-561;-495;-5;137;-111;
518967876;59;52;-61;-490;-431;48;193;-52;
518968914;6;13;-92;-542;-480;19;168;-95;
518969998;-3;-18;-117;-555;-500;-6;135;-117;
518971027;5;4;-94;-553;-481;6;133;-93;
518972104;-9;-11;-122;-562;-513;-16;126;-117;
518973128;-1;-6;-110;-551;-492;3;129;-104;
518974156;5;10;-113;-561;-495;-5;142;-99;
518975177;3;3;-114;-557;-500;3;133;-105;
518976203;-2;-4;-118;-543;-500;9;128;-109;
518977224;2;11;-100;-543;-487;6;132;-99;
518978246;10;4;-103;-547;-484;16;133;-93;
518979266;1;-3;-115;-553;-480;18;146;-103;
518980293;11;-7;-96;-541;-476;0;135;-92;
518991281;-7;-9;-112;-550;-495;5;-14;-137;
518992381;-8;-8;-124;-535;-489;0;-45;-124;
518993486;14;0;-136;-541;-472;6;-41;-112;
518994515;2;-1;-135;-528;-469;4;-50;-117;
518995539;-1;-10;-132;-527;-471;6;-50;-115;
518996561;-6;-1;-130;-533;-477;-4;-41;-113;
518997582;-6;-8;-226;-546;-483;-5;-45;-110;
518998603;-5;-10;-125;-553;-465;5;-56;-120;
518999638;20;7;-122;-531;-457;32;-41;-117;
519000688;8;0;-127;-523;-466;-8;-44;-122;
519001715;4;-6;-132;-522;-466;-4;-37;-124;
519002752;-11;-15;-142;-526;-474;-5;-62;-134;
519003789;1;-9;-122;-536;-476;-5;-59;-133;
519004828;-15;-10;-140;-532;-467;-44;-70;-161;
519005856;-3;1;-152;-514;-465;-66;-66;-142;
519006880;-15;-9;-149;-527;-543;-43;-80;-151;
519007901;-17;-13;-148;-532;-473;0;-60;-127;
519008923;-2;-15;-144;-529;-465;-5;-54;-137;
519009945;0;0;-130;-536;-478;-12;-64;-145;
519010970;-10;-16;-142;-538;-475;3;-55;-151;
519011993;-14;-13;-138;-542;-476;2;-61;-130;
519013015;5;13;-128;-526;-461;0;-67;-111;
519014042;3;2;-140;-536;-466;-10;-54;-126;
519015067;5;9;-123;-521;-463;5;-52;-126;
519016094;-9;3;-130;-521;-471;-9;-48;-119;
519017121;30;24;-89;-503;-440;33;-115;-91;
519018156;3;9;-128;-528;-471;8;-42;-101;
519019193;3;14;-123;-517;-455;6;-52;-115;
519020225;10;2;-136;-521;-454;13;-48;-113;
519021261;20;31;-101;-503;-443;8;-33;-96;
519022341;4;27;-127;-540;-451;10;-50;-110;
519023371;2;-13;-128;-525;-472;-7;-65;-135;
519024471;-12;1;-152;-548;-468;-12;-67;-130;
519025527;-3;3;-132;-558;-474;-2;-63;-127;
519026635;-5;13;-129;-516;-479;-3;-56;-137;
519029839;-22;8;-122;-555;-501;2;120;-124;
519030939;-8;-7;-117;-554;-502;-17;129;-118;
519032034;19;8;-116;-561;-484;4;128;-120;
519033141;-1;0;-118;-554;-495;-6;128;-116;
519034234;-5;9;-113;-557;-490;14;136;-102;
519035354;-54;-1;-120;-560;-494;-19;114;-120;
519036474;1;15;-93;-555;-488;14;132;-111;
519037577;-4;8;-115;-545;-480;-3;134;-108;
519038682;2;4;-112;-550;-472;-4;126;-112;
519039801;4;8;-118;-560;-486;6;125;-112;
519040901;-11;1;-119;-560;-485;-8;121;-103;
519041988;-18;-3;-114;-550;-480;-28;126;-108;
519043067;-10;-1;-115;-574;-486;-2;115;-118;
519044091;-1;0;-104;-551;-488;0;130;-104;
519045112;13;-8;-105;-553;-479;11;131;-103;
519046133;-2;19;-105;-537;-477;6;137;-101;
519047156;12;18;-108;-554;-478;-5;131;-109;
519048178;-11;-6;-106;-564;-492;15;120;-127;
519049207;-9;-1;-130;-570;-491;-5;119;-155;
519050236;3;15;-115;-555;-477;21;130;-105;
519051268;-11;1;-123;-563;-503;7;123;-116;
519052369;4;1;-96;-551;-541;2;124;-107;
519053500;3;16;-114;-564;-470;9;126;-110;
519054603;5;29;-105;-554;-484;5;134;-98;
519055719;-11;9;-103;-555;-478;13;129;-112;
519056820;10;2;-104;-548;-514;-5;128;-105;
519057923;5;5;-103;-541;-485;9;126;-95;
519059006;-14;-8;-117;-568;-482;-8;115;-117;
519060047;-15;-8;-114;-559;-496;-13;114;-110;
519061071;-9;-9;-125;-560;-490;-1;131;-108;
519062098;2;10;-109;-541;-483;7;131;-93;
519063152;1;1;-120;-549;-489;14;129;-103;
519064237;2;3;-118;-537;-479;2;133;-100;
519065291;11;8;-105;-546;-485;-5;118;-111;
519066311;-8;-8;-125;-562;-497;-13;114;-110;
519067325;0;2;-114;-554;-477;3;124;-113;
519068349;-11;3;-125;-561;-489;-12;123;-108;
519069374;-23;-22;-143;-583;-502;-35;100;-215;
519070393;1;1;-119;-543;-474;9;129;-62;
519071415;5;6;-112;-552;-474;-2;121;-103;
519072442;16;34;-103;-544;-477;2;132;-109;
519073464;-9;-4;-125;-561;-469;-13;110;-116;
519074495;5;4;-109;-535;-481;-5;119;-102;
519075532;0;16;-102;-543;-471;2;123;-122;
519076576;3;19;-120;-555;-479;-6;133;-116;
519077694;-1;6;-107;-543;-489;5;129;-110;
519078816;7;27;-104;-545;-474;0;136;-108;
519079905;3;-10;-116;-541;-478;13;127;-115;
519081019;3;16;-105;-542;-486;-2;128;-101;
519082141;5;13;-117;-552;-473;0;242;-115;
519083193;1;17;-116;-583;-468;-4;125;-107;
519084214;4;18;-110;-541;-473;0;124;-120;
519085236;-6;8;-149;-543;-470;-5;123;-114;
519086258;-5;3;-118;-554;-484;0;118;-125;
519087280;1;55;-109;-546;-357;3;140;-112;
519088301;-1;4;-121;-542;-469;-1;105;-129;
519089322;8;21;-118;-542;-465;3;129;-113;
519090343;6;17;-115;-545;-471;1;130;-105;
519091371;1;52;-129;-553;-486;-10;118;-123;
519092393;13;4;-119;-545;-460;6;134;-116;
519093438;5;0;-121;-552;-509;-5;129;-120;
519094476;17;11;-96;-531;-453;13;143;-108;
519095501;3;33;-104;-480;-475;2;123;-127;
519096531;-1;17;-107;-543;-368;0;117;-127;
519097555;1;13;-108;-545;-488;0;124;-117;
519098606;3;-5;-131;-539;-480;-2;118;-139;
519099643;-6;-9;-120;-545;-480;6;120;-121;
519100670;-8;0;-109;-537;-460;13;133;-102;
519101695;3;13;-115;-539;-468;0;119;-116;
519102725;10;-4;-115;-536;-469;-3;133;-120;
519103764;16;5;-106;-545;-453;1;128;-113;
519104798;15;12;-125;-536;-462;-1;116;-117;
519105835;-10;16;-103;-543;-464;9;125;-116;
519106867;4;0;-126;-550;-470;-3;107;-126;
519107907;-3;-8;-135;-550;-491;3;81;-133;
519108948;14;12;-117;-546;-466;-2;121;-119;
519110064;24;-7;-127;-545;-474;-2;120;-114;
519111089;4;1;-134;-533;-482;4;126;-108;
519112156;1;-12;-142;-550;-482;-8;109;-57;
519113222;-13;-7;-124;-560;-479;-13;116;-116;
519114283;-23;-1;-130;-556;-478;-14;115;-137;
519115310;-1;12;-112;-527;-463;17;127;-111;
519121357;-4;6;-144;-538;-459;6;126;-140;
519122481;-14;-9;-117;-559;-498;-16;116;-158;
519123588;18;0;-115;-544;-449;0;116;-128;
519124695;-10;-5;-117;-551;-474;-8;112;-141;
519125788;5;12;-227;-540;-467;12;127;-140;
519126825;-22;-10;-146;-565;-481;-16;95;-175;
519127864;-5;6;-94;-544;-568;3;124;-141;
519128901;-2;8;-122;-545;-454;-1;118;-156;
519129928;-17;12;-133;-555;-460;3;109;-153;
519130962;2;13;-148;-534;-452;2;133;-149;
519132055;-1;11;-127;-541;-464;-12;123;-147;
519133143;-76;-76;-195;-607;-534;-75;52;-230;
519134255;-6;7;-83;-554;-477;-134;125;-279;
519135378;-99;-103;-227;-632;-575;-124;21;-266;
519136493;5;11;-157;-549;-458;10;113;-171;
519137604;-11;13;-126;-541;-477;-8;118;-160;
519138702;-7;5;-135;-550;-464;-11;118;-147;
519139819;20;7;-118;-554;-453;-2;127;-177;
519140919;-13;-4;-133;-541;-465;-9;119;-168;
519142006;0;12;-120;-531;-458;14;129;-158;
519143073;7;12;-108;-533;-492;6;139;-151;
519144113;0;14;-137;-544;-502;-9;113;-166;
519145159;-3;14;-122;-535;-451;-5;127;-161;
519146270;12;27;-116;-535;-460;0;122;-161;
519147351;-1;12;-119;-519;-458;0;-8;-177;
519148484;-1;18;-131;-568;-456;-3;119;-161;
519149592;11;15;-128;-528;-450;-20;29;-182;
519150687;1;1;-141;-515;-445;0;-92;-178;
519151790;3;7;-162;-506;-427;-3;-94;-181;
519152888;13;21;-154;-495;-425;0;9;-158;
519153995;16;8;-131;-515;-452;-18;-63;-175;
519155093;0;0;-163;-511;-425;-7;-109;-191;
519156133;6;10;-144;-505;-435;6;-100;-199;
519157264;-12;-1;-176;-516;-432;-13;-126;-216;
519158380;-4;3;-158;-513;-422;4;-105;-202;
519159499;-8;9;-168;-498;-423;-158;-138;-231;
519160589;15;90;-186;-488;-388;3;-107;-220;
519161681;0;0;-166;-376;-419;-41;-116;-220;
519162725;-9;3;-173;-517;-441;1;-139;-268;
519163828;7;12;-168;-494;-413;10;-118;-222;
519164915;4;11;-159;-504;-425;3;-126;-223;
519165950;-1;4;-169;-498;-422;5;-124;-225;
519167026;-2;23;-168;-500;-418;-7;-116;-226;
519168072;3;10;-165;-488;-410;8;-119;-223;
519169098;-24;6;-170;-500;-421;-30;-136;-233;
519170135;4;8;-278;-495;-419;-4;-131;-202;
519171170;0;24;-167;-500;-412;12;-125;-220;
519172273;3;5;-185;-558;-425;-13;-134;-216;
519173392;0;9;-161;-489;-412;10;-116;-231;
519174517;-4;21;-173;-503;-409;16;-126;-220;
519175623;33;22;-142;-498;-430;13;151;-165;
519176716;7;10;-126;-520;-446;-3;129;-178;
519177805;-15;0;-143;-537;-462;0;128;-192;
519178895;-6;9;-148;-550;-465;-18;115;-209;
519179999;-2;6;-126;-530;-446;13;144;-178;
519181033;6;19;-160;-542;-445;-6;144;-185;
519182122;11;18;-119;-531;-444;21;143;-176;
519183192;4;44;-141;-555;-453;-4;134;-216;
519184315;-19;2;-151;-559;-470;-20;117;-198;
519185404;9;14;-127;-546;-466;4;128;-181;
519186522;-16;-26;-150;-565;-467;-21;116;-191;
519187637;8;6;-128;-539;-464;16;142;-166;
519188724;-16;9;-128;-558;-455;-17;127;-183;
519189817;4;14;-132;-549;-438;3;139;-174;
519190935;-7;14;-137;-547;-459;-4;140;-182;
519192030;12;25;-117;-535;-443;7;149;-172;
519193131;-3;21;-129;-556;-455;-13;140;-177;
519194243;8;18;-131;-540;-451;-3;138;-184;
519195342;21;37;-111;-526;-440;21;162;-173;
519196459;82;23;-129;-540;-457;1;137;-188;
519197571;4;16;-133;-541;-450;-5;151;-193;
519198678;0;17;-163;-539;-453;-9;139;-189;
519199783;4;3;-137;-550;-449;-9;141;-191;
519200874;13;18;-130;-539;-451;5;234;-180;
519201960;8;21;-128;-568;-435;11;153;-185;
519203038;-4;6;-128;-527;-440;1;143;-188;
519204138;-21;0;-148;-558;-466;-34;123;-212;
519205261;-2;13;-128;-543;-439;0;146;-184;
519206358;-4;9;-126;-535;-451;0;158;-175;
519207472;4;-1;-129;-549;-434;-8;154;-201;
519208563;5;19;-133;-546;-443;-5;166;-225;
519209649;5;13;-131;-533;-439;18;159;-200;
519210677;-9;0;-137;-548;-448;3;146;-201;
519211704;-4;3;-129;-548;-427;-5;162;-195;
519212741;16;18;-129;-508;-429;5;172;-193;
519213788;-3;-1;-136;-542;-446;-7;152;-232;
519214879;-17;9;-139;-546;-440;-5;175;-225;
519215979;-7;10;-132;-545;-429;0;175;-224;
519217089;13;21;-116;-515;-409;12;189;-183;
519218192;0;6;-139;-541;-426;-1;182;-206;
519219299;-4;2;-129;-542;-420;-5;206;-221;
519220400;-10;0;-118;-539;-440;-19;162;-235;
519221477;8;10;-128;-542;-434;12;184;-195;
519222508;6;13;-128;-539;-427;15;182;-190;
519223540;-13;-1;-50;-596;-466;-5;186;-168;
519224575;3;-7;-119;-543;-419;-25;183;-183;
519225607;-9;-5;-149;-544;-423;1;181;-194;
519226674;10;5;-113;-515;-415;13;209;-199;
519227746;-19;-1;-145;-547;-442;-14;201;-239;
519228776;14;3;-136;-541;-422;5;219;-201;
519229803;12;4;-127;-522;-407;21;237;-216;
519230839;4;8;-132;-524;-421;7;234;-221;
519231921;9;0;-134;-521;-403;6;233;-232;
519232951;-16;-7;-147;-530;-416;-24;217;-222;
519234008;-7;-5;-153;-536;-424;-11;213;-237;
519235126;-10;0;-149;-527;-412;-7;185;-248;
519236245;-9;-2;-143;-542;-441;-2;156;-252;
519237349;1;2;-190;-526;-423;-3;180;-232;
519238471;-7;5;-139;-532;-425;-2;171;-234;
519239611;12;4;-170;-528;-425;2;185;-260;
519240657;0;1;-130;-527;-429;9;179;-232;
519241691;-8;-7;-160;-542;-438;-2;161;-254;
519242726;5;8;-121;-535;-421;-5;179;-239;
519243759;-3;14;-130;-528;-580;-1;169;-267;
519244840;-26;-2;-155;-549;-444;-15;148;-249;
519245878;-1;5;-132;-545;-446;-6;163;-257;
519246920;-4;-6;-153;-551;-449;4;157;-319;
519247961;2;5;-139;-642;-433;0;170;-247;
519248993;-10;-17;-163;-523;-440;-34;117;-275;
519250022;-5;4;-147;-533;-428;-5;195;-313;
519251112;65;66;-65;-449;-372;65;259;-203;
519252237;5;6;-149;-516;-439;-14;180;-276;
519253346;112;5;-150;-522;-432;15;186;-395;
519254448;-1;4;-171;-534;-439;6;182;-289;
519255537;2;1;-132;-527;-427;6;192;-294;
519256654;-2;-5;-164;-511;-408;9;214;-289;
519257777;1;13;-153;-491;-403;20;236;-290;
519258809;0;-4;-161;-489;-409;1;221;-307;
519259836;-12;-23;-193;-497;-402;-11;221;-315;
519260929;-11;0;-206;-470;-381;6;296;-297;
519261967;-8;-16;-229;-453;-384;-8;281;-301;
519263033;-5;-10;-232;-439;-369;-10;281;-320;
519264080;0;9;-223;-439;-361;0;284;-307;
519265109;-2;0;-240;-425;-346;5;293;-309;
519266136;-9;-19;-249;-472;-345;2;262;-318;
519267166;-26;-5;-256;-450;-363;-10;269;-321;
519268211;-18;-20;-260;-439;-364;-18;240;-329;
519269278;-7;-18;-242;-438;-362;-1;263;-318;
519270376;-2;-13;-222;-424;-363;6;261;-313;
519271496;-6;-13;-241;-428;-365;4;252;-314;
519272632;-16;-19;-239;-440;-366;-6;246;-305;
519273737;-8;-11;-223;-441;-364;-3;251;-307;
519274833;-9;-9;-232;-445;-376;-7;253;-312;
519275935;-20;3;-238;-455;-384;3;241;-302;
519276974;90;-8;-240;-462;-378;-11;220;-299;
519277995;-4;-4;-220;-440;-377;1;243;-284;
519279023;-5;-10;-234;-454;-407;15;232;-271;
519280055;-10;-8;-220;-437;-362;3;13;-336;
519281097;35;-6;-265;-383;-322;4;-148;-323;
519282127;-4;-7;-286;-387;-321;-4;-143;-345;
519283167;-18;-18;-294;-398;-307;-1;-134;-330;
519284198;-12;8;-287;-377;-295;5;-123;-321;
519285236;0;2;-315;-363;-298;14;-120;-311;
519286337;-11;-3;-313;-356;-273;5;-124;-297;
519287367;-1;3;-326;-379;-265;5;-136;-455;
519288399;-9;-21;-367;-312;-229;-9;-124;-498;
519289462;-19;-40;-336;-325;-260;-8;-97;-286;
519290493;-2;2;-330;-339;-250;1;-89;-268;
519291526;-1;14;-363;-330;-252;5;-91;-262;
519292555;-12;-8;-356;-306;-232;1;-81;-244;
519293643;-30;-25;-369;-327;-244;-4;-98;-263;
519294676;-32;-36;-381;-324;-218;3;-97;-272;
519295718;-9;-17;-379;-316;-233;-16;-91;-369;
519296751;-9;-19;-410;-283;-181;-9;-69;-425;
519297783;30;34;-390;-211;-120;43;-14;-366;
519298855;-19;-8;-428;-267;-175;-15;-64;-419;
519299961;-10;-20;-424;-267;-178;-16;-63;-402;
519301082;-13;-13;-419;-276;-169;-9;-61;-409;
519302196;-8;-7;-410;-309;-149;0;-48;-398;
519303314;12;-8;-401;-271;-158;0;-58;-386;
519304438;-10;-27;-407;-288;-177;-6;-59;-238;
519305525;-4;-21;-391;-339;-205;22;-62;-226;
519306590;-46;-59;-410;-354;-236;-31;-94;-265;
519307666;-8;-21;-361;-319;-220;14;-60;-231;
519308706;-7;-20;-357;-331;-216;13;-71;-228;
519309775;-15;-45;-387;-334;-234;-3;-99;-254;
519310806;-8;-34;-369;-336;-220;5;-75;-227;
519311839;-44;-81;-402;-381;-254;-24;-115;-290;
519312892;-18;-70;-367;-342;-235;-6;-80;-247;
519313974;-20;-65;-365;-352;-239;3;-91;-270;
519314993;-3;-67;-329;-355;-238;1;-81;-347;
519316090;-35;-91;-345;-377;-268;-11;-127;-185;
519317118;-16;-93;-345;-377;-266;-1;-95;-305;
519318146;-10;-88;-314;-386;-374;0;-93;-311;
519319176;-38;-120;-328;-395;-282;-29;-103;-335;
519320217;-28;-147;-317;-406;-283;-1;-103;-316;
519321245;-20;-181;-297;-419;-275;7;-100;-319;
519322357;-29;-185;-291;-439;-341;3;-115;-381;
519323479;-26;-223;-252;-466;-374;-4;-110;-399;
519324574;-45;-125;-253;-473;-386;-6;-124;-395;
519325680;-39;-164;-230;-502;-381;1;201;-349;
519326783;-58;-133;-181;-539;-455;0;261;-353;
519327812;-43;-145;-345;-348;-258;-13;-73;-580;
519328844;-42;-98;-266;-465;-404;9;285;-314;
519329873;-37;-118;-180;-504;-439;3;279;-329;
519330907;-76;-128;-200;-516;-455;19;280;-343;
519331960;-58;-115;-188;-498;-429;0;276;-323;
519332987;-37;-100;-201;-500;-436;0;268;-314;
519334017;-50;-261;-188;-501;-426;9;262;-311;
519335055;-21;10;-198;-505;-424;0;266;-317;
519336098;-63;-50;-212;-501;-444;3;264;-329;
519337130;-105;-20;-184;-500;-439;0;261;-314;
519338167;-46;-20;-204;-494;-436;-9;273;-336;
519339196;-28;-17;-224;-501;-444;-5;267;-318;
519340224;-24;-16;-224;-485;-428;-8;284;-331;
519341251;-16;-2;-229;-493;-436;10;282;-326;
519342281;-3;-2;-223;-491;-430;2;290;-329;
519343318;28;-3;-226;-482;-429;-1;281;-338;
519344349;22;-12;-176;-506;-440;-6;284;-343;
519345378;13;-14;-237;-532;-444;-17;271;-331;
519346414;16;-12;-241;-510;-428;-7;265;-345;
519347447;3;9;-175;-479;-427;-4;243;-335;
519348474;16;-17;-233;-484;-438;-9;275;-333;
519349528;-15;6;-231;-484;-433;2;272;-338;
519350559;-23;-2;-276;-488;-443;5;270;-340;
519351592;-38;-12;-233;-503;-448;-13;237;-342;
519352629;-32;0;-238;-518;-432;-10;268;-343;
519353660;6;-29;-230;-494;-436;-3;275;-344;
519354691;-10;1;-228;-482;-447;-8;261;-335;
519355722;19;9;-220;-484;-438;8;270;-331;
519356748;-22;-9;-235;-483;-456;-14;271;-333;
519357784;-29;0;-228;-489;-425;5;283;-333;
519358808;-34;17;-229;-487;-449;-2;270;-333;
519359849;-20;-7;-208;-494;-440;7;266;-338;
519371897;59;15;-220;-491;-438;3;276;-323;
519373025;61;-12;-220;-500;-450;-4;266;-319;
519374113;55;-7;-204;-494;-461;7;210;-325;
519375226;82;20;-225;-503;-443;5;262;-314;
519376324;68;13;-222;-491;-449;-3;271;-321;
519377355;49;21;-205;-503;-455;-55;257;-320;
519378462;19;5;-206;-498;-457;-7;263;-323;
519379518;39;6;-206;-508;-450;4;266;-334;
519380560;15;49;-191;-511;-461;-13;255;-320;
519381602;69;7;-190;-499;-447;15;264;-312;
519382656;85;10;-208;-519;-457;-3;246;-361;
519383734;117;31;-219;-526;-457;1;259;-306;
519384832;135;22;-203;-520;-456;-11;253;-318;
519385878;95;37;-191;-512;-446;8;258;-305;
519386921;115;16;-205;-515;-470;-9;241;-330;
519387970;102;35;-193;-531;-452;62;248;-320;
519389082;129;62;-161;-489;-436;25;275;-285;
519390206;124;25;-229;-525;-452;-6;245;-318;
519391319;117;44;-195;-523;-460;-1;256;-299;
519392451;164;50;-186;-519;-458;1;250;-295;
519393546;166;35;-185;-518;-464;-5;245;-299;
519394653;99;27;-204;-534;-478;-16;232;-309;
519395766;87;41;-174;-543;-469;10;246;-291;
519396847;104;23;-185;-526;-462;6;250;-306;
519397873;86;40;-193;-531;-476;0;234;-314;
519398907;67;51;-192;-532;-485;-12;235;-402;
519399938;88;41;-173;-537;-468;2;246;-303;
519400973;76;10;-196;-543;-494;-16;229;-304;
519401999;85;39;-169;-526;-474;3;241;-305;
519403027;54;51;-191;-556;-494;-13;226;-447;
519404055;73;51;-181;-544;-472;2;243;-306;
519405095;54;70;-173;-531;-471;5;249;-283;
519406121;67;43;-176;-562;-478;0;237;-301;
519407157;66;82;-166;-532;-481;7;249;-304;
519408204;75;42;-185;-557;-472;0;242;-306;
519409236;26;35;-181;-551;-482;13;229;-288;
519410262;80;36;-178;-561;-505;9;225;-455;
519411297;77;44;-171;-533;-480;17;242;-290;
519412334;80;49;-178;-562;-479;15;243;-284;
519413364;88;37;-192;-564;-477;-1;233;-289;
519414447;51;25;-191;-576;-500;-7;166;-302;
519415514;70;28;-176;-566;-493;-1;230;-275;
519416569;63;48;-171;-555;-489;0;237;-283;
519417646;119;40;-145;-565;-489;-5;244;-282;
519418678;51;43;-167;-576;-502;-9;235;-281;
519419775;67;35;-161;-573;-491;-4;237;-281;
519420904;93;49;-167;-558;-489;21;237;-282;
519422009;83;40;-170;-571;-488;-6;214;-284;
519423093;84;59;-186;-588;-503;-6;239;-277;
519424215;98;51;-152;-573;-499;-6;225;-282;
519425247;99;44;-142;-575;-490;18;263;-263;
519426284;93;31;-158;-583;-466;5;229;-262;
519427311;67;-6;-194;-616;-529;-30;189;-296;
519428338;102;52;-146;-667;-504;-30;219;-274;
519429372;100;51;-149;-600;-497;-20;222;-269;
519430425;105;69;-157;-580;-498;9;227;-268;
519431536;108;47;-154;-590;-465;3;207;-221;
519432568;100;38;-155;-590;-504;-6;278;-270;
519433604;110;51;-155;-585;-495;-21;219;-262;
519434639;114;47;-165;-597;-497;-1;229;-282;
519435723;99;52;-154;-597;-504;-1;215;-278;
519436750;94;50;-143;-596;-489;3;219;-150;
519437773;108;67;-141;-593;-504;17;219;-265;
519438805;72;89;-153;-594;-513;3;224;-259;
519439900;58;65;-151;-582;-504;-3;287;-265;
519440999;45;39;-168;-603;-493;-2;204;-293;
519442145;61;-2;-139;-557;-373;-1;224;-262;
519443257;51;29;-149;-598;-515;-9;211;-270;
519444366;43;29;-142;-604;-511;6;207;-278;
519445466;98;68;-115;-570;-470;24;244;-234;
519446573;54;26;-141;-653;-503;4;209;-272;
519447608;43;20;-147;-615;-511;-4;207;-266;
519448638;98;25;-142;-599;-498;-1;205;-263;
519449661;40;39;-119;-604;-499;2;218;-253;
519450691;19;3;-153;-612;-525;-5;196;-268;
519451718;38;26;-125;-599;-500;7;222;-253;
519452752;29;16;-192;-615;-522;4;207;-274;
519453785;32;16;-129;-609;-499;-2;205;-263;
519454817;142;67;-128;-610;-515;0;208;-257;
519455849;15;10;-133;-607;-505;3;212;-261;
519456881;26;20;-112;-604;-504;15;221;-255;
519457912;17;24;-137;-611;-505;-1;213;-278;
519458942;24;16;-113;-619;-504;3;222;-260;
519459974;19;13;-120;-614;-506;4;216;-253;
519460993;17;13;-137;-620;-523;-17;207;-265;
519462034;19;10;-127;-618;-516;8;197;-246;
519463062;6;8;-135;-621;-511;-5;207;-260;
519464144;4;65;-133;-613;-509;-5;181;-252;
519465210;19;42;-124;-610;-514;17;223;-265;
519466299;23;26;-132;-605;-534;12;213;-244;
519467367;29;35;-128;-604;-523;0;208;-259;
519468397;-2;22;-137;-619;-514;17;198;-264;
519469472;21;-8;-103;-618;-498;5;217;-257;
519470538;-3;24;-124;-604;-505;-2;217;-250;
519471580;26;39;-103;-596;-499;13;220;-232;
519472648;13;-1;-141;-631;-521;-4;196;-256;
519473678;12;8;-134;-623;-523;1;202;-258;
519474715;17;19;-136;-631;-523;-8;204;-262;
519475752;25;25;-131;-619;-495;-5;227;-258;
519476792;28;17;-128;-621;-506;13;212;-256;
519477895;10;13;-134;-625;-510;0;197;-259;
519478991;11;-3;-168;-622;-513;-10;213;-237;
519480091;9;221;-125;-622;-510;-4;210;-253;
519481501;0;87;-121;-648;-522;-11;196;-248;
519482616;2;-9;-137;-635;-524;-9;210;-266;
519483729;19;-6;-120;-624;-518;0;215;-261;
519484813;6;13;-127;-618;-515;13;219;-244;
519485923;15;11;-125;-624;-520;9;217;-238;
519486957;13;8;-120;-635;-515;11;199;-249;
519488026;13;17;-108;-606;-495;14;224;-234;
519489131;-1;37;-124;-624;-520;0;201;-243;
519490234;-10;63;-129;-635;-521;-9;193;-256;
519491326;11;42;-106;-635;-518;9;168;-235;
519492443;-8;27;-125;-641;-523;-11;200;-249;
519493472;9;12;-129;-623;-513;0;256;-246;
519494500;19;26;-120;-618;-500;-1;216;-245;
519495538;17;3;-128;-618;-506;11;220;-232;
519496570;-3;-3;-136;-627;-515;0;203;-245;
519497603;-6;7;-124;-640;-522;-16;198;-253;
519498631;18;-10;-122;-636;-533;-9;197;-250;
519499736;8;5;-117;-618;-497;0;206;-240;
519500777;13;7;-120;-621;-506;7;214;-247;
519501805;18;8;-96;-605;-506;9;231;-234;
519502839;21;8;-112;-619;-511;12;203;-243;
519503885;7;7;-99;-621;-509;7;207;-251;
519504951;3;16;-113;-620;-517;-6;214;-238;
519505988;17;18;-117;-634;-505;1;216;-243;
519507074;-15;-6;-119;-643;-481;3;212;-253;
519508196;-6;-6;-126;-627;-526;-10;201;-245;
519509294;10;0;-109;-616;-529;-6;197;-263;
519510393;9;-8;-122;-618;-515;6;207;-249;
519511503;-40;-27;-156;-651;-555;-40;168;-301;
519512589;24;4;-128;-637;-520;0;199;-250;
519513611;4;12;-106;-621;-518;-2;203;-242;
519514641;9;5;-120;-626;-518;-1;199;-256;
519515667;0;-11;-133;-638;-525;-12;192;-261;
519516700;27;0;-116;-618;-515;0;208;-245;
519517731;25;9;-116;-616;-504;9;233;-243;
519518764;-30;11;-110;-626;-492;12;214;-226;
519519797;27;25;-119;-635;-513;21;199;-236;
519520841;29;29;-119;-634;-510;4;211;-238;
519521869;26;9;-84;-623;-508;3;209;-245;
519522900;15;-3;-128;-630;-527;-11;191;-250;
519523937;-1;-21;-132;-632;-520;-5;198;-250;
519524969;6;-5;-129;-622;-484;30;179;-252;
519525993;10;-3;-121;-607;-509;0;207;-245;
519527091;14;5;-115;-640;-523;1;199;-244;
519528146;33;10;-118;-614;-497;8;222;-232;
519529181;17;0;-118;-632;-516;0;203;-249;
519530217;8;-16;-130;-551;-508;8;193;-238;
519531253;18;1;-112;-638;-507;-7;213;-245;
519532286;34;16;-220;-632;-510;1;201;-263;
519533319;29;17;-124;-612;-511;20;202;-248;
519534439;17;0;-137;-647;-519;-1;193;-247;
519535467;20;7;-119;-627;-512;-3;207;-245;
519536498;2;-13;-136;-648;-507;-29;204;-252;
519537529;27;12;-112;-620;-498;-4;202;-247;
519538565;8;-5;-129;-649;-539;-5;213;-247;
519539605;28;9;-123;-635;-506;6;193;-236;
519540673;6;10;-119;-632;-513;7;182;-245;
519541728;28;13;-123;-618;-515;0;200;-240;
519542767;13;-6;-128;-649;-521;-4;201;-247;
519543801;9;5;-127;-618;-527;-1;207;-245;
519544897;14;-1;2;-634;-502;-1;217;-234;
519545997;5;3;-124;-652;-527;-17;174;-254;
519547130;16;0;-121;-646;-518;-13;196;-233;
519548226;4;-10;-139;-643;-475;-8;194;-268;
519549324;7;-8;-135;-662;-513;-11;195;-237;
519550437;11;-5;-119;-637;-505;0;200;-249;
519551476;28;9;-118;-630;-498;2;204;-230;
519552509;25;0;-116;-684;-503;0;207;-234;
519553540;34;-4;-114;-632;-506;-1;207;-236;
519554580;13;-14;-129;-639;-508;-5;206;-226;
519555604;22;-17;-109;-637;-505;-2;198;-234;
519556635;21;-34;-128;-632;-508;5;205;-236;
519557665;11;-8;-135;-622;-519;8;199;-245;
519558694;22;6;-110;-617;-508;7;209;-235;
519559723;52;32;-109;-603;-474;26;207;-224;
519560756;21;8;-120;-625;-510;-4;199;-229;
519561787;28;12;-119;-622;-507;-2;207;-234;
519562817;13;-3;-137;-615;-510;-3;198;-243;
519563846;20;27;-116;-617;-504;80;208;-227;
519564880;13;12;-120;-621;-490;-14;207;-241;
519565983;13;5;-136;-623;-510;5;203;-236;
519567016;2;-4;-137;-634;-510;-25;194;-245;
519568057;14;5;-115;-617;-479;13;187;-237;
519569090;21;-11;-131;-633;-513;-11;192;-256;
519570130;6;19;-135;-620;-495;-5;197;-242;
519571166;29;138;-113;-614;-495;17;208;-236;
519572200;20;-3;-128;-618;-504;-12;190;-244;
519573311;15;3;-137;-631;-498;-9;195;-241;
519574356;24;13;-133;-624;-502;-15;206;-248;
519575449;26;8;-129;-611;-509;0;205;-237;
519576552;12;16;-135;-615;-498;0;197;-242;
519577670;13;9;-140;-632;-491;-12;185;-254;
519578769;20;16;-124;-632;-498;13;207;-247;
519579882;13;13;-138;-586;-532;-9;205;-241;
519580990;9;17;-119;-606;-502;-8;206;-244;
519582082;25;15;-112;-615;-493;12;215;-232;
519583164;39;20;-119;-616;-491;68;194;-235;
519584195;17;9;-133;-617;-481;11;207;-182;
519585221;35;18;-128;-610;-489;12;206;-240;
519586249;26;25;-126;-614;-487;9;200;-229;
519587280;28;28;-113;-599;-470;11;219;-221;
519588370;27;13;-124;-617;-489;0;216;-239;
519589455;32;17;-128;-606;-472;0;212;-241;
519590515;9;7;-142;-624;-499;33;199;-229;
519591582;35;-42;-134;-617;-480;-3;209;-242;
519592632;33;16;-141;-615;-493;1;204;-241;
519593718;68;12;-122;-612;-490;4;199;-237;
519594752;14;2;-138;-604;-483;-8;193;-249;
519595830;41;25;-119;-605;-468;21;218;-226;
519596917;24;18;-120;-611;-490;14;207;-241;
519597989;34;18;-126;-613;-485;9;207;-250;
519599027;30;13;-128;-603;-489;-4;204;-232;
519600107;21;12;-136;-606;-484;-12;195;-249;
519601130;21;15;-138;-606;-485;-9;195;-248;
519602236;25;23;-133;-616;-471;-5;206;-242;
519603345;21;24;-132;-607;-498;3;197;-251;
519604461;4;23;-142;-602;-486;-17;183;-239;
519605586;3;-6;-152;-625;-494;-17;179;-251;
519606671;17;7;-151;-622;-484;43;192;-244;
519607772;17;26;-175;-613;-481;-5;203;-235;
519608886;5;6;-155;-629;-508;-3;174;-266;
519610009;30;29;-129;-590;-478;5;211;-235;
519611113;27;20;-123;-607;-477;-3;205;-231;
519612202;23;9;-154;-606;-489;-3;196;-253;
519613307;13;8;-144;-614;-481;-10;191;-257;
519614397;3;16;-137;-609;-478;-9;200;-241;
519615513;21;16;-135;-603;-470;11;203;-247;
519616576;12;9;-143;-619;-486;-1;215;-256;
519617673;27;-121;-142;-611;-482;47;188;-251;
519618790;9;26;-129;-605;-478;0;193;-233;
519619917;28;-7;-130;-609;-483;3;205;-238;
519621018;23;24;-135;-600;-458;11;227;-248;
519622121;-3;-1;-155;-639;-495;-26;188;-268;
519623170;33;24;-95;-596;-477;4;210;-235;
519624198;30;18;-133;-608;-469;5;217;-236;
519625224;34;36;-132;-602;-477;1;211;-245;
519626255;24;21;-150;-595;-457;9;215;-235;
519627365;12;5;-151;-609;-482;-6;208;-259;
519628401;7;20;-133;-619;-486;-12;228;-244;
519629442;18;20;-129;-581;-465;4;200;-234;
519630495;6;17;-140;-625;-490;-5;206;-256;
519631570;60;15;-130;-604;-468;12;206;-245;
519632604;21;21;-132;-606;-479;-5;212;-244;
519633672;32;24;-136;-602;-464;0;204;-236;
519634709;8;13;-143;-595;-481;-1;202;-250;
519635785;21;10;-128;-620;-468;-5;204;-262;
519636901;12;11;-143;-621;-489;-15;199;-260;
519638012;19;28;-125;-607;-479;5;222;-258;
519639125;6;35;-139;-607;-477;-3;208;-258;
519640228;26;25;-133;-604;-482;-50;222;-237;
519641327;8;8;-151;-624;-482;-13;189;-275;
519642423;10;27;-127;-612;-476;20;218;-245;
519643532;19;17;-128;-601;-464;14;214;-247;
519644642;28;25;-130;-615;-483;7;210;-257;
519645738;31;23;-116;-606;-460;-3;215;-246;
519646831;14;23;-143;-604;-479;-1;210;-169;
519647929;9;15;-157;-613;-485;-4;210;-257;
519649029;26;22;-130;-601;-464;0;202;-257;
519650137;5;22;-137;-613;-476;-12;217;-258;
519651243;3;16;-137;-608;-465;4;198;-241;
519652334;29;34;-116;-594;-465;10;214;-233;
519653435;10;27;-140;-600;-464;1;208;-246;
519654513;21;26;-128;-609;-458;12;207;-245;
519655612;24;40;-123;-593;-447;19;210;-239;
519656729;25;13;-133;-609;-478;11;202;-254;
519657837;10;25;-130;-622;-458;9;202;-249;
519658942;15;23;-129;-602;-475;1;202;-241;
519660034;14;8;-135;-617;-484;-5;197;-245;
519661141;4;12;-135;-609;-475;11;206;-257;
519662244;17;18;-137;-618;-464;36;201;-258;
519663346;-9;-8;-145;-630;-485;-12;179;-266;
519664423;2;23;-146;-612;-480;2;211;-258;
519665547;3;23;-135;-611;-478;0;205;-259;
519666646;5;17;-141;-610;-464;0;204;-254;
519667733;0;0;-141;-617;-477;-7;192;-266;
519668847;9;11;-142;-618;-477;0;224;-255;
519669952;0;-3;-149;-612;-495;-15;186;-273;
519671043;12;14;-141;-615;-466;-2;205;-259;
519672151;16;21;-131;-621;-486;4;202;-274;
519673264;12;5;-132;-613;-464;-7;219;-245;
519674364;-4;4;-146;-635;-487;3;212;-261;
519675486;9;2;-148;-622;-622;5;195;-267;
519676610;5;-2;-131;-621;-514;-7;200;-268;
519677705;4;12;-133;-615;-482;-6;217;-255;
519678735;13;24;-133;-612;-373;22;210;-260;
519679827;-1;10;-131;-621;-478;-3;206;-257;
519680871;19;27;-152;-620;-479;8;201;-259;
519681942;17;21;-124;-617;-476;13;207;-263;
519682984;-5;5;-164;-617;-482;-14;206;-267;
519684012;5;10;-136;-608;-485;-21;204;-265;
519685046;15;22;-128;-610;-479;11;211;-257;
519686072;16;6;-137;-622;-472;-3;203;-274;
519687098;-38;-23;-166;-656;-510;-33;163;-237;
519688139;-6;3;-138;-619;-458;-1;200;-275;
519689169;-4;6;-142;-626;-487;-10;197;-269;
519690204;1;-3;-149;-648;-422;-11;188;-285;
519691317;4;9;-145;-624;-470;5;201;-262;
519692404;1;13;-120;-614;-477;10;207;-253;
519693511;16;11;-128;-613;-473;0;209;-265;
519694616;-88;-26;-187;-670;-528;-37;163;-301;
519695725;-2;24;-127;-614;-476;-3;212;-260;
519696822;-21;-19;-160;-645;-503;-23;161;-303;
519697938;15;0;-129;-627;-483;-7;200;-277;
519699051;13;13;-129;-617;-474;19;223;-258;
519700151;41;13;-125;-618;-473;6;219;-259;
519701243;10;10;-130;-628;-391;11;194;-271;
519702281;-1;32;-133;-627;-475;-13;196;-277;
519703318;12;8;-131;-637;-469;2;211;-303;
519704350;15;7;-128;-610;-472;10;207;-261;
519705383;8;16;-127;-616;-481;18;208;-261;
519706432;4;18;-125;-617;-465;-1;205;-258;
519707475;7;7;-112;-624;-470;-10;210;-266;
519708580;11;7;-123;-615;-482;3;202;-268;
519709685;16;14;-127;-666;-477;6;205;-275;
519710785;14;18;-128;-611;-464;6;220;-268;
519711892;18;21;-127;-610;-475;23;209;-248;
519713001;1;7;-128;-612;-486;11;215;-247;
519714107;-10;26;-129;-626;-476;0;216;-259;
519715205;11;5;-129;-632;-476;22;207;-268;
519716307;-11;-8;-145;-635;-484;-19;182;-274;
519717369;6;17;-130;-623;-487;-7;196;-272;
519718456;30;12;-124;-618;-472;7;204;-265;
519719495;45;36;-95;-574;-438;32;236;-252;
519720576;-6;9;-90;-629;-470;16;214;-273;
519721673;14;-9;-140;-613;-489;-19;203;-310;
519722794;7;12;-118;-621;-480;4;213;-273;
519723888;-5;4;-122;-637;-484;-11;209;-279;
519724996;5;14;-127;-617;-469;0;208;-260;
519726087;2;24;-111;-603;-465;8;219;-254;
519727196;-19;11;-130;-628;-491;-6;198;-265;
519728292;-9;3;-128;-628;-481;-9;195;-275;
519729393;21;13;-110;-621;-479;-2;338;-268;
519730510;13;8;-123;-605;-472;8;205;-266;
519731600;1;5;-134;-627;-491;-13;190;-280;
519732716;2;-10;-11;-630;-486;-9;210;-282;
519733826;10;7;-133;-629;-482;3;188;-275;
519734936;5;9;-115;-622;-476;-29;196;-269;
519736044;5;11;-112;-617;-477;13;206;-259;
519737151;11;3;-163;-624;-477;-9;201;-263;
519738249;-6;14;-77;-614;-478;8;207;-270;
519739361;7;12;-128;-623;-487;-5;202;-262;
519740463;55;-3;-136;-640;-481;-5;203;-278;
519741538;31;43;-101;-601;-443;33;224;-253;
519742632;1;44;-132;-613;-468;11;218;-257;
519743743;0;16;-125;-631;-475;-3;202;-261;
519744847;9;25;-116;-635;-480;-9;209;-284;
519745951;4;20;-129;-623;-377;-5;202;-278;
519747055;33;15;-130;-615;-482;3;188;-274;
519748093;-1;25;-116;-632;-489;0;208;-258;
519749119;-10;17;-140;-631;-489;-18;194;-286;
519750152;-23;20;-126;-616;-509;4;206;-266;
519751181;0;20;-111;-611;-483;6;207;-272;
519752213;-25;21;-137;-621;-486;-7;213;-278;
519753243;112;28;-122;-620;-474;-1;207;-262;
519754278;12;35;-111;-611;-470;9;214;-250;
519755305;-3;19;-123;-626;-484;3;205;-263;
519756337;-10;17;-131;-625;-482;0;195;-274;
519757367;-9;12;-124;-631;-485;-6;181;-278;
519758410;12;24;-118;-617;-490;0;230;-269;
519759487;27;36;-107;-608;-452;12;216;-263;
519760608;-6;11;-108;-620;-495;6;185;-263;
519761708;2;32;6;-625;-482;0;215;-258;
519762805;5;22;-119;-610;-469;13;219;-261;
519763915;-11;2;-129;-629;-475;0;193;-279;
519765019;2;34;-112;-605;-472;4;209;-269;
519766135;9;16;-99;-632;-485;9;192;-266;
519767232;6;32;-104;-618;-476;6;197;-268;
519768264;14;23;-107;-616;-471;17;220;-263;
519769336;-7;15;-128;-646;-485;-10;205;-288;
519770382;-9;8;-111;-636;-487;6;191;-261;
519771442;-6;-23;-124;-629;-496;1;180;-275;
519772563;-16;22;-136;-635;-484;41;189;-290;
519773687;13;104;-121;-639;-473;-4;215;-266;
519774793;13;27;-119;-611;-485;-3;197;-266;
519775904;3;22;-105;-624;-480;1;207;-255;
519777018;-2;17;-121;-628;-484;-9;177;-267;
519778129;6;3;-116;-626;-484;0;206;-310;
519779198;1;2;-124;-627;-496;-4;184;-272;
519780267;-13;12;-119;-559;-492;-4;189;-270;
519781304;13;3;-114;-617;-474;13;214;-257;
519782393;-6;-10;-122;-618;-491;-5;206;-275;
519783509;43;43;-86;-602;-451;25;237;-231;
519784603;-10;7;-109;-627;-492;-6;205;-275;
519785708;-1;-9;-119;-641;-498;-16;183;-265;
519786775;6;6;-123;-614;-489;16;182;-267;
519787809;5;6;-119;-645;-483;-8;169;-275;
519788844;-19;-7;-134;-635;-505;-15;186;-274;
519789874;5;19;-112;-624;-489;-2;198;-257;
519790908;11;11;-125;-636;-489;16;206;-260;
519791955;28;8;-123;-627;-492;-16;198;-259;
519792987;4;15;-108;-635;-483;9;215;-260;
519794022;-13;9;-121;-619;-475;11;192;-254;
519795054;-16;-8;-124;-640;-492;3;196;-270;
519796080;0;-9;-109;-647;-486;7;196;-264;
519797109;8;-3;-111;-623;-494;-5;199;-257;
519798145;6;2;-104;-634;-482;0;213;-249;
519799174;0;5;-112;-640;-481;0;212;-266;
519800202;-11;-8;-121;-629;-490;-8;197;-256;
519801229;2;11;-93;-637;-479;18;214;-247;
519802258;0;3;-119;-637;-482;9;200;-265;
519803293;-10;7;-102;-632;-469;-4;207;-249;
519804320;-10;-2;-122;-628;-529;-5;197;-252;
519805354;0;0;-132;-624;-494;-10;202;-266;
519806395;0;-4;-130;-645;-506;-1;192;-270;
519807436;-1;-5;-108;-637;-489;0;188;-260;
519808466;11;26;-116;-618;-484;5;210;-249;
519809510;5;-8;-117;-618;-491;0;209;-246;
519810555;2;13;-117;-632;-485;1;202;-257;
519811581;-14;-16;-122;-648;-501;-11;171;-253;
519812618;-5;4;-117;-633;-495;3;206;-257;
519813651;13;8;-110;-619;-493;5;208;-248;
519814686;-79;28;-116;-624;-480;-1;201;-262;
519815719;37;31;-88;-590;-459;45;231;-224;
519816749;-16;-12;-119;-644;-491;-5;188;-258;
519817773;5;-1;-105;-633;-511;10;205;-241;
519818805;1;2;-113;-612;-483;15;193;-251;
519840944;0;-4;-116;-633;-485;1;192;-257;
519842037;-10;0;-110;-643;-490;1;198;-257;
519843147;2;16;-111;-622;-491;-41;218;-243;
519844257;1;0;-103;-618;-489;-7;193;-253;
519845377;-13;6;-112;-634;-482;15;199;-257;
519846507;-11;-10;-106;-638;-491;-14;184;-251;
519847583;4;-4;-109;-618;-500;-7;192;-248;
519848663;22;3;-107;-634;-486;-2;200;-250;
519849694;-4;10;-109;-634;-483;-1;197;-250;
519850753;1;-7;-103;-623;-495;35;200;-257;
519851797;0;-15;-113;-644;-501;-11;177;-256;
519852834;-5;1;-108;-626;-486;-50;202;-247;
519853872;3;-9;-112;-640;-489;0;202;-249;
519854895;-4;0;-117;-623;-489;-3;197;-249;
519855977;10;6;-101;-632;-490;0;203;-240;
519857097;-3;-10;-116;-629;-495;-1;194;-251;
519858201;0;5;-110;-649;-490;7;196;-250;
519859310;4;-7;-103;-632;-479;0;298;-246;
519860436;4;-7;-106;-634;-496;1;192;-239;
519861531;2;-7;-101;-643;-494;13;199;-236;
519862605;0;-5;-110;-642;-498;6;189;-229;
519863649;-13;-9;-124;-644;-510;-7;188;-254;
519864681;-1;-6;-114;-638;-508;12;176;-249;
519865754;5;11;-111;-644;-498;5;192;-257;
519866823;-10;-4;-129;-636;-505;-8;177;-265;
519867864;2;-6;-100;-637;-491;-4;197;-255;
519868908;-14;-9;-124;-646;-507;-9;170;-258;
519870005;1;5;-91;-632;-500;3;186;-243;
519871112;-10;0;-120;-649;-495;-10;187;-239;
519872221;-9;-7;-121;-627;-506;-11;182;-254;
519873332;0;-4;-107;-644;-489;13;181;-242;
519874458;0;9;-107;-644;-484;8;191;-260;
519875589;9;-10;-75;-645;-488;5;185;-234;
519876633;14;-38;-97;-645;-507;-9;193;-262;
519877662;4;-3;-95;-629;-500;13;210;-236;
519878699;-11;-8;-114;-654;-500;-11;180;-255;
519879725;0;-8;-105;-618;-489;1;186;-245;
519880766;-6;21;-107;-634;-489;7;184;-241;
519881803;1;-4;-102;-642;-497;7;173;-243;
519882838;-4;-8;-105;-648;-493;-4;173;-245;
519883886;11;5;-98;-646;-484;5;189;-232;
519884914;-2;6;-103;-636;-489;5;171;-232;
519885950;1;-1;-99;-648;-494;12;173;-242;
519886981;-5;-10;-106;-643;-493;-6;164;-244;
519888040;-9;2;-100;-644;-528;-8;170;-245;
519889131;-13;-5;-107;-649;-511;4;171;-237;
519890201;-59;-66;-168;-705;-550;-48;102;-302;
519891269;-8;-8;-107;-622;-480;8;253;-249;
519892306;51;7;-102;-638;-488;3;259;-235;
519893373;-6;3;-105;-642;-489;10;245;-300;
519894454;-9;0;-108;-625;-543;-5;249;-236;
519895566;-19;-6;-137;-693;-508;-17;226;-264;
519896665;0;1;-112;-635;-490;-1;257;-204;
519897746;-2;4;-104;-633;-491;-1;232;-249;
519898858;7;9;-99;-686;-494;3;252;-228;
519899963;-1;1;-114;-645;-482;-9;253;-239;
519901056;-12;1;-103;-632;-479;17;254;-241;
519902159;-3;2;-97;-636;-491;5;235;-231;
519903256;-4;-5;-108;-638;-523;0;232;-226;
519904293;-11;-19;-124;-650;-506;8;249;-247;
519905323;-13;-11;-115;-637;-493;1;265;-233;
519906353;-7;2;-113;-638;-489;5;267;-228;
519907379;4;5;-93;-618;-494;5;264;-219;
519908411;5;-16;-119;-641;-498;0;239;-243;
519909449;5;-5;-108;-638;-483;7;263;-224;
519910511;-4;-16;-170;-657;-503;-12;240;-233;
519911613;1;-2;-103;-632;-491;0;251;-220;
519912732;-6;-12;-115;-649;-510;12;241;-225;
519913830;-2;-4;-99;-640;-497;9;251;-220;
519914942;-3;0;-115;-646;-488;1;251;-219;
519916036;3;-18;-108;-646;-506;-2;243;-229;
519917143;-17;-29;-117;-663;-509;-12;226;-237;
519918205;-7;-5;-115;-625;-492;10;233;-223;
519919236;-1;-14;-111;-654;-490;-1;236;-204;
519920300;3;19;-102;-645;-493;8;246;-221;
519921366;9;-4;-102;-644;-500;-1;237;-220;
519922393;-8;-16;-111;-653;-506;-8;237;-228;
519923485;3;-5;-93;-635;-499;-114;254;-216;
519924600;-12;-25;-101;-643;-506;16;258;-220;
519925735;-19;-25;-102;-651;-511;10;236;-211;
519926841;-4;-16;-101;-633;-502;10;254;-194;
519927944;6;-14;-103;-623;-503;3;246;-201;
519929067;-19;-25;-116;-652;-498;-6;234;-229;
519930142;-18;-34;-112;-653;-512;-4;211;-230;
519931214;-9;-34;-229;-653;-510;-17;215;-204;
519932314;-12;-36;-108;-651;-506;-5;223;-203;
519933356;0;-31;-109;-651;-495;7;231;-205;
519934420;10;-29;-82;-656;-493;31;242;-194;
519935485;13;-34;-97;-648;-497;5;244;-195;
519936560;-5;-23;-108;-651;-499;2;243;-201;
519937640;-12;-18;-108;-649;-505;-17;242;-205;
519938721;-18;-33;-95;-657;-544;1;224;-207;
519939817;-7;-39;-106;-655;-508;-8;239;-199;
519940953;-10;32;-99;-675;-494;-5;242;-225;
519942046;-4;-25;-96;-669;-547;4;237;-199;
519943165;-9;-27;-94;-660;-520;23;249;-188;
519944266;-14;-37;-117;-661;-533;-2;234;-211;
519945381;-1;-25;-97;-655;-509;2;248;-178;
519946510;-13;-27;-120;-670;-523;-10;249;-189;
519947618;1;-27;-96;-668;-509;16;251;-188;
519948715;-7;-24;-96;-648;-512;-40;260;-178;
519949826;-1;-25;-94;-662;-511;9;244;-184;
519950914;9;-24;-78;-690;-507;0;237;-170;
519952015;-18;-25;-106;-674;-525;-9;236;-177;
519953087;5;-28;-98;-667;-515;-8;244;-175;
519954174;7;-11;-87;-647;-516;15;252;-164;
519955246;-2;-36;-104;-665;-521;6;235;-157;
519956286;-9;-25;-104;-673;-538;2;239;-175;
519957383;-1;-12;-103;-661;-523;0;244;-154;
519958516;-4;-13;-77;-660;-519;13;242;-158;
519959625;2;-20;-91;-680;-536;-2;224;-141;
519960713;9;-25;-97;-681;-541;12;233;-166;
519961807;-26;-32;-116;-683;-557;-11;218;-179;
519962850;3;-8;-82;-669;-525;10;224;-155;
519963895;0;-9;-91;-666;-531;2;234;-145;
519964976;-13;-21;-100;-692;-542;-17;207;-158;
519966018;-20;-14;-93;-686;-524;-1;227;-143;
519967059;-10;-22;-107;-678;-525;7;225;-144;
519968095;6;-21;-88;-671;-535;-1;227;-142;
519969120;-17;-23;-87;-687;-549;-13;203;-149;
519970161;-14;-10;-90;-684;-540;-4;103;-148;
519971201;5;0;-103;-671;-531;-8;100;-149;
519972244;1;-14;-89;-670;-530;4;103;-147;
519973286;7;-10;-99;-667;-531;0;100;-155;
519974312;59;-17;-96;-676;-535;-9;99;-142;
519975340;-6;-6;-80;-676;-534;-6;82;-151;
519976370;2;-12;-83;-675;-538;1;89;-141;
519977401;-1;-2;-82;-670;-539;129;107;-136;
519978442;1;-11;-81;-682;-528;16;83;-134;
519979476;-13;-19;-87;-696;-544;-10;70;-159;
519980501;-3;-23;-94;-685;-532;-13;49;-136;
519981528;-3;-10;-82;-679;-530;0;64;-128;
519982561;-2;-7;-71;-681;-457;5;67;-121;
519983590;0;0;-86;-669;-523;1;51;-136;
519984620;-13;-3;-85;-675;-538;9;37;-139;
519985652;-16;-13;-95;-681;-548;5;27;-132;
519986693;7;-8;-89;-682;-520;2;26;-131;
519987723;5;-17;-99;-679;-498;-10;-8;-137;
519988764;14;-1;-81;-668;-526;-3;-7;-139;
519989796;-13;-10;-106;-677;-524;-10;-22;-145;
519990837;2;-2;-80;-671;-517;2;-11;-134;
519991869;-11;-6;-92;-673;-524;-1;-14;-144;
519992896;-12;-16;-102;-659;-506;5;-23;-145;
519993930;5;-2;-99;-668;-515;3;-26;-138;
519994961;-24;-29;-124;-706;-535;-29;-69;-178;
520010940;-6;-19;-109;-668;-488;-6;-100;-188;
520012035;5;-16;-92;-646;-472;-5;-105;-166;
520013150;12;3;-78;-634;-461;13;-95;-160;
520014254;0;-10;-110;-643;-478;0;-107;-193;
520015347;3;-16;-107;-644;-474;-5;-112;-194;
520016474;4;-13;-129;-646;-475;5;-108;-192;
520017570;-2;-7;-98;-639;-436;-3;-174;-236;
520018643;-103;-21;-92;-597;-459;3;-117;-197;
520019737;2;-7;-103;-614;-475;-6;-124;-201;
520020775;-6;-25;-103;-609;-499;-9;-120;-206;
520021858;-21;-31;-116;-620;-520;-28;-128;-213;
520022977;-16;-17;-101;-584;-494;1;-91;-188;
520024088;-5;-21;-119;-596;-481;4;-86;-185;
520025202;1;-28;-122;-594;-502;10;-107;-196;
520026306;-10;-20;-123;-599;-559;-5;-95;-204;
520027423;-13;-26;-118;-587;-511;-10;-106;-204;
520028532;2;-25;-105;-567;-469;-7;-85;-203;
520029567;2;-10;-97;-570;-504;-6;-106;-193;
520030619;9;-6;-78;-551;-471;19;-73;-170;
520031695;-4;-9;-95;-542;-493;4;-82;-235;
520032779;-13;-12;-121;-569;-499;7;-105;-199;
520033878;-15;-6;-104;-548;-487;14;-91;-188;
520034980;-20;-4;-107;-561;-497;-1;-103;-200;
520036095;-33;-21;-113;-553;-489;10;-97;-220;
520037198;-24;-18;-97;-554;-496;89;-99;-198;
520038303;-36;-15;-107;-552;-479;0;-87;-188;
520039397;-23;-12;-90;-545;-477;13;-66;-187;
520040519;-34;-35;-119;-562;-486;-1;16;-195;
520041624;-25;-30;-121;-550;-541;-10;-93;-193;
520042703;-51;-28;-125;-543;-489;0;-107;-198;
520043800;33;93;-34;-469;-417;70;-10;-115;
520044907;-44;100;-123;-552;-492;0;-89;-200;
520045992;-38;-7;-112;-539;-486;4;-85;-188;
520047093;-42;-42;-136;-555;-490;-8;-113;-204;
520048198;-39;-22;-106;-550;-470;-3;-98;-201;
520049324;-36;-50;-122;-555;-486;-14;-102;-209;
520050442;-35;-18;-100;-548;-508;11;39;-183;
520051565;-42;-30;-92;-576;-495;-10;98;-174;
520052672;-51;-43;-91;-571;-524;-17;77;-172;
520053767;-43;-33;-100;-578;-619;3;-23;-170;
520054882;-33;-22;-94;-567;-507;-5;73;-191;
520055979;-36;-44;-98;-564;-517;-7;81;-186;
520057090;-40;-29;-97;-587;-509;19;85;-157;
520058191;-39;-25;-104;-574;-505;-10;77;-185;
520059279;-25;-22;-84;-567;-503;2;91;-175;
520060408;-26;-22;-96;-558;-502;7;90;-156;
520061509;-25;-29;-95;-559;-506;9;97;-170;
520062605;-27;-45;-109;-525;-524;-9;90;-192;
520063710;-21;-28;-81;-530;-526;7;87;-160;
520064798;-20;-37;-89;-560;-515;5;78;-174;
520065900;-17;-25;-89;-559;-540;-3;83;-171;
520066939;-33;-12;-84;-567;-502;11;102;-167;
520067967;-11;-22;-82;-556;-505;14;100;-157;
520069007;-15;-28;-87;-571;-513;-3;101;-170;
520070108;37;32;-20;-508;-444;64;149;-108;
520071188;-21;-35;-100;-576;-523;-10;80;-167;
520072244;-18;-15;-94;-557;-486;-2;-192;-189;
520073314;-23;-45;-97;-547;-500;-14;-103;-201;
520074357;-27;-35;-112;-550;-497;1;-114;-208;
520075408;-31;-22;-132;-544;-482;-5;-108;-202;
520076481;-27;-19;-89;-547;-484;13;-80;-186;
520077504;-28;-1;-84;-552;-545;-5;-103;-196;
520078617;-31;-29;-162;-542;-498;-14;-106;-193;
520079720;-44;-44;-134;-525;-495;-6;-90;-226;
520080826;-6;-13;-78;-546;-476;-2;-78;-181;
520081932;-44;-35;-110;-558;-508;-8;-94;-202;
520083032;-31;-23;-88;-552;-482;3;-103;-187;
520084071;-48;-16;-87;-560;-484;9;-82;-178;
520085159;-29;-25;-89;-556;-484;17;-93;-186;
520086186;-27;-25;-97;-559;-501;-1;-98;-193;
520087216;-40;-1;-103;-563;-495;7;97;-175;
520088272;-46;-22;-68;-584;-517;4;92;-173;
520089348;-55;-42;-72;-587;-517;4;87;-168;
520090421;-47;-31;-61;-576;-515;4;90;-167;
520091470;-43;-42;-68;-597;-539;-15;91;-173;
520092533;-42;-29;-69;-618;-523;3;94;-174;
520093565;-44;-28;-56;-581;-548;-11;93;-170;
520094662;-55;-46;-73;-598;-528;-3;81;-178;
520095764;-66;-34;-76;-602;-523;-9;93;-172;
520096876;-83;-8;-48;-583;-519;4;108;-166;
520097997;-45;-14;-54;-583;-519;6;88;-173;
520099116;-62;-38;-64;-606;-536;-17;99;-167;
520100230;-52;-30;-59;-593;-529;4;103;-161;
520101267;-51;-41;-60;-582;-518;9;106;-145;
520102349;-60;-37;-67;-608;-531;-3;88;-165;
520103377;-36;-3;-26;-567;-509;47;134;-133;
520104463;-58;-36;-63;-592;-532;0;104;-166;
520105508;-77;-23;-68;-593;-518;2;93;-157;
520106610;-60;-29;-52;-603;-529;8;96;-149;
520107723;-64;-42;-56;-599;-539;3;100;-154;
520108834;-75;-54;-65;-590;-536;-5;102;-159;
520109951;-60;-49;-41;-576;-527;3;105;-174;
520111074;-78;-32;-43;-592;-528;15;112;-150;
520112188;-81;-75;-29;-617;-531;-8;103;-192;
520113277;-102;-2;-153;-332;-489;-1;103;-166;
520114325;11;-8;-44;-597;-522;5;109;-147;
520115355;72;-83;-57;-593;-516;2;98;-163;
520116394;-13;-64;-24;-569;-489;-1;95;-160;
520117515;-98;-36;-45;-559;-504;-6;90;-171;
520118607;-127;-14;-75;-557;-518;1;100;-165;
520119700;-117;-8;-31;-566;-520;0;90;-171;
520120804;-71;-21;-17;-549;-512;-3;116;-136;
520121915;-69;-42;-29;-519;-482;5;136;-160;
520123030;-100;-65;-49;-545;-502;-13;89;-160;
520124139;-125;-21;-26;-578;-492;3;107;-160;
520125243;-115;-38;-50;-580;-501;-12;88;-175;
520126363;-86;-27;-45;-558;-498;-2;104;-153;
520127483;-77;-17;-53;-565;-508;4;100;-156;
520128528;-47;-41;-45;-572;-502;0;84;-166;
520129602;-67;-56;-61;-550;-500;-14;98;-160;
520130651;-57;-30;-49;-546;-493;13;50;-150;
520131717;-45;-38;-62;-577;-520;0;111;-159;
520132815;-47;-39;-66;-581;-517;7;101;-148;
520133908;-48;-31;-70;-562;-520;-6;106;-146;
520135017;-56;-42;-64;-593;-521;8;87;-166;
520136125;-30;-28;-47;-584;-509;22;112;-150;
520137241;-55;-39;-55;-575;-508;-6;65;-143;
520138334;-48;-28;-58;-584;-514;3;88;-165;
520139460;-47;-36;-86;-571;-517;5;104;-158;
520140579;-40;-42;-80;-583;-515;-3;103;-164;
520141689;-53;-46;-83;-509;-529;-7;95;-170;
520142826;-110;-35;-102;-581;-510;-15;93;-160;
520143942;-74;-32;-95;-574;-515;-7;97;-147;
520145033;-75;-46;-86;-559;-525;-42;102;-158;
520146092;-65;-45;-189;-570;-524;-9;84;-178;
520147121;-55;-4;-97;-552;-515;1;102;-150;
520148158;-56;-3;-90;-560;-515;-3;103;-155;
520149188;-68;-1;-95;-566;-528;9;109;-158;
520150221;-63;15;-99;-565;-505;9;113;-156;
520151249;-52;13;-111;-567;-517;9;104;-158;
520152280;-64;28;-87;-560;-510;11;120;-154;
520153314;-129;121;-152;-587;-526;-15;91;-162;
520154348;-89;85;-103;-575;-524;6;105;-154;
520155419;-61;98;-101;-578;-521;-20;102;-150;
520156499;-53;92;-103;-565;-515;12;108;-149;
520157594;34;111;-20;-474;-431;88;186;-74;
520158641;-63;12;-111;-557;-536;-3;73;-159;
520159710;-64;9;-113;-568;-515;-2;104;-158;
520160762;-60;-4;-112;-561;-528;-11;95;-174;
520161791;-49;-19;-108;-560;-509;0;95;-163;
520162863;-63;-17;-114;-572;-524;-1;91;-171;
520163972;-34;3;-105;-552;-514;2;106;-166;
520165087;-59;9;-124;-556;-523;-7;93;-162;
520166204;-53;-18;-117;-548;-507;7;95;-158;
520167311;-61;-25;-120;-550;-528;-4;108;-175;
520168413;-68;-23;-124;-564;-520;-20;95;-165;
520169523;-52;-17;-112;-564;-520;10;103;-158;
520170558;-60;-9;-132;-536;-516;4;178;-156;
520171584;-47;-18;-112;-547;-527;-3;113;-159;
520172619;-38;-8;-115;-552;-519;-4;97;-166;
520173653;-45;7;-106;-542;-506;-3;116;-159;
520174680;-64;-30;-108;-553;-536;9;114;-163;
520175718;-57;-28;-116;-574;-527;-10;95;-168;
520176750;-40;-29;-108;-551;-520;-11;108;-158;
520177784;-106;-25;-108;-546;-515;12;112;-153;
520178813;-34;-12;-103;-538;-516;-1;106;-154;
520179842;-40;-2;-112;-545;-516;-101;108;-154;
520180872;-52;5;-100;-546;-521;-3;103;-151;
520181918;-53;12;-125;-560;-516;72;99;-160;
520182971;-39;15;-113;-545;-516;2;103;-159;
520184070;-44;4;-105;-543;-509;3;114;-147;
520185132;-50;-7;-109;-553;-514;-1;115;-160;
520186171;-41;12;-133;-546;-518;6;106;-157;
520187251;-59;0;-103;-541;-509;0;121;-154;
520188315;-39;-15;-104;-557;-508;1;117;-156;
520189389;-32;-16;-78;-537;-506;4;118;-128;
520190519;-68;-54;-141;-547;-543;-28;84;-195;
520191624;-26;-22;-105;-529;-538;37;119;-152;
520192726;-37;-32;-112;-552;-522;0;116;-166;
520193814;-33;-24;-113;-541;-510;11;114;-153;
520194921;-30;-14;-164;-530;-513;-2;109;-153;
520196020;-28;-16;-99;-536;-503;5;131;-153;
520197108;-29;-20;-104;-545;-510;-4;127;-145;
520198214;-52;-29;-116;-540;-520;-14;101;-171;
520199306;-20;-17;-124;-542;-517;13;103;-171;
520200423;-18;-12;-106;-544;-518;1;110;-158;
520201554;-42;-25;-102;-555;-524;-16;98;-171;
520202658;-34;-8;-124;-575;-547;5;107;-153;
520203769;-33;-11;-107;-540;-516;-7;145;-161;
520204858;-12;-5;-114;-531;-506;4;133;-150;
520205971;-25;-14;-104;-534;-507;-1;128;-153;
520207060;-20;-20;-99;-539;-508;6;116;-162;
520208178;-16;-5;-108;-515;-496;-13;126;-140;
520209275;-11;-10;-105;-514;-520;13;137;-139;
520210363;-25;-31;-116;-521;-514;1;128;-146;
520211501;-39;-56;-146;-541;-528;-13;95;-183;
520212601;-23;-27;-99;-529;-503;13;120;-137;
520213710;-31;-38;-122;-585;-532;-10;111;-178;
520214817;-11;-26;-108;-536;-500;10;132;-149;
520215938;-12;-15;-85;-532;-507;23;66;-147;
520216976;-35;-22;-144;-519;-457;5;-42;-180;
520217994;-26;-17;-123;-512;-491;70;-31;-177;
520219030;-17;-22;-130;-510;-500;2;-39;-175;
520220143;-16;-21;-129;-516;-503;2;-40;-174;
520221252;-23;-28;-131;-510;-489;8;-44;-184;
520222373;-21;-14;-106;-501;-484;2;-54;-170;
520223490;-33;-13;-128;-506;-493;16;-62;-175;
520224582;-49;-55;-157;-536;-527;-28;-65;-207;
520225611;-23;-17;-128;-424;-498;-2;-27;-180;
520226657;-18;-24;-123;-515;-502;0;-26;-174;
520227685;-14;-28;-69;-518;-500;-4;-41;-171;
520228726;-23;-10;-119;-509;-488;4;-43;-173;
520229808;-17;-16;-124;-520;-490;8;-41;-168;
520230839;-31;-21;-136;-520;-498;2;-39;-184;
520231866;-30;-19;-134;-527;-502;4;-37;-180;
520232915;-25;-26;-128;-521;-498;-1;-33;-174;
520234000;-7;-1;-118;-522;-510;-3;-31;-158;
520235037;-15;-9;-123;-509;-493;5;-19;-161;
520236116;-24;-28;-128;-516;-500;-3;-22;-172;
520237158;-15;-18;-116;-527;-503;2;-23;-165;
520238222;-34;-24;-86;-515;-508;-8;-15;-155;
520239280;-29;-20;-128;-532;-507;-6;-16;-159;
520240309;-27;-26;-135;-525;-518;-7;-14;-163;
520241340;-21;-24;-137;-529;-498;-6;-24;-176;
520242372;-4;-23;-124;-527;-506;2;-12;-153;
520243462;-26;-21;-128;-529;-503;-8;-13;-179;
520244590;-19;-19;-129;-534;-520;7;-27;-160;
520245686;-31;-14;-123;-519;-505;-2;-7;-156;
520246778;-6;-143;-122;-511;-497;-10;-14;-156;
520247890;-8;-23;-112;-534;-515;9;0;-165;
520249007;-16;-7;-115;-531;-501;3;-10;-164;
520250051;-80;-34;-129;-529;-512;-4;-23;-176;
520251083;-13;-19;-119;-537;-518;-6;-12;-167;
520252112;59;63;-38;-459;-428;84;91;-87;
520253147;-23;-43;-121;-531;-513;-19;-7;-160;
520254182;-28;-53;-145;-552;-531;-21;-26;-196;
520255217;-20;-15;-122;-522;-510;-7;-9;-160;
520256246;-27;-22;-118;-526;-514;-10;-15;-170;
520257272;-11;-15;-115;-527;-513;2;2;-153;
520258364;-17;-17;-121;-531;-513;9;-15;-170;
520259397;2;1;-106;-504;-499;7;2;-152;
520260441;-19;-25;-126;-511;-520;-8;-9;-179;
520261473;-11;-20;-132;-550;-504;3;-7;-169;
520262517;-9;-24;-111;-517;-497;-32;-4;-165;
520263580;-19;-13;-130;-525;-500;7;-5;-160;
520264615;-32;-10;-120;-526;-504;2;-18;-171;
520265693;-21;-20;-112;-519;-504;-6;-12;-161;
520266791;-16;-15;-118;-530;-516;-7;1;-152;
520267876;-13;-15;-121;-518;-539;-5;-10;-169;
520269005;-10;-20;-122;-516;-501;5;0;-162;
520270104;-22;-21;-124;-524;-509;-6;-22;-177;
520271209;-11;-6;-157;-530;-494;6;-19;-157;
520272251;-25;-22;-127;-517;-499;-4;-17;-176;
520273333;-28;-9;-136;-520;-497;-4;-18;-164;
520274400;-105;-10;-130;-490;-491;-1;-12;-160;
520275470;0;-13;-125;-511;-490;-4;-2;-171;
520276511;-21;-8;-126;-521;-510;6;-10;-158;
520277547;-11;-17;-129;-528;-507;-1;-17;-168;
520278576;-17;-5;-133;-519;-507;-5;-13;-159;
520279606;-11;-8;-121;-568;-495;12;-5;-167;
520280641;-18;-4;-128;-510;-460;-2;-12;-191;
520281669;-30;-28;-141;-557;-505;90;-36;-181;
520282693;-16;-12;-127;-524;-503;12;-30;-164;
520283716;-11;-16;-130;-518;-487;5;-4;-166;
520284740;-11;-6;-121;-512;-504;-8;-14;-162;
520285762;-26;-23;-129;-485;-495;3;-6;-160;
520286783;-7;-7;-123;-526;-495;5;-7;-166;
520287804;-13;-10;-127;-529;-511;-3;-3;-134;
520288825;-16;-8;-116;-527;-506;15;38;-166;
520289847;-11;-20;-136;-527;-508;-3;44;-167;
520290870;-1;-14;-129;-516;-500;2;-50;-168;
520291893;-25;-22;-137;-524;-510;-1;-17;-165;
520292917;-4;-52;-130;-511;-489;5;-15;-157;
520293942;-5;-18;-133;-518;-498;8;-20;-172;
520294976;0;-4;-118;-500;-498;5;3;-164;
520296009;-24;-26;-126;-520;-490;4;-137;-175;
520297111;-12;-8;-139;-511;-469;-5;-18;-177;
520298224;-9;-13;-137;-521;-494;1;-36;-173;
520299300;-8;-11;-128;-528;-489;-1;-26;-168;
520300409;-20;-17;-130;-513;-479;-10;72;-175;
520301507;-8;-23;-145;-532;-495;3;-18;-180;
520302582;-11;-11;-137;-524;-500;-9;17;-180;
520303604;-9;-24;-132;-518;-504;-6;22;-174;
520304624;-7;-4;-144;-522;-493;15;9;-155;
520305650;-12;-8;-123;-516;-489;5;9;-178;
520306672;-9;-19;-141;-517;-498;-8;117;-167;
520307695;-51;-8;-130;-532;-496;-5;90;-172;
520308718;-49;-29;-131;-533;-511;-15;109;-175;
520309755;-4;-7;-123;-531;-508;0;125;-144;
520310796;-15;-16;-133;-536;-499;-2;125;-156;
520311837;16;13;-104;-503;-469;31;145;-158;
520312871;-20;-14;-132;-531;-510;-14;132;-166;
520313907;67;-10;-136;-516;-506;0;122;-152;
520314941;-17;0;-119;-533;-497;-3;126;-156;
520315968;0;-9;-124;-527;-504;9;142;-160;
520316990;-19;5;-140;-532;-517;-2;129;-163;
520318011;-7;-6;-135;-518;-495;-2;124;-166;
520319033;-15;-12;-122;-520;-496;-4;134;-162;
520320054;-19;-22;-134;-528;-502;-2;95;-165;
520321081;-10;-2;-128;-512;-481;10;133;-154;
520322101;-8;-15;-144;-532;-508;-9;114;-166;
520323122;-17;-11;-137;-525;-512;6;128;-164;
520324143;-7;-7;-136;-516;-504;-7;123;-177;
520325169;-6;-5;-140;-511;-481;9;134;-155;
520326193;-6;-17;-133;-489;-491;-2;120;-160;
520327244;-2;-5;-130;-517;-496;-2;138;-160;
520328284;-15;-27;-148;-563;-504;-5;131;-165;
520329309;38;42;-85;-471;-451;43;184;-108;
520330331;-4;-8;-135;-511;-491;16;126;-154;
520331376;6;-10;-129;-515;-491;11;187;-157;
520332410;-17;-18;-145;-537;-514;-11;112;-182;
520333446;-11;-13;-131;-518;-497;-2;122;-173;
520334469;-21;-8;-136;-558;-485;4;121;-170;
520360066;13;-3;-142;-503;-485;10;123;-171;
520361192;-5;-6;-139;-515;-476;3;120;-169;
520362304;-15;-6;-151;-524;-488;-5;116;-185;
520363402;1;0;-136;-528;-474;1;127;-170;
520364470;-2;-13;-147;-524;-485;-9;117;-191;
520365492;-6;-7;-151;-517;-491;0;140;-174;
520366512;-1;-1;-64;-513;-490;6;129;-172;
520367534;-15;-15;-145;-529;-491;-7;114;-184;
520368558;0;-7;-143;-514;-468;6;129;-172;
520369580;-13;-23;-153;-527;-482;-4;108;-182;
520370601;-23;-10;-146;-528;-487;-14;119;-183;
520371633;-12;-6;-137;-519;-484;-10;122;-176;
520372659;-3;-13;-158;-528;-485;-9;120;-186;
520373696;-6;-13;-145;-517;-479;-2;126;-181;
520374732;14;13;-129;-380;-464;19;148;-207;
520375767;-14;-10;-159;-525;-495;-5;129;-177;
520376793;-11;-4;-110;-539;-477;-8;119;-177;
520377852;-2;-6;-182;-519;-473;-2;130;-169;
520378972;13;11;-136;-515;-481;24;140;-220;
520380073;-14;-14;-152;-533;-484;-6;122;-170;
520381170;-9;-25;-167;-520;-480;-12;104;-188;
520382281;26;19;-120;-474;-438;31;151;-141;
520383320;-3;-6;-160;-525;-479;13;129;-171;
520384342;-15;-21;-167;-537;-488;-96;127;-174;
520385364;-7;-9;-150;-517;-474;-4;117;-174;
520386384;-16;-20;-156;-527;-471;-3;14;-197;
520387408;-5;-1;-175;-495;-456;9;-79;-196;
520388460;-13;-9;-174;-488;-482;-9;-73;-202;
520389495;2;0;-168;-489;-451;1;-77;-220;
520390525;-13;-3;-178;-506;-474;-9;-85;-212;
520391555;-12;-21;-193;-516;-489;-6;-99;-211;
520392584;0;0;-168;-477;-481;-7;-73;-198;
520393617;-7;-5;-162;-489;-440;13;-83;-205;
520394642;13;-3;-276;-494;-464;-10;-80;-191;
520395661;-4;2;-176;-485;-440;-5;-83;-202;
520396683;-8;-14;-180;-499;-457;0;-85;-204;
520397704;-5;-11;-170;-490;-457;-11;-80;-192;
520398726;-7;-16;-178;-498;-466;5;-79;-198;
520399749;5;-4;-175;-488;-443;-5;-77;-220;
520400771;-7;-4;-166;-481;-452;-5;-87;-190;
520401793;7;-2;-168;-489;-458;-1;-81;-222;
520402813;-8;-14;-173;-491;-446;3;-84;-226;
520403845;-11;-11;-182;-481;-455;-2;-86;-194;
520404874;-13;-45;-165;-495;-446;0;-74;-238;
520405916;-1;-9;-190;-481;-449;-1;-71;-127;
520406959;7;-10;-175;-498;-457;-9;-87;-204;
520407985;-10;4;-186;-496;-462;1;-85;-206;
520409011;-7;-2;-172;-481;-451;10;-75;-184;
520410046;5;-5;-168;-490;-441;12;-67;-189;
520411069;4;-4;-177;-539;-459;-9;-87;-198;
520412092;-8;-3;-173;-489;-461;-8;-84;-210;
520413112;-1;-1;-169;-498;-485;1;-78;-204;
520414134;-10;-8;-185;-477;-446;4;-78;-196;
520415158;-4;2;-159;-476;-446;6;-77;-197;
520448414;-9;-9;-175;-498;-451;6;-69;-192;
520449528;-12;-3;-171;-511;-464;-9;-78;-191;
520450639;-6;10;-162;-490;-456;-3;-70;-191;
520451754;3;-3;-170;-486;-456;-4;-79;-206;
520452851;9;-8;-180;-490;-446;8;-68;-201;
520453886;-2;-2;-166;-491;-454;1;-72;-197;
520454922;4;5;-152;-498;-465;5;131;-163;
520455951;0;-7;-143;-508;-477;3;125;-171;
520456983;-3;2;-147;-520;-487;10;126;-168;
520458014;-7;0;-144;-517;-480;-2;131;-164;
520459052;0;1;-142;-514;-464;12;128;-158;
520460085;-16;-12;-160;-524;-490;-16;114;-188;
520461110;-1;-9;-154;-515;-490;4;124;-164;
520462135;-5;-3;-134;-504;-480;-6;128;-175;
520463170;-3;0;-149;-505;-472;13;130;-168;
520464201;0;0;-136;-502;-481;-1;142;-154;
520465230;-19;-34;-145;-514;-489;-52;114;-179;
520466268;-8;2;-137;-516;-474;-2;129;-158;
520467339;-14;6;-143;-516;-489;0;129;-169;
520468374;0;4;-122;-497;-473;6;133;-161;
520469420;0;-5;-154;-512;-483;-5;123;-209;
520470473;-5;15;-144;-516;-470;2;132;-167;
520471546;-6;8;-137;-512;-478;77;127;-172;
520472638;-13;0;-154;-528;-486;-8;120;-163;
520473743;-14;-13;-158;-522;-493;4;124;-162;
520474835;-5;1;-142;-520;-486;13;136;-170;
520475928;-4;12;-145;-529;-484;8;109;-179;
520477017;-14;6;-150;-530;-480;-6;124;-176;
520478081;12;3;-139;-503;-487;19;150;-153;
520479179;-18;-5;-151;-513;-485;-4;119;-172;
520480217;6;46;-147;-467;-493;-19;152;-181;
520481247;2;5;-153;-506;-472;0;119;-171;
520482278;-11;-3;-147;-504;-476;-48;130;-173;
520483309;-10;-8;-146;-510;-479;5;132;-165;
520484331;-9;-10;-149;-509;-470;0;130;-166;
520485358;-6;0;-147;-517;-480;-9;123;-173;
520486401;-1;0;-278;-532;-494;-12;136;-168;
520487437;-13;-1;-145;-520;-496;-5;129;-164;
520488475;-3;-7;-152;-522;-485;-2;125;-186;
520489502;-1;10;-151;-507;-474;4;128;-168;
520490533;-11;5;-142;-515;-479;31;129;-166;
520491570;-9;-9;-145;-527;-493;-5;116;-175;
520492607;-6;11;-141;-525;-486;7;127;-164;
520493638;-30;0;-138;-513;-477;0;135;-159;
520494662;0;8;-142;-517;-469;-4;139;-158;
520495691;-13;-4;-148;-520;-493;19;131;-171;
520496744;-3;2;-152;-519;-490;6;126;-152;
520497807;-24;-2;-153;-517;-490;-15;123;-169;
520498835;-75;-52;-215;-568;-558;-68;54;-238;
520499866;-60;-58;-203;-578;-541;-60;67;-224;
520500899;-7;11;-137;-520;-486;16;123;-177;
520501927;-12;71;-139;-516;-480;-2;132;-172;
520502958;2;15;-144;-517;-480;4;131;-162;
520504006;-7;-11;-155;-507;-493;2;117;-177;
520505066;-5;-5;-146;-519;-496;6;129;-170;
520506101;-2;8;-134;-487;-475;7;118;-151;
520507135;-2;7;-131;-516;-472;1;126;-155;
520508169;-7;-12;-154;-568;-491;3;112;-175;
520509200;-4;6;-135;-504;-480;-2;131;-157;
520510234;-3;1;-134;-501;-484;-3;126;-162;
520517568;0;5;-139;-515;-471;6;132;-173;
520518675;4;0;-138;-514;-472;13;131;-159;
520519764;-24;-2;-145;-522;-479;3;167;-170;
520520869;-2;9;-145;-514;-481;9;128;-163;
520521969;0;5;-149;-505;-491;0;121;-166;
520523020;-14;-9;-161;-527;-493;0;109;-192;
520524101;31;32;-110;-482;-453;27;159;-136;
520525131;-9;1;-157;-514;-484;-5;124;-169;
520526201;-10;3;-160;-504;-473;-14;128;-165;
520527233;1;11;-136;-515;-476;2;129;-168;
520528307;17;14;-138;-498;-472;12;136;-158;
520529409;-10;-20;-159;-529;-499;-12;111;-180;
520530538;-7;-12;-132;-515;-493;-3;147;-178;
520531630;-11;-4;-160;-509;-478;-9;-60;-211;
520532728;-19;-15;-167;-500;-470;-10;-64;-203;
520533765;-13;-2;-170;-491;-467;-1;-67;-223;
520534792;-13;-8;-181;-504;-465;-11;-72;-195;
520535834;-12;-13;-165;-492;-463;1;-67;-228;
520536864;-16;-8;-175;-498;-455;-8;-63;-200;
520537886;21;31;-145;-458;-442;17;11;-171;
520538915;3;5;-163;-474;-446;5;-50;-175;
520539964;-12;-9;-175;-487;-473;-12;-70;-206;
520541058;-6;-16;-190;-504;-475;-19;-75;-212;
520542096;-10;95;-177;-496;-470;-1;-60;-206;
520543127;-6;-2;-169;-491;-452;1;-53;-205;
520544177;-12;0;-166;-487;-456;14;-59;-182;
520545255;4;-1;-159;-479;-455;15;-58;-191;
520546285;-7;-5;-179;-482;-464;-12;-56;-180;
520547370;-6;-6;-226;-499;-468;-9;-64;-192;
520548410;-5;-5;-173;-609;-469;-5;-67;-187;
520549477;-6;9;-168;-493;-462;5;-53;-189;
520550536;14;10;-144;-479;-439;10;-43;-210;
520551583;-13;3;-179;-481;-388;-2;-53;-202;
520552683;-22;-8;-167;-498;-460;-7;-73;-198;
520553775;-10;11;-162;-483;-458;-2;-62;-187;
520554879;-7;-13;-170;-489;-443;6;-51;-178;
520555982;-5;-8;-158;-486;-451;-1;-60;-182;
520557079;5;-9;-167;-490;-457;-5;-64;-193;
520558198;-1;-1;-179;-489;-449;11;-54;-150;
520559268;2;0;-168;-489;-464;0;-55;-180;
520560308;-2;-6;-151;-492;-453;-2;-65;-192;
520561346;-27;-7;-180;-498;-464;-9;-72;-202;
520562438;2;-6;-179;-484;-463;-5;-75;-195;
520563482;-20;-2;-164;-490;-472;-10;-61;-197;
520564557;-1;-1;-166;-480;-454;-1;-59;-199;
520565590;0;9;-166;-485;-436;-1;-62;-188;
520566653;-17;-15;-167;-494;-465;-5;-65;-204;
520567701;-10;-7;-172;-498;-456;-13;-74;-205;
520568728;-8;-9;-159;-486;-460;-8;-71;-184;
520569764;1;1;-167;-493;-445;13;-58;-198;
520570797;3;-2;-172;-485;-451;0;-60;-182;
520571825;4;8;-157;-488;-456;6;-62;-223;
520572877;-29;-13;-169;-498;-472;-11;-62;-233;
520573968;0;4;-166;-465;-453;12;-63;-186;
520575072;5;6;-173;-488;-455;-3;-65;-197;
520576191;-20;-8;-177;-494;-449;-12;-70;-209;
520577292;-8;-8;-168;-485;-455;3;-61;-200;
520578395;12;13;-297;-464;-427;17;-46;-173;
520579511;1;11;-177;-492;-455;-3;-49;-198;
520580612;-9;3;-160;-495;-444;-6;-70;-209;
520581671;0;-3;-197;-464;-446;4;-61;-193;
520582697;-7;-10;-169;-491;-452;2;-64;-192;
520583725;-2;10;-161;-478;-442;-3;-69;-203;
520584763;-7;22;-164;-483;-435;10;-57;-175;
520585798;5;7;-168;-489;-419;39;-51;-199;
520586833;-12;-1;-170;-470;-454;2;-55;-200;
520587871;-2;14;-168;-489;-451;-5;-73;-260;
520588906;-5;25;-169;-484;-449;3;-65;-188;
520589939;-4;-1;-175;-495;-462;-6;-72;-186;
520590971;3;5;-168;-490;-472;-4;128;-163;
520592039;-5;-6;-154;-509;-474;-5;110;-178;
520593135;-40;133;-151;-514;-480;7;123;-165;
520594278;-14;-5;-143;-508;-479;-5;115;-164;
520595371;-3;-10;-138;-506;-479;-3;127;-169;
520596474;-3;3;-144;-509;-480;14;118;-178;
520597573;9;13;-146;-506;-479;15;133;-174;
520598667;-26;-26;-156;-530;-510;-30;99;-195;
520599766;8;-4;-131;-492;-473;0;121;-173;
520600874;-8;-2;-146;-501;-478;1;118;-168;
520601905;-4;9;-134;-503;-462;13;133;-150;
520602983;-26;-30;-179;-536;-493;-14;99;-195;
520604103;13;10;-152;-513;-463;13;137;-164;
520605200;18;24;-128;-490;-461;12;144;-207;
520606305;-25;-9;-159;-513;-491;-13;116;-184;
520607388;1;11;-142;-501;-477;-27;125;-168;
520608421;-1;-1;-153;-516;-479;0;136;-174;
520609463;3;0;-130;-493;-484;5;133;-162;
520610494;-1;14;-147;-508;-489;-2;125;-166;
520611525;34;5;-139;-491;-471;9;124;-171;
520612559;-18;31;-150;-517;-493;-1;25;-188;
520613588;-8;0;-155;-472;-464;-10;135;-166;
520614615;0;0;-153;-506;-484;-37;142;-172;
520615647;-12;14;-135;-516;-464;10;131;-161;
520616672;2;19;-131;-500;-474;2;131;-163;
520617702;-6;-6;-154;-516;-479;2;123;-172;
520618725;5;5;-145;-509;-467;14;131;-172;
520619763;2;10;-130;-501;-464;0;130;-169;
520620797;0;14;-141;-510;-465;6;129;-175;
520621837;-33;-29;-176;-539;-449;-29;84;-206;
520622867;-10;-5;-271;-518;-480;-1;118;-179;
520623904;-15;-11;-157;-518;-488;-2;118;-178;
520624937;25;26;-129;-489;-445;34;153;-143;
520625974;-8;6;-136;-504;-482;1;130;-167;
520627001;0;10;-156;-513;-468;6;126;-161;
520628033;-12;5;-149;-503;-486;-5;120;-169;
520629069;-11;-7;-140;-521;-490;-1;120;-183;
520630147;-1;2;-150;-518;-464;0;124;-166;
520631177;-3;-2;-134;-506;-465;0;121;-171;
520632211;-23;-8;-161;-517;-480;-6;113;-181;
520633244;-10;6;-137;-506;-464;-13;125;-165;
520634294;-14;-14;-171;-522;-478;-22;111;-175;
520635364;-16;-16;-148;-510;-481;-25;105;-173;
520636411;52;83;-89;-444;-411;47;189;-110;
520637492;5;3;-147;-506;-473;-25;129;-167;
520638528;0;-6;-155;-510;-481;-23;114;-180;
520639603;-6;-2;-146;-511;-475;-25;118;-172;
520640648;-3;-3;-156;-509;-467;-40;126;-177;
520643449;9;13;-145;-500;-463;-41;129;-173;
520644559;-1;-1;-153;-498;-474;-53;126;-160;
520645676;-2;-10;-159;-498;-477;-48;121;-170;
520646773;1;5;-141;-486;-460;-42;126;-165;
520647876;-15;-15;-161;-511;-479;-48;106;-182;
520648931;-1;10;-158;-492;-465;-40;121;-167;
520650023;5;8;-144;-489;-461;-17;133;-167;
520651058;-10;-8;-164;-510;-466;-42;121;-175;
520652089;2;0;-149;-491;-456;-26;127;-171;
520653137;-12;3;-154;-491;-464;61;130;-169;
520654212;-1;-2;-158;-512;-474;-53;117;-174;
520655248;1;10;-153;-503;-472;-31;116;-172;
520656318;1;7;-160;-501;-472;-44;130;-165;
520657351;-13;9;-149;-487;-477;-37;118;-180;
520658450;-17;-5;-167;-515;-482;-64;115;-182;
520659562;4;19;-157;-497;-469;-47;129;-167;
520660690;-6;4;-154;-479;-469;-42;126;-176;
520661796;9;14;-149;-479;-453;-44;145;-168;
520662884;-6;3;-157;-490;-443;-61;127;-175;
520663990;-3;-7;-146;-492;-455;-54;122;-166;
520665113;-9;0;-162;-494;-469;-63;126;-171;
520666204;6;2;-149;-500;-480;-59;123;-173;
520667244;4;4;-144;-492;-468;-46;118;-177;
520668314;-6;-4;-164;-512;-475;-44;113;-177;
520669356;1;15;-160;-492;-452;-35;138;-171;
520670383;-5;13;-151;-497;-455;-37;116;-162;
520671414;-11;11;-149;-497;-464;-67;122;-166;
520672454;0;8;-154;-505;-468;-25;20;-164;
520673492;-7;-2;-148;-507;-469;-21;111;-179;
520674535;-15;11;-161;-512;-479;-13;110;-159;
520675598;0;4;-155;-503;-469;5;-14;-168;
520676711;-13;-4;-173;-478;-447;8;-67;-186;
520677817;-23;23;-169;-478;-439;5;-53;-187;
520678917;-3;16;-171;-473;-449;-3;-81;-196;
520680022;-3;2;-172;-482;-455;2;-24;-184;
520681070;-36;23;-165;-474;-442;-1;-64;-175;
520682097;-8;8;-164;-492;-457;63;-80;-210;
520683139;-2;14;-174;-476;-440;6;-66;-185;
520684164;1;19;-180;-490;-446;7;-68;-198;
520685198;16;33;-154;-486;-435;3;-75;-177;
520686214;-6;81;-176;-466;-436;11;-75;-177;
520687251;4;28;-168;-483;-442;-1;-76;-199;
520688282;-6;0;-170;-473;-443;2;-86;-202;
520689360;-13;-4;-183;-492;-459;-4;-73;-200;
520690438;-8;6;-171;-471;-446;4;-84;-197;
520691496;2;11;-165;-472;-436;8;-77;-189;
520692557;12;18;-171;-476;-450;-3;-74;-173;
520693595;-20;9;-180;-486;-477;99;-82;-200;
520694624;4;9;-176;-472;-453;9;-71;-177;
520695656;25;3;-170;-513;-450;-23;-65;-186;
520696694;-3;8;-163;-467;-447;-7;-83;-198;
520697729;-2;9;-173;-475;-449;1;-77;-188;
520698816;3;4;-189;-498;-457;-6;-80;-187;
520699925;-12;9;-178;-489;-446;-7;-74;-191;
520701033;-4;-7;-183;-462;-448;-5;-82;-190;
520702143;-2;5;-180;-472;-442;-3;-77;-191;
520703271;-24;-1;-174;-469;-471;-18;-90;-206;
520704379;-4;6;-165;-476;-432;13;-66;-178;
520705489;-7;7;-175;-473;-465;-6;-82;-208;
520706534;9;2;-176;-476;-440;-2;-77;-190;
520707630;2;10;-183;-480;-452;-3;-69;-189;
520708710;1;10;-171;-463;-458;9;-114;-192;
520709748;-1;2;-173;-484;-447;-8;-71;-193;
520710823;-5;-5;-176;-469;-453;9;-79;-192;
520711878;6;-1;-165;-468;-450;0;-65;-189;
520712926;-5;-4;-179;-473;-438;-3;-80;-204;
520714003;-2;0;-167;-469;-449;0;-82;-193;
520715033;-7;-8;-191;-479;-455;-7;-86;-182;
520716097;12;8;-168;-462;-456;8;-74;-176;
520717127;-26;-16;-196;-490;-461;-16;-87;-209;
520718193;-7;-3;-190;-476;-444;-18;-84;-199;
520719299;8;9;-174;-471;-441;3;-71;-190;
520720395;-14;5;-183;-485;-458;4;-83;-189;
520721515;6;128;-168;-466;-449;11;-89;-179;
520722631;-3;-1;-181;-467;-449;2;-64;-180;
520723663;-1;-2;-174;-439;-437;14;-78;-195;
520724691;4;5;-175;-460;-445;20;-72;-182;
520725720;1;17;-171;-472;-444;15;-79;-180;
520726750;-5;-3;-171;-469;-443;-5;-82;-190;
520727776;-47;0;-182;-459;-441;-1;-83;-194;
520728805;15;15;-178;-471;-432;0;-77;-188;
520729837;-12;-6;-176;-478;-444;-17;-83;-200;
520730927;-17;-3;-176;-471;-448;-6;-86;-196;
520732002;5;25;-163;-438;-428;12;114;-165;
520733033;-3;7;-154;-483;-475;14;112;-168;
520734065;0;8;-162;-497;-476;27;54;-167;
520735113;92;135;-79;-407;-386;78;208;-88;
520736141;0;13;-149;-497;-452;0;131;-157;
520737168;20;35;-134;-469;-446;18;140;-126;
520738212;0;5;-155;-477;-462;-8;118;-154;
520739244;-30;14;-160;-493;-467;12;101;-170;
520740279;0;5;-154;-493;-464;13;121;-161;
520741308;2;11;-158;-482;-456;9;129;-165;
520742391;6;3;-192;-494;-462;13;124;-177;
520743438;-18;-5;-168;-501;-466;-14;95;-175;
520744494;-13;-13;-171;-504;-491;-22;78;-185;
520745544;-26;-15;-182;-503;-470;-26;95;-180;
520746580;2;7;-151;-482;-454;7;133;-155;
520747614;-1;-1;-146;-488;-465;-21;124;-188;
520748647;-22;8;-159;-469;-460;-5;127;-170;
520749740;-3;5;-163;-499;-472;-8;111;-171;
520750846;-2;0;-154;-493;-464;14;129;-154;
520751947;0;16;-151;-475;-459;14;129;-152;
520753055;7;5;-145;-488;-455;8;125;-157;
520754161;0;13;-155;-490;-400;13;119;-163;
520755259;6;0;-149;-482;-461;0;113;-174;
520756351;1;0;-149;-481;-459;5;129;-167;
520757401;-3;6;-156;-480;-461;-3;119;-160;
520758502;-15;0;-172;-492;-465;-5;110;-172;
520759608;0;-5;-165;-505;-466;-5;113;-170;
520760697;4;9;-162;-485;-460;23;122;-164;
520761819;-9;1;-159;-503;-457;36;116;-162;
520762922;-28;-4;-151;-489;-450;9;114;-164;
520764014;-3;9;-158;-489;-459;0;127;-169;
520765120;-1;-1;-171;-491;-455;6;122;-156;
520766215;8;19;-147;-481;-437;13;133;-158;
520767315;4;-18;-166;-489;-462;0;12;-167;
520768446;7;2;-154;-483;-456;4;129;-161;
520769580;7;2;-158;-460;-460;11;125;-159;
520770690;6;11;-145;-500;-462;2;125;-153;
520771784;-9;9;-170;-486;-468;4;124;-179;
520772890;-8;-23;-161;-485;-467;-4;121;-164;
520773918;-12;-3;-158;-501;-472;-11;106;-178;
520774945;2;49;-154;-490;-468;-6;112;-160;
520775975;3;1;-158;-487;-462;11;123;-159;
520776998;12;16;-138;-485;-446;25;137;-145;
520778031;-3;-29;-136;-490;-464;-1;116;-166;
520779066;-12;-4;-195;-493;-472;-4;120;-166;
520780099;1;-1;-155;-486;-478;-5;115;-177;
520781127;-7;-9;-170;-494;-473;-17;104;-177;
520782251;-8;-4;-163;-501;-462;-8;112;-163;
520783298;-14;-3;-167;-503;-503;-9;110;-180;
520784334;1;9;-155;-493;-461;6;121;-165;
520785372;0;-12;-166;-493;-465;-6;110;-167;
520786407;5;5;-169;-502;-463;-2;118;-172;
520787440;-2;17;-168;-493;-473;-25;124;-181;
520788518;-9;-8;-170;-488;-467;-8;117;-189;
520789584;-1;-7;-155;-483;-452;-1;120;-168;
520790631;-2;-1;-155;-510;-453;4;114;-167;
520791680;0;-4;-170;-495;-444;7;117;-165;
520792743;-8;9;-172;-493;-460;-4;113;-167;
520793769;7;2;-154;-472;-445;-7;113;-159;
520794874;-14;-6;-169;-495;-459;-57;120;-172;
520795998;6;7;-173;-495;-462;11;111;-173;
520797106;-10;-9;-163;-497;-464;4;104;-169;
520798234;-17;-8;-172;-503;-481;-14;107;-189;
520799333;24;30;-133;-456;-436;29;146;-135;
520800449;5;13;-162;-481;-459;6;113;-175;
520801491;8;15;-154;-483;-442;-1;131;-164;
520802529;9;9;-154;-476;-456;8;117;-154;
520803619;4;4;-172;-489;-463;-5;114;-173;
520804707;-4;4;-158;-480;-458;21;120;-158;
520805772;75;58;-108;-432;-382;63;171;-112;
520806808;-5;1;-171;-500;-463;-2;126;-176;
520807849;-1;-3;-162;-488;-457;-6;117;-181;
520808957;0;8;-168;-490;-451;10;120;-176;
520810065;-8;-10;-174;-491;-460;-6;111;-173;
520811177;4;-5;-172;-485;-465;-6;110;-179;
520812300;-10;-10;-185;-488;-442;-10;-30;-193;
520813396;0;0;-181;-476;-563;-1;122;-176;
520814520;-4;1;-179;-495;-462;3;125;-175;
520815573;-6;8;-171;-496;-465;-6;123;-178;
520816607;-7;-3;-173;-486;-453;4;-4;-192;
520817662;7;0;-194;-485;-442;-4;-96;-184;
520818739;8;-1;-114;-535;-440;0;-67;-193;
520819772;10;2;-176;-437;-426;13;-78;-200;
520820819;-11;-2;-213;-473;-438;-3;-102;-205;
520821850;-15;-7;-207;-481;-426;1;-113;-216;
520822879;-5;-4;-199;-469;-421;-9;-96;-191;
520823913;-5;-5;-199;-466;-434;-5;-102;-237;
520824944;0;9;-195;-464;-425;0;-97;-198;
520825972;-36;-3;-193;-467;-443;8;-107;-197;
520827008;0;0;-196;-461;-425;9;-86;-194;
520828046;0;1;-195;-448;-423;0;-97;-185;
520829081;26;-5;-191;-445;-425;6;-117;-195;
520830107;6;50;-201;-448;-420;-4;-105;-198;
520831131;-12;-2;-194;-464;-429;7;-108;-224;
520832159;-11;8;-199;-540;-418;-9;-92;-194;
520833211;12;12;-195;-456;-430;5;-107;-201;
520834244;4;-2;-194;-461;-417;0;-106;-225;
520835273;19;15;-183;-419;-409;13;-86;-184;
520836305;-4;1;-194;-458;-444;2;-95;-198;
520837338;2;0;-184;-430;-420;3;-90;-204;
520838373;-5;9;-199;-469;-432;1;-102;-197;
520839417;8;8;-185;-444;-413;20;-84;-182;
520840455;-4;-9;-206;-469;-422;-4;-120;-212;
520841492;13;12;-191;-439;-422;4;-102;-202;
520842576;-1;1;-183;-463;-422;-3;-103;-219;
520843609;3;0;-197;-458;-430;48;-105;-200;
520844683;-4;2;-192;-454;-423;0;-113;-203;
520845717;2;-5;-186;-458;-430;-2;-106;-226;
520846747;-6;-6;-188;-447;-433;-10;-108;-196;
520847784;-11;-12;-201;-461;-430;11;-114;-231;
520852304;-8;-12;-186;-489;-450;-5;52;-184;
520853424;-13;4;-171;-494;-464;-9;108;-176;
520854530;-1;7;-181;-466;-440;-3;235;-177;
520855633;3;-4;-170;-481;-464;-6;114;-166;
520856713;0;-13;-163;-602;-454;-4;116;-175;
520857806;-6;-8;-167;-477;-457;0;111;-175;
520858910;-9;4;-176;-461;-461;0;87;-175;
520860009;8;1;-169;-481;-437;13;104;-153;
520861110;-9;0;-179;-481;-452;1;91;-183;
520862234;1;-2;-156;-483;-486;-5;114;-172;
520863328;-7;-5;-171;-475;-448;6;121;-171;
520864449;-8;13;-178;-489;-439;9;120;-165;
520865510;-4;0;-159;-478;-440;1;119;-165;
520866586;1;0;-190;-498;-452;-9;112;-164;
520867621;10;9;-159;-470;-441;7;127;-165;
520868744;-1;-10;-172;-492;-453;-6;107;-173;
520869839;2;19;-174;-485;-449;0;116;-170;
520870929;-9;7;-162;-489;-457;9;118;-168;
520872061;9;5;-165;-488;-452;3;92;-166;
520873194;1;5;-173;-472;-440;3;113;-157;
520874299;-8;-10;-186;-481;-436;-13;109;-179;
520875399;-4;7;-183;-494;-460;-8;116;-175;
520876472;5;-3;-172;-478;-450;12;114;-167;
520877521;1;-1;-156;-484;-437;1;115;-167;
520878585;6;11;-174;-491;-440;-2;113;-168;
520879618;1;2;-168;-461;-437;11;128;-180;
520880652;-9;0;-178;-488;-447;2;104;-171;
520881682;-2;-2;-183;-483;-447;2;122;-170;
520882724;13;8;-169;-471;-447;1;111;-176;
520883759;-4;0;-182;-484;-440;-3;116;-165;
520884784;-1;8;-172;-468;-446;-5;72;-168;
520885900;-5;0;-175;-477;-455;-5;101;-166;
520887025;0;-4;-180;-479;-438;0;115;-170;
520888126;-2;32;-182;-489;-471;-11;116;-187;
520889227;1;-1;-180;-591;-447;-12;106;-182;
520890327;-5;0;-181;-494;-444;9;116;-172;
520891366;5;-1;-180;-487;-451;-7;101;-183;
520892486;0;13;-165;-473;-438;-21;117;-172;
520893530;-10;-6;-181;-475;-454;-12;102;-179;
520894564;5;8;-181;-473;-430;-12;116;-176;
520895637;-1;5;-247;-450;-439;3;115;-168;
520896680;0;4;-179;-480;-441;-23;115;-161;
520897715;16;0;-171;-478;-440;-25;128;-174;
520898742;-6;-6;-176;-488;-431;-3;131;-187;
520899839;12;12;-179;-473;-436;-1;125;-166;
520900869;1;3;-169;-473;-434;9;123;-180;
520901926;0;11;-169;-475;-438;15;115;-179;
520902983;-1;12;-181;-464;-439;4;116;-180;
520904016;2;3;-169;-464;-461;0;125;-166;
520905130;-7;-9;-188;-487;-449;0;113;-184;
520906260;-2;4;-172;-465;-441;19;114;-168;
520907408;6;27;-217;-464;-429;4;120;-171;
520908521;-9;-6;-200;-485;-447;-16;104;-184;
520909623;17;13;-174;-460;-429;17;126;-175;
520910732;-19;11;-174;-472;-420;3;116;-177;
520911826;12;11;-177;-452;-433;-1;116;-171;
520912925;14;23;-171;-464;-411;9;125;-174;
520914012;1;18;-189;-469;-425;13;113;-179;
520915133;12;18;-172;-464;-415;0;129;-178;
520916237;0;13;-187;-482;-437;3;108;-168;
520917356;12;12;-178;-475;-443;-5;110;-180;
520918481;-13;13;-187;-477;-426;-18;107;-183;
520919595;-1;26;-187;-484;-437;31;117;-190;
520920697;-5;1;-187;-470;-434;-5;112;-175;
520921791;-8;-14;-199;-473;-443;-16;104;-199;
520922846;1;12;-188;-464;-426;9;117;-180;
520923880;-3;10;-193;-469;-419;10;125;-170;
520924917;78;12;-192;-476;-448;-13;95;-193;
520926025;-5;-7;-259;-477;-436;-17;101;-236;
520927148;-2;10;-200;-469;-445;-11;103;-197;
520928244;-3;26;-181;-421;-436;-1;120;-186;
520929355;8;-10;-190;-469;-443;-5;107;-177;
520930461;-14;9;-176;-473;-451;-22;97;-165;
520931591;92;96;-99;-382;-342;74;199;-93;
520932676;30;52;-160;-435;-409;39;151;-176;
520933754;13;26;-165;-457;-431;7;113;-163;
520934786;10;17;-158;-483;-442;-6;102;-176;
520935864;1;26;-176;-479;-421;-8;113;-175;
520936892;12;19;-180;-481;-426;-4;116;-170;
520937972;0;14;-167;-487;-441;3;114;-167;
520939076;-11;13;-185;-502;-451;2;90;-179;
520940179;3;5;-176;-496;-445;-3;102;-175;
520941299;2;27;-157;-482;-442;2;110;-178;
520942403;-6;6;-168;-480;-443;8;108;-173;
520943529;3;18;-168;-491;-440;-3;110;-180;
520944570;5;2;-164;-469;-426;2;118;-172;
520945603;2;15;-160;-476;-437;6;122;-169;
520946656;4;10;-189;-488;-451;-13;95;-185;
520947761;14;17;-167;-483;-434;2;110;-158;
520948804;1;2;-166;-486;-431;2;121;-160;
520949834;6;11;-177;-485;-404;4;118;-170;
520950866;-5;7;-185;-492;-449;9;88;-182;
520951900;9;26;-178;-515;-445;1;120;-180;
520952939;3;11;-172;-475;-446;11;127;-161;
520953978;-16;2;-173;-496;-444;-1;109;-186;
520955008;-12;0;-187;-493;-460;-16;98;-177;
520956087;-8;8;-178;-478;-445;2;112;-167;
520957156;11;23;-167;-474;-441;19;119;-152;
520958193;-5;1;-177;-498;-455;-11;90;-190;
520959246;8;13;-178;-475;-453;11;102;-178;
520960307;-4;7;-170;-492;-446;-1;112;-172;
520961343;-2;0;-188;-514;-459;-3;96;-174;
520962484;-122;11;-181;-488;-439;13;119;-171;
520963586;2;15;-157;-469;-438;7;119;-172;
520964710;4;10;-176;-487;-437;-2;115;-173;
520965798;6;-1;-183;-494;-459;-10;99;-168;
520966895;2;6;-159;-464;-438;1;103;-178;
520968011;-1;7;-168;-495;-439;-6;107;-175;
520969109;6;24;-165;-481;-430;23;129;-160;
520970231;0;8;-184;-494;-450;1;115;-225;
520971343;4;12;-178;-474;-454;9;106;-176;
520972421;-3;-4;-138;-488;-446;-3;-47;-188;
520973524;2;4;-177;-486;-439;5;119;-172;
520974622;21;13;-162;-485;-443;8;112;-176;
520975714;1;1;-172;-479;-436;-5;103;-183;
520976797;-3;14;-179;-493;-454;-6;101;-178;
520977845;-38;-29;-206;-531;-481;-35;71;-207;
520978875;8;1;-163;-485;-483;5;117;-165;
520979905;-5;9;-175;-494;-444;1;116;-174;
520980945;-5;-3;-182;-505;-419;8;114;-179;
520981976;-5;1;-175;-495;-445;4;115;-171;
520982996;8;6;-172;-474;-437;0;122;-203;
520984027;9;18;-167;-490;-445;9;74;-166;
520985062;-11;-4;-166;-499;-453;-13;95;-150;
520986146;-10;-5;-178;-501;-461;-16;114;-178;
520987221;-4;14;-169;-500;-455;-2;113;-174;
520988261;26;26;-72;-459;-417;30;151;-142;
520989330;-6;20;-175;-503;-445;1;111;-176;
520990443;9;11;-174;-481;-456;5;111;-166;
520991564;-6;2;-167;-494;-444;-17;173;-171;
520992668;-7;10;-163;-496;-451;-1;113;-177;
520993774;1;-12;-168;-514;-467;-12;102;-192;
520994874;-10;-9;-197;-501;-459;-13;93;-173;
520995974;2;10;-171;-487;-451;-12;121;-180;
520997066;-2;2;-162;-501;-456;-8;110;-182;
520998095;-8;21;-167;-500;-452;2;111;-172;
520999126;-6;6;-172;-487;-452;7;114;-168;
521000167;-1;18;-164;-480;-448;4;121;-174;
521001199;-4;-5;-172;-495;-460;-4;103;-176;
521002282;-4;0;-171;-504;-452;-10;119;-185;
521003320;-2;0;-172;-489;-449;10;108;-166;
521004392;9;-2;-166;-498;-452;9;105;-176;
521005433;-20;-7;-180;-516;-461;-13;90;-185;
521006486;-3;-5;-168;-504;-461;-5;108;-187;
521007599;3;13;-161;-489;-438;3;129;-176;
521008716;1;7;-173;-495;-455;6;112;-182;
521009819;28;16;-172;-500;-439;3;121;-177;
521010916;8;1;-103;-486;-448;12;112;-180;
521012014;-6;-5;-175;-501;-446;1;117;-182;
521013050;-6;-32;-172;-503;-458;-2;107;-155;
521014087;-4;-3;-165;-493;-444;-5;110;-189;
521015121;14;15;-156;-484;-453;43;128;-168;
521016154;6;15;-163;-484;-435;10;117;-174;
521017184;-21;-8;-184;-516;-452;-13;112;-191;
521018217;-14;-14;-164;-514;-452;-3;105;-190;
521019245;-5;0;-199;-494;-454;-9;101;-176;
521020274;0;7;-155;-491;-447;-4;107;-182;
521021301;-18;8;-170;-510;-463;6;103;-178;
521022329;1;2;-140;-490;-451;10;125;-177;
521023371;4;7;-176;-498;-458;-1;95;-176;
521024419;0;2;-171;-504;-454;7;100;-179;
521025474;-14;4;-176;-504;-467;-3;111;-195;
521026576;-16;-4;-163;-503;-455;-9;26;-172;
521027612;-5;1;-172;-502;-449;-5;104;-176;
521028651;0;4;-168;-503;-463;17;117;-177;
521029687;-4;1;-162;-445;-453;9;117;-180;
521030719;-10;-9;-188;-522;-462;-7;108;-186;
521031773;-1;3;-161;-497;-456;-1;109;-180;
521032847;-12;-14;-170;-524;-466;-14;98;-194;
521033876;-6;8;-172;-496;-467;-14;113;-188;
521034956;9;9;-169;-503;-458;-7;116;-170;
521035988;6;-4;-169;-513;-456;-10;108;-172;
521037031;-2;4;-161;-503;-446;1;107;-177;
521038059;-5;-13;-173;-496;-463;-5;104;-185;
521039109;-5;-7;-160;-502;-445;-5;122;-185;
521040196;-4;-3;-131;-500;-478;-4;112;-170;
521041215;0;7;-160;-513;-441;-3;104;-181;
521042316;-13;-2;-189;-515;-476;-13;101;-193;
521043473;14;21;-154;-490;-450;7;111;-163;
521044586;-5;18;-161;-506;-464;16;118;-175;
521045706;14;17;-164;-503;-461;3;111;-153;
521046795;12;18;-169;-502;-451;15;122;-179;
521047901;-3;2;-169;-506;-467;-5;127;-189;
521048933;-8;-3;-175;-516;-460;-8;127;-193;
521049964;1;1;-161;-511;-438;-107;128;-182;
521051075;50;-3;-184;-508;-453;-8;117;-200;
521052157;-2;4;-159;-515;-463;-3;113;-200;
521053239;-6;0;-167;-507;-453;-1;126;-187;
521054306;-7;11;-157;-508;-462;-3;143;-193;
521055421;10;26;-156;-512;-464;11;119;-174;
521056544;3;13;-161;-496;-468;25;120;-124;
521057641;-11;28;-169;-517;-465;-4;131;-192;
521058747;10;15;-168;-515;-456;-4;138;-181;
521059866;5;4;-152;-503;-497;-4;139;-21;
521060974;48;3;-151;-496;-455;8;136;-181;
521062084;-37;-52;-188;-538;-481;-22;101;-217;
521063128;-6;-4;-172;-518;-384;-5;127;-184;
521064159;-11;5;-173;-520;-472;-87;133;-192;
521065197;2;2;-151;-507;-445;2;144;-193;
521066214;2;1;-159;-501;-463;-11;138;-189;
521067321;-9;10;-155;-507;-457;-9;49;-197;
521068443;-21;-22;-172;-545;-482;-20;137;-199;
521069545;0;0;-154;-513;-469;0;150;-190;
521070648;-14;-2;-161;-526;-484;5;147;-327;
521071768;4;10;-140;-511;-446;5;159;-192;
521072875;-15;-9;-163;-529;-467;-11;121;-204;
521074001;-9;-7;-164;-515;-472;0;162;-189;
521075125;-2;3;-136;-507;-461;2;163;-221;
521076236;-42;-38;-141;-553;-511;-42;120;-258;
521077335;17;27;-132;-496;-441;18;178;-203;
521078455;-24;-17;-167;-530;-494;-17;154;-303;
521079588;-4;4;-150;-501;-465;4;168;-216;
521080694;31;-27;-160;-521;-458;-6;175;-233;
521081788;-18;-9;-163;-516;-473;-3;181;-240;
521082877;-11;3;-148;-519;-465;6;199;-232;
521083947;0;5;-154;-532;-477;-5;202;-225;
521084975;-6;4;-139;-516;-470;8;214;-230;
521086017;45;-2;-153;-530;-479;-4;201;-248;
521087094;-42;-14;-160;-524;-484;-1;200;-279;
521088142;0;1;-150;-529;-478;9;191;-244;
521089183;-5;2;-153;-520;-477;5;192;-230;
521090246;40;7;-156;-524;-462;6;191;-168;
521091296;0;0;-136;-535;-485;0;190;-425;
521092326;0;-13;-153;-529;-481;-2;192;-249;
521093360;24;5;-142;-526;-477;12;204;-220;
521094418;-13;4;-141;-542;-491;-8;174;-254;
521095475;-8;6;-129;-531;-489;1;191;-237;
521096511;-10;3;-136;-536;-485;13;183;-245;
521097547;0;-7;-139;-516;-487;6;186;-249;
521098574;-12;0;-120;-523;-473;-56;203;-249;
521099610;-11;-2;-139;-539;-478;-2;201;-253;
521100641;20;22;-108;-487;-462;20;202;-238;
521101672;-7;-79;-137;-552;-501;-8;178;-255;
521102700;-10;0;-136;-535;-498;0;193;-260;
521103729;-12;-7;-141;-547;-503;0;196;-258;
521104763;5;-1;-141;-541;-485;-5;189;-258;
521105797;-14;-6;-138;-537;-507;-19;201;-297;
521106823;-3;11;-127;-460;-493;6;212;-271;
521107855;-12;-9;-137;-552;-498;-9;198;-278;
521108892;-30;-17;-141;-559;-473;-10;190;-287;
521109929;0;0;-123;-523;-515;2;200;-282;
521110961;-13;-19;-133;-540;-509;-1;184;-287;
521112004;-1;-7;-131;-546;-505;0;187;-291;
521113064;-16;0;-125;-529;-493;-89;187;-285;
521114164;-1;-11;-137;-546;-516;-8;164;-328;
521115268;-14;-7;-146;-562;-513;-7;197;-303;
521116365;-1;-7;-122;-547;-512;-3;202;-296;
521117463;-3;0;-131;-555;-492;12;197;-304;
521118525;-17;-45;-141;-558;-506;-17;-15;-401;
521119557;16;-36;-257;-388;-340;6;-171;-489;
521120584;-4;32;-303;-363;-366;0;141;-356;
521121655;-14;-8;-145;-550;-507;32;228;-307;
521122727;-11;-19;-131;-546;-514;14;197;-312;
521123817;-2;19;-115;-526;-497;2;204;-297;
521124853;-20;-8;-253;-551;-516;-9;195;-316;
521125883;-10;-6;-152;-516;-483;12;194;-309;
521126960;2;2;-129;-543;-516;-26;206;-324;
521127991;-9;-19;-133;-551;-508;4;95;-418;
521129046;6;-17;-222;-492;-480;14;209;-306;
521130159;-26;-18;-141;-581;-516;-16;205;-317;
521131258;-5;-8;-115;-548;-508;1;203;-292;
521132356;-27;-27;-143;-493;-512;-14;187;-306;
521133472;-9;-5;-129;-546;-515;34;204;-296;
521134518;29;19;-97;-524;-476;33;241;-257;
521135561;-9;-22;-117;-547;-514;12;206;-293;
521136598;-3;-13;-127;-537;-503;9;204;-308;
521137633;-8;-10;-136;-566;-519;-8;209;-319;
521138663;-15;-20;-137;-565;-523;-8;193;-317;
521139702;4;-17;-124;-546;-510;6;204;-299;
521140730;1;-11;-134;-555;-504;3;205;-301;
521141763;-3;-55;-117;-559;-514;-6;196;-298;
521142837;-6;-24;-143;-578;-527;6;206;-296;
521143886;-6;-29;-134;-559;-515;1;190;-307;
521144918;-10;-17;-132;-569;-524;-6;195;-309;
521145957;-9;-24;-133;-570;-523;2;198;-304;
521146992;-4;-14;-127;-565;-513;1;193;-282;
521148028;-7;-26;-119;-570;-517;2;213;-290;
521149058;-6;-17;-113;-670;-502;6;195;-295;
521150095;3;-24;-126;-564;-516;31;154;-307;
521151121;-32;-5;-140;-575;-528;-11;188;-308;
521152149;-12;-30;-128;-564;-515;3;198;-286;
521153199;-12;-42;-133;-700;-518;0;206;-292;
521154254;0;-36;-124;-564;-519;5;201;-294;
521155297;-11;-44;-106;-567;-526;3;193;-279;
521156370;-10;-34;-128;-566;-523;15;207;-283;
521157404;2;-35;-117;-565;-513;-3;208;-281;
521158499;-3;-38;-126;-572;-512;0;207;-282;
521159535;-12;-62;-116;-567;-508;12;208;-265;
521160566;-39;-85;-150;-590;-546;-25;189;-306;
521161592;-14;-59;-135;-586;-499;-13;197;-293;
521162624;-15;-62;-127;-578;-515;10;211;-298;
521163655;-6;-68;-124;-574;-514;0;206;-298;
521164681;-27;-87;-140;-538;-550;-24;185;-324;
521165710;-7;-68;-133;-576;-533;-6;200;-300;
521166781;-20;-70;-119;-571;-533;-4;208;-300;
521168383;-14;-73;-138;-569;-529;8;201;-289;
521169509;-15;-73;-83;-578;-524;-15;196;-297;
521170612;-19;-87;-153;-583;-532;-16;187;-303;
521171698;-4;14;-140;-558;-518;0;207;-287;
521172799;-5;-70;-121;-551;-511;8;215;-276;
521173901;-1;-60;-120;-543;-494;10;219;-283;
521175015;100;-68;-133;-556;-518;13;207;-294;
521176116;-13;-113;-142;-542;-515;-1;206;-296;
521177221;-8;-58;-149;-562;-515;-3;202;-299;
521178326;10;-49;-115;-545;-509;18;205;-286;
521179424;-23;-78;-162;-567;-527;-12;195;-312;
521180534;-13;-100;-155;-503;-520;2;205;-290;
521181627;-22;-58;-153;-549;-524;-9;203;-303;
521182726;-19;-78;-142;-542;-516;-1;200;-150;
521183818;101;-48;-147;-540;-508;11;205;-309;
521184922;-23;-55;-140;-542;-509;8;212;-300;
521186024;-13;-75;-166;-537;-515;-4;198;-313;
521187153;-11;-72;-154;-540;-508;10;220;-310;
521188244;-11;-56;-287;-377;-333;-5;-195;-497;
521189342;-26;-62;-178;-525;-506;0;207;-292;
521190477;-19;-50;-277;-530;-510;3;206;-306;
521191515;-66;-33;-220;-514;-501;8;211;-295;
521192551;-8;-39;-162;-525;-508;8;215;-284;
521193583;-5;-51;-167;-524;-500;4;219;-299;
521194609;-25;-36;-178;-539;-521;-13;207;-335;
521195682;-8;-7;-179;-524;-510;6;225;-292;
521196750;-8;-12;-175;-514;-501;15;219;-296;
521197792;-11;-2;-181;-528;-512;-77;207;-305;
521198871;-2;-13;-187;-520;-503;0;210;-299;
521199895;2;-2;-179;-514;-490;11;210;-300;
521200946;-4;-11;-189;-519;-511;5;213;-295;
521201977;3;1;-178;-505;-489;11;229;-287;
521203007;14;-4;-166;-493;-488;7;213;-293;
521204036;8;-14;-183;-507;-502;3;209;-301;
521205068;92;115;-98;-435;-407;81;300;-216;
521206101;9;12;-199;-504;-489;6;223;-307;
521207133;-1;4;-193;-521;-513;2;212;-315;
521208173;11;25;-174;-508;-490;19;211;-295;
521209200;16;30;-178;-513;-500;0;225;-290;
521210245;4;12;-191;-507;-494;14;232;-304;
521211284;13;8;-186;-570;-487;4;235;-280;
521212364;-35;-35;-241;-556;-549;-45;182;-330;
521213422;7;20;-190;-505;-496;-3;204;-305;
521214468;12;10;-183;-498;-497;2;222;-303;
521215494;-13;-11;-183;-513;-510;-13;209;-307;
521216540;75;13;-194;-510;-503;-7;205;-308;
521217638;13;17;-180;-489;-489;27;237;-448;
521218749;9;6;-194;-503;-497;8;216;-295;
521219849;16;18;-197;-504;-501;-6;205;-300;
521220945;10;10;-185;-487;-479;10;218;-292;
521222075;18;3;-192;-516;-501;-7;206;-295;
521223191;17;21;-202;-499;-451;6;221;-285;
521224268;25;2;-220;-505;-491;4;212;-260;
521225368;9;-19;-202;-509;-513;-16;206;-310;
521226412;29;-4;-181;-488;-494;-20;212;-286;
521227494;31;11;-164;-503;-502;0;219;-297;
521228528;23;6;-194;-501;-505;-3;223;-293;
521229608;16;-2;-203;-515;-506;0;212;-313;
521230648;27;14;-195;-515;-493;9;211;-300;
521231696;54;-7;-197;-503;-503;0;202;-303;
521232762;39;-12;-186;-506;-493;20;217;-284;
521233796;16;-7;-187;-518;-502;-9;206;-312;
521234827;25;4;-195;-519;-503;-3;214;-306;
521235860;24;1;-208;-515;-512;-13;216;-300;
521236891;37;4;-199;-506;-494;-5;218;-300;
521237930;36;-11;-189;-483;-489;-2;218;-287;
521238972;17;27;-193;-501;-503;-9;205;-310;
521239993;40;15;-197;-508;-494;-10;210;-302;
521241064;44;4;-198;-523;-499;6;225;-311;
521242102;54;28;-185;-508;-492;3;221;-291;
521243132;43;36;-177;-509;-486;2;223;-292;
521244168;128;8;-184;-509;-503;-9;217;-294;
521245199;44;9;-194;-515;-505;-8;212;-311;
521246221;12;-11;-212;-540;-527;-31;195;-367;
521247249;41;13;-188;-514;-494;2;229;-304;
521248284;39;16;-194;-496;-427;-5;-184;-500;
521249312;30;7;-398;-330;-295;0;-216;-522;
521250340;-44;17;-385;-340;-357;-5;-5;-466;
521251387;15;39;-223;-467;-457;11;217;-292;
521252423;32;38;-183;-521;-505;-2;214;-307;
521253466;26;14;-168;-520;-490;11;216;-283;
521254502;21;36;-172;-524;-497;7;215;-301;
521255529;3;22;-186;-529;-495;-3;227;-293;
521256565;25;34;-194;-527;-501;15;215;-406;
521257595;9;20;-195;-523;-503;11;224;-290;
521258620;20;23;-192;-520;-498;8;217;-299;
521272269;4;37;-182;-543;-491;-1;217;-287;
521273367;40;26;-182;-545;-510;5;215;-282;
521274493;-22;24;-187;-550;-501;-11;222;-282;
521275565;32;28;-186;-567;-500;-6;218;-281;
521276594;17;27;-188;-556;-511;-9;197;-326;
521277627;-13;25;-318;-419;-340;-8;-233;-511;
521278653;34;23;-366;-347;-298;2;-219;-509;
521279686;6;25;-270;-452;-387;4;186;-314;
521280716;16;19;-182;-549;-516;-4;207;-282;
521281801;7;21;-172;-570;-513;-5;210;-290;
521282856;33;20;-174;-559;-521;-10;202;-289;
521283901;27;-8;-226;-529;-395;-34;-226;-528;
521285005;51;9;-360;-431;-315;-7;-228;-518;
521286092;77;21;-371;-373;-311;-2;-222;-513;
521287176;91;18;-369;-390;-298;10;-206;-513;
521288281;113;10;-361;-366;-294;9;-188;-516;
521289401;93;10;-372;-362;-320;-3;-231;-574;
521290511;147;61;-323;-314;-249;42;-173;-390;
521291601;74;17;-182;-562;-493;15;229;-195;
521292704;93;15;-169;-543;-509;19;222;-288;
521293732;91;23;-178;-547;-486;18;225;-282;
521294831;107;24;-170;-573;-496;-1;224;-283;
521295952;77;15;-192;-571;-472;-14;206;-311;
521297076;84;16;-170;-571;-504;0;217;-286;
521298180;81;16;-177;-560;-517;-6;206;-277;
521299280;88;24;-167;-564;-503;-2;219;-269;
521300393;79;26;-178;-564;-514;0;215;-309;
521301482;53;15;-167;-575;-543;-14;207;-292;
521302510;87;27;-166;-567;-502;15;220;-273;
521303602;71;36;-166;-572;-508;8;222;-277;
521304653;71;29;-166;-568;-510;24;222;-278;
521305680;90;32;-335;-386;-317;0;-194;-490;
521306716;77;25;-369;-376;-301;-5;-221;-492;
521307762;75;7;-358;-371;-302;3;-196;-495;
521308834;79;21;-354;-366;-340;0;-195;-490;
521309863;70;26;-355;-365;-304;9;-220;-508;
521310948;72;21;-366;-458;-460;7;223;-285;
521311987;51;25;-168;-556;-490;2;220;-327;
521313022;74;21;-154;-568;-514;0;230;-267;
521314056;69;16;-162;-578;-510;-9;199;-280;
521315085;56;36;-165;-516;-421;-2;-14;-390;
521316172;58;27;-235;-509;-441;6;-142;-492;
521317258;66;36;-221;-378;-310;-5;-196;-501;
521318383;50;34;-359;-365;-309;0;-180;-489;
521319494;48;23;-348;-390;-329;-4;-132;-463;
521320605;53;13;-320;-412;-362;3;-122;-465;
521321680;44;35;-295;-435;-420;-1;223;-289;
521322717;52;25;-146;-585;-519;0;232;-269;
521323753;41;17;-155;-582;-518;-3;224;-273;
521324782;45;19;-268;-448;-453;5;-165;-464;
521325885;54;23;-261;-480;-366;-7;-137;-476;
521326918;45;25;-330;-398;-323;0;-149;-463;
521327950;51;34;-313;-387;-350;3;-187;-476;
521328984;39;23;-321;-398;-339;-3;-159;-479;
521330015;33;15;-324;-415;-340;-9;-166;-475;
521331056;53;-88;-317;-399;-331;12;-150;-468;
521332097;47;84;-321;-404;-321;5;-153;-464;
521333128;50;42;-321;-410;-327;1;-153;-464;
521334158;83;76;-275;-381;-196;33;-106;-431;
521335217;23;18;-313;-408;-354;-6;-145;-462;
521336283;22;-63;-308;-418;-360;-6;-120;-444;
521337309;38;28;-303;-432;-340;0;-105;-448;
521338377;48;31;-283;-453;-361;5;12;-341;
521339417;28;28;-146;-574;-503;4;211;-258;
521340449;31;25;-140;-592;-529;1;215;-261;
521341484;24;22;-134;-583;-520;0;210;-278;
521342508;60;37;-129;-573;-493;20;241;-258;
521343542;21;10;-149;-609;-533;-13;203;-273;
521344570;0;3;-167;-621;-544;-17;195;-300;
521345630;22;26;-150;-602;-523;-8;206;-281;
521346734;34;26;-136;-572;-523;-4;142;-278;
521347838;32;30;-153;-595;-511;0;216;-270;
521348936;36;18;-133;-595;-515;1;225;-275;
521350036;18;29;-154;-598;-538;-16;208;-266;
521351094;25;22;-148;-591;-514;9;216;-277;
521352127;28;28;-130;-582;-527;-2;214;-259;
521353198;47;19;-143;-569;-521;1;222;-260;
521354265;27;32;-136;-588;-519;9;216;-251;
521355296;26;28;-141;-597;-527;1;212;-257;
521356334;25;16;-151;-605;-520;-2;203;-268;
521357357;26;17;-146;-589;-519;15;225;-292;
521358393;8;21;-197;-526;-468;-3;206;-275;
521359435;25;34;-142;-586;-473;2;-46;-362;
521360497;24;34;-280;-453;-370;19;-93;-419;
521361554;25;23;-310;-428;-343;-26;-125;-449;
521362594;22;29;-323;-416;-335;19;-145;-513;
521363622;18;13;-315;-425;-355;-10;-148;-470;
521364715;4;4;-261;-474;-372;5;-8;-358;
521365774;16;4;-300;-515;-377;-43;-143;-462;
521366804;8;13;-314;-417;-345;8;-145;-467;
521367852;14;12;-307;-443;-359;-15;-165;-473;
521368907;25;16;-305;-431;-360;-4;-159;-465;
521369937;17;23;-296;-422;-346;-2;-155;-453;
521371022;26;13;-307;-415;-342;1;-154;-464;
521372143;7;10;-321;-427;-348;-11;-148;-464;
521373259;15;65;-311;-424;-353;-6;-156;-463;
521374353;21;10;-326;-419;-351;-4;-154;-458;
521375468;17;21;-305;-421;-353;17;-145;-461;
521376566;91;91;-246;-362;-283;81;-75;-381;
521377655;11;17;-300;-425;-348;37;-156;-381;
521378685;32;30;-290;-408;-330;13;-139;-439;
521379778;33;13;-287;-420;-338;7;-153;-445;
521380865;5;10;-296;-431;-348;5;-151;-469;
521381976;122;11;-291;-426;-357;3;-142;-464;
521383088;3;13;-297;-421;-338;-1;-145;-461;
521384193;16;6;-303;-423;-335;39;-161;-450;
521385295;12;2;-310;-439;-344;-10;-149;-441;
521386397;0;11;-290;-420;-352;0;-153;-457;
521387469;0;-8;-291;-451;-374;-13;-157;-451;
521388559;4;4;-300;-440;-353;-5;-150;-458;
521389641;9;8;-292;-448;-368;0;-119;-441;
521390704;20;7;-269;-451;-363;7;-122;-424;
521391740;-9;4;-276;-447;-382;4;-122;-447;
521392784;28;19;-269;-448;-364;-1;-103;-425;
521393869;4;-3;-285;-448;-378;-3;-126;-443;
521394900;-2;0;-274;-461;-366;4;-119;-434;
521395944;3;11;-287;-454;-363;-9;-122;-436;
521396974;4;-2;-288;-452;-367;-5;-149;-442;
521398015;15;19;-322;-430;-351;-15;-127;-467;
521399147;4;16;-283;-438;-360;1;-153;-457;
521400263;22;17;-284;-440;-363;7;-148;-450;
521401368;8;1;-294;-440;-353;-5;-155;-450;
521402482;7;-10;-300;-435;-343;-2;-157;-449;
521403578;17;9;-298;-423;-336;2;-149;-452;
521404625;19;-30;-289;-425;-335;-56;-142;-447;
521405658;24;20;-294;-431;-355;3;-156;-446;
521406692;22;0;-290;-435;-351;-4;-149;-453;
521407728;-1;-13;-297;-438;-360;21;-163;-461;
521408764;8;0;-301;-452;-351;-14;-157;-459;
521409790;9;5;-288;-423;-350;3;-153;-452;
521410819;6;6;-288;-433;-342;1;-139;-456;
521411851;1;-3;-283;-444;-360;0;-144;-469;
521412883;4;9;-296;-436;-360;0;-141;-443;
521413912;-3;1;-294;-435;-359;-6;-155;-464;
521414940;19;15;-294;-429;-359;0;-154;-437;
521415970;3;6;-289;-451;-348;-6;-158;-444;
521417060;12;-4;-283;-418;-332;-7;-165;-463;
521418093;14;83;-295;-440;-355;-3;-159;-464;
521419120;4;-12;-299;-447;-376;-14;-158;-464;
521420160;4;-7;-291;-444;-361;-23;-162;-462;
521421193;9;-5;-305;-434;-366;1;-121;-456;
521422220;24;4;-284;-437;-345;-1;-143;-451;
521423254;13;15;-280;-439;-348;-1;-152;-462;
521424282;0;-9;-301;-449;-369;-6;-163;-447;
521425323;8;17;-280;-437;-361;-5;-151;-439;
521426353;-2;19;-291;-437;-357;3;-143;-450;
521427380;2;13;-307;-438;-360;-10;-164;-460;
521428411;-7;16;-290;-443;-364;0;-154;-456;
521429448;27;22;-272;-417;-330;14;-135;-431;
521430492;20;11;-284;-436;-363;11;-134;-447;
521431525;9;6;-287;-435;-364;-6;-141;-444;
521432557;4;27;-287;-434;-369;-9;-159;-456;
521433583;-3;-4;-284;-440;-353;-16;-150;-464;
521434612;14;16;-282;-431;-356;-5;-155;-442;
521435641;13;19;-282;-434;-349;-3;-140;-451;
521436662;7;4;-288;-442;-363;-17;-149;-446;
521459679;-2;-2;-288;-443;-357;-5;-159;-438;
521460797;16;10;-295;-435;-331;10;-139;-439;
521461896;11;15;-282;-448;-356;11;-125;-441;
521463002;8;7;-266;-413;-362;4;-142;-440;
521464107;5;7;-284;-446;-355;5;-154;-439;
521465160;78;80;-206;-373;-288;102;-70;-366;
521466244;5;14;-275;-434;-360;1;-135;-326;
521467324;16;6;-282;-438;-356;-2;-144;-445;
521468372;5;0;-220;-539;-471;6;-115;-403;
521469439;3;-11;-205;-507;-456;-12;219;-323;
521470557;-11;0;-136;-584;-488;6;161;-288;
521471663;6;15;-109;-620;-533;-2;225;-251;
521472773;2;-8;-123;-632;-548;-4;215;-252;
521473870;27;4;-169;-501;-364;10;-144;-432;
521474962;14;15;-277;-376;-352;0;-137;-434;
521475995;0;0;-270;-417;-379;1;-142;-441;
521477028;1;6;-285;-451;-351;11;-166;-447;
521478057;4;0;-283;-427;-353;0;-152;-435;
521479093;17;3;-281;-435;-352;5;-138;-436;
521480121;0;9;-283;-440;-360;0;-142;-511;
521481153;9;8;-271;-442;-364;-10;-141;-426;
521482193;5;-8;-292;-443;-354;-2;-144;-439;
521483266;-5;-6;-291;-451;-360;-1;-140;-434;
521484333;-33;-23;-322;-455;-382;-25;-165;-466;
521485372;-2;0;-268;-445;-356;-12;-136;-448;
521486411;1;12;-289;-427;-349;-2;-127;-439;
521487490;-11;-7;-292;-454;-377;-12;-166;-445;
521488530;11;11;-259;-459;-359;7;-112;-424;
521489567;7;-2;-262;-469;-363;-1;-115;-428;
521490621;0;0;-265;-468;-381;6;-116;-425;
521491683;17;8;-271;-458;-370;3;-116;-412;
521492736;20;13;-257;-443;-361;9;-121;-421;
521493798;10;2;-257;-451;-368;-4;-106;-422;
521494833;13;8;-269;-452;-366;-110;-113;-428;
521495947;-13;-13;-282;-465;-388;-2;-128;-445;
521497059;7;-15;-272;-478;-386;-14;-154;-442;
521498171;13;-4;-259;-466;-382;-10;-121;-421;
521499263;6;-8;-262;-454;-379;-8;-115;-433;
521500359;-6;-18;-275;-366;-388;-12;-147;-446;
521501487;22;6;-264;-449;-376;-3;-109;-414;
521502594;18;13;-250;-461;-354;2;-96;-419;
521503704;-1;-12;-259;-444;-374;4;-108;-418;
521504776;-2;4;-231;-454;-378;-4;-128;-430;
521505850;9;5;-267;-469;-378;-8;-108;-424;
521506952;3;-8;-260;-461;-359;17;-112;-415;
521508062;3;-10;-266;-458;-383;8;-109;-433;
521509150;-7;-10;-267;-474;-383;2;-119;-435;
521510262;-4;-25;-278;-480;-315;-28;-150;-450;
521511354;5;6;-248;-457;-372;18;-105;-417;
521512390;4;-9;-256;-473;-382;-1;-112;-419;
521513421;21;0;-261;-463;-369;13;-109;-417;
521514463;11;45;-258;-463;-375;10;-149;-425;
521515486;0;9;-263;-464;-376;-5;-113;-425;
521516521;8;1;-266;-457;-367;8;-108;-420;
521517555;8;-1;-253;-454;-366;10;-107;-424;
521518584;-40;-39;-312;-516;-425;-52;-164;-464;
521519611;24;10;-251;-453;-377;10;-104;-413;
521520640;0;0;-274;-471;-381;2;-116;-425;
521521662;9;-5;-259;-471;-359;-7;-117;-417;
521522695;13;3;-257;-464;-372;5;-100;-373;
521523725;1;5;-267;-469;-378;7;-110;-421;
521524763;-10;-12;-258;-475;-375;-3;-166;-432;
521525797;12;-4;-266;-470;-386;-9;-109;-424;
521526824;21;23;-250;-436;-356;12;-102;-400;
521527858;11;7;-250;-463;-359;8;-114;-423;
521528892;9;4;-271;-462;-366;-1;-132;-448;
521529929;3;5;-273;-454;-358;6;-93;-440;
521531028;9;5;-277;-415;-358;-45;-141;-429;
521532138;16;8;-265;-438;-361;-1;-128;-429;
521533181;6;0;-270;-448;-357;5;-136;-426;
521534228;15;15;-268;-433;-361;6;-127;-435;
521535310;-2;1;-285;-453;-354;0;-136;-413;
521536335;8;-8;-288;-458;-375;-5;-145;-437;
521537366;1;9;-270;-429;-347;12;-128;-438;
521538390;6;-3;-276;-450;-361;2;-144;-426;
521539470;6;22;-279;-449;-366;0;-134;-437;
521540579;8;5;-270;-450;-361;10;-144;-439;
521541670;0;-14;-283;-464;-371;-10;-155;-436;
521542791;-4;-5;-292;-458;-374;-6;-189;-452;
521543885;13;13;-266;-441;-352;0;-148;-423;
521544993;12;23;-268;-423;-361;7;-134;-427;
521546067;5;7;-255;-431;-349;22;-130;-421;
521547102;17;4;-264;-440;-357;4;-133;-413;
521548140;-33;-69;-322;-495;-405;-44;-178;-450;
521549197;14;5;-283;-440;-348;-5;-137;-449;
521550276;51;30;-239;-408;-328;39;-102;-389;
521551312;11;3;-284;-454;-359;-78;-142;-426;
521552345;12;19;-270;-438;-359;11;-133;-429;
521553380;21;14;-273;-443;-350;20;-123;-418;
521554435;24;9;-265;-440;-356;10;-131;-432;
521555460;33;19;-267;-414;-354;2;-126;-421;
521556502;9;3;-278;-447;-360;3;-136;-427;
521557546;6;2;-256;-447;-353;12;-128;-424;
521558641;14;4;-282;-438;-357;-1;-129;-432;
521559671;-2;2;-275;-449;-367;-7;-134;-436;
521560758;13;12;-273;-444;-363;-5;-133;-430;
521561787;32;25;-253;-426;-343;14;-121;-411;
521562830;-3;12;-287;-460;-367;-24;-136;-441;
521563865;-11;-1;-279;-463;-374;-14;-146;-441;
521564901;-2;14;-279;-393;-357;-2;-123;-440;
521565977;12;7;-273;-444;-338;-4;-128;-433;
521567050;15;11;-270;-452;-347;-4;-128;-425;
521568149;7;1;-271;-440;-352;-5;-134;-435;
521569260;-31;1;-273;-445;-350;-2;-141;-427;
521570374;10;-1;-278;-445;-355;-6;-147;-431;
521571499;3;2;-271;-449;-340;11;-129;-438;
521572599;17;14;-290;-435;-361;14;-136;-425;
521573707;5;13;-272;-433;-361;-2;-141;-436;
521574805;3;28;-267;-448;-356;7;-126;-425;
521575909;29;16;-272;-448;-341;15;-129;-436;
521577006;-7;9;-293;-473;-370;-7;-100;-434;
521578134;11;12;-259;-442;-350;0;-123;-424;
521579244;8;6;-293;-437;-281;-8;-147;-420;
521580343;0;-4;-281;-445;-352;-9;-133;-417;
521581454;-3;-3;-291;-452;-371;-12;-152;-432;
521582572;5;14;-274;-438;-352;8;-129;-417;
521583642;-9;-5;-290;-439;-362;4;-133;-435;
521584661;14;-3;-282;-442;-327;7;-133;-431;
521585755;1;-10;-285;-458;-353;-13;-139;-442;
521586868;8;-2;-282;-438;-366;-6;-150;-436;
521587976;9;12;-269;-433;-356;0;-161;-412;
521589070;9;9;-274;-451;-361;-15;-136;-434;
521590172;20;17;-278;-450;-339;18;-117;-418;
521591203;6;9;-263;-434;-363;4;-141;-424;
521592244;-1;8;-284;-440;-400;-5;-35;-429;
521593351;31;22;-260;-441;-348;15;-127;-406;
521594395;12;19;-275;-436;-348;12;-133;-423;
521595442;10;9;-268;-444;-356;9;-141;-432;
521596476;-5;3;-284;-453;-355;8;-134;-418;
521597502;2;-1;-263;-444;-368;-11;-135;-435;
521598531;3;3;-286;-453;-357;5;-136;-439;
521599558;16;10;-279;-444;-351;4;-128;-424;
521600590;12;4;-267;-440;-345;4;-126;-426;
521601612;-5;8;-275;-433;-357;1;-145;-432;
521602637;8;15;-267;-449;-358;-6;-139;-428;
521603658;-2;10;-272;-438;-347;-2;-136;-429;
521604678;12;0;-277;-439;-360;11;-124;-434;
521605698;5;4;-287;-453;-357;-6;-151;-421;
521606719;7;-2;-275;-438;-358;7;-136;-427;
521607747;21;7;-259;-428;-349;9;-121;-418;
521608768;13;6;-275;-426;-349;4;-129;-424;
521609789;4;-1;-281;-436;-358;-1;-138;-415;
521610818;8;1;-285;-452;-352;-7;-138;-425;
521611853;-6;-3;-279;-456;-364;-16;-146;-429;
521612876;-29;-7;-285;-454;-362;-16;-155;-444;
521613908;0;4;-287;-442;-358;-9;-149;-432;
521614937;9;-3;-277;-448;-362;5;-140;-438;
521615971;-12;-1;-280;-457;-376;-15;-156;-444;
521616995;0;25;-267;-436;-349;-2;-132;-423;
521618024;9;14;-271;-434;-351;4;-133;-415;
521619058;43;58;-219;-408;-326;38;-86;-391;
521620085;5;12;-282;-432;-370;4;-140;-435;
521621107;13;8;-282;-443;-313;-3;-136;-423;
521622178;12;-9;-292;-445;-370;-9;-149;-441;
521623243;5;9;-297;-440;-356;-4;-141;-435;
521638085;11;48;-274;-448;-344;-37;-124;-423;
521639180;14;10;-261;-428;-338;9;-135;-430;
521640273;-2;19;-285;-453;-358;-7;-143;-435;
521641343;16;3;-264;-434;-345;7;-138;-426;
521642364;5;0;-273;-456;-348;2;-141;-425;
521643385;6;9;-269;-441;-351;-4;-95;-423;
521644408;9;5;-272;-438;-355;-4;-144;-417;
521645435;14;18;-275;-444;-352;2;-134;-427;
521646454;3;-2;-263;-440;-351;-6;-146;-437;
521647476;25;22;-278;-441;-353;0;-142;-435;
521648497;6;15;-282;-435;-346;6;-139;-437;
521649535;-4;4;-278;-471;-352;4;-146;-424;
521650575;21;14;-278;-434;-343;0;-144;-427;
521651602;-3;-3;-275;-443;-346;-3;-152;-440;
521652639;-13;-17;-309;-476;-374;-8;-170;-453;
521653664;20;13;-267;-445;-345;4;-135;-435;
521654696;9;4;-281;-448;-370;-16;-154;-444;
521655722;17;-4;-287;-448;-362;-5;-135;-443;
521656778;11;-1;-284;-425;-364;-5;-142;-438;
521657835;16;8;-285;-441;-350;6;-147;-435;
521658861;5;-2;-284;-440;-341;-10;-155;-429;
521659883;15;9;-279;-443;-348;-4;-147;-448;
521660903;6;-6;-278;-446;-355;-6;-163;-451;
521661924;-8;1;-285;-449;-353;-20;-166;-452;
521662946;22;7;-289;-436;-348;-10;-144;-322;
521663971;18;14;-278;-441;-354;7;-153;-447;
521664993;1;-5;-283;-440;-348;-8;-149;-442;
521666013;5;12;-288;-448;-353;0;-158;-458;
521667033;4;-2;-302;-449;-354;-15;-143;-452;
521668061;10;10;-252;-437;-356;8;-159;-456;
521669094;-4;-15;-292;-441;-361;-2;-167;-466;
521670133;6;17;-269;-434;-331;16;-143;-442;
521671171;-2;1;-276;-433;-335;11;-157;-426;
521672206;-1;3;-292;-417;-352;11;-157;-466;
521673245;2;24;-281;-421;-358;2;-114;-471;
521735077;-9;-9;-296;-451;-345;-6;-148;-471;
521736205;24;13;-273;-425;-332;2;-136;-452;
521737306;1;13;-281;-429;-337;9;-112;-463;
521738392;12;8;-289;-412;-341;2;-112;-462;
521739503;2;8;-286;-442;-342;10;-121;-475;
521740595;22;0;-266;-417;-332;27;-112;-461;
521741692;0;8;-297;-435;-338;-2;-132;-465;
521742803;10;8;-279;-439;-337;-1;-129;-460;
521743912;11;20;-283;-422;-329;12;-137;-461;
521745008;4;-5;-288;-440;-340;-5;-137;-469;
521746112;-4;2;-289;-429;-340;1;-143;-465;
521747224;3;0;-282;-430;-336;-11;-97;-460;
521748284;1;-1;-282;-416;-334;-9;-117;-469;
521749312;0;18;-291;-419;-355;4;-114;-463;
521750380;2;7;-292;-430;-325;8;-104;-473;
521751463;22;-2;-286;-431;-332;10;-131;-467;
521752550;-4;7;-295;-428;-326;11;-123;-467;
521753675;-1;-1;-279;-433;-335;2;-115;-467;
521754796;1;23;-270;-418;-331;14;-108;-484;
521755912;-25;-23;-309;-460;-349;-24;-143;-526;
521757033;-8;-14;-309;-449;-354;-16;-134;-462;
521758143;0;-2;-273;-422;-326;-1;-123;-456;
521759255;-5;4;-288;-342;-339;8;-118;-469;
521760349;11;-5;-278;-427;-332;6;-128;-468;
521761386;-12;-9;-290;-442;-339;-2;-133;-473;
521762437;4;4;-288;-441;-341;-2;-125;-466;
521763469;0;-4;-282;-437;-329;-1;-124;-474;
521764556;-1;-7;-293;-447;-351;-10;-138;-477;
521765618;-25;-6;-288;-438;-344;-9;-141;-461;
521766663;2;-5;-269;-427;-336;0;-134;-464;
521767698;0;1;-270;-422;-347;9;-128;-464;
521768723;-2;6;-283;-426;-334;1;-141;-461;
521769764;-9;-11;-289;-446;-347;-5;-146;-466;
521770828;-5;1;-279;-440;-339;-5;-154;-460;
521771888;-3;-1;-277;-439;-349;-11;-139;-464;
521772928;-9;9;-281;-440;-343;-12;-151;-466;
521773958;11;-1;-286;-440;-341;-4;-138;-456;
521775052;0;2;-281;-432;-344;5;-141;-456;
521776163;5;4;-257;-423;-326;15;-139;-452;
521777264;0;-8;-290;-435;-436;-23;-126;-469;
521778383;0;1;-281;-431;-331;5;-107;-456;
521779511;1;13;-284;-427;-335;14;-115;-465;
521780616;-4;-6;-299;-443;-347;-11;-172;-455;
521781701;11;-6;-286;-431;-340;-3;-117;-461;
521782727;-6;-9;-280;-434;-338;-2;-109;-465;
521783756;22;-6;-290;-442;-354;-3;-132;-456;
521784863;0;0;-276;-439;-329;-1;-120;-458;
521785895;-8;-8;-289;-435;-350;-7;-136;-459;
521786927;1;0;-286;-440;-342;-1;-123;-462;
521787951;-2;-105;-280;-440;-346;0;-118;-466;
521788996;-19;-2;-289;-447;-346;-8;-129;-466;
521790027;7;15;-275;-548;-336;-1;-105;-453;
521791061;1;-10;-275;-441;-348;0;-108;-460;
521792097;-1;-1;-286;-431;-333;-4;-116;-447;
521793132;3;13;-277;-418;-327;0;-121;-441;
521794163;2;41;-289;-430;-364;-2;-139;-469;
521795208;14;-1;-263;-439;-348;29;-142;-453;
521796300;-3;-5;-286;-450;-332;1;-129;-431;
521797334;6;14;-269;-421;-339;8;-121;-440;
521798371;20;1;-272;-437;-338;1;-127;-452;
521799417;-2;1;-289;-461;-359;0;-132;-454;
521800465;-5;2;-288;-445;-348;-1;-133;-458;
521801583;-9;-4;-275;-429;-350;-2;-107;-450;
521802689;3;10;-281;-446;-408;12;220;-347;
521803793;-8;-4;-160;-545;-479;-4;42;-331;
521804902;-1;9;-163;-531;-402;0;-115;-436;
521806002;-9;-159;-170;-541;-398;-9;325;-303;
521807114;3;20;-151;-508;-382;6;-95;-410;
521808228;42;37;-232;-398;-304;16;-83;-412;
521809328;2;-8;-278;-447;-361;-5;-121;-456;
521810446;-1;-2;-279;-441;-334;0;-131;-462;
521811534;6;-5;-288;-442;-350;0;-133;-455;
521812641;7;17;-265;-458;-415;4;337;-279;
521813735;15;16;-81;-591;-495;21;356;-248;
521814839;0;-4;-107;-606;-524;-2;323;-249;
521815949;-13;-17;-120;-633;-530;-11;316;-266;
521817043;6;14;-102;-612;-509;11;291;-260;
521818149;0;2;-107;-646;-514;7;309;-262;
521819236;-36;-2;-139;-556;-469;13;156;-317;
521820361;9;-12;-165;-544;-469;5;104;-330;
521821466;-13;-6;-188;-534;-432;-10;45;-376;
521822568;-4;4;-220;-510;-403;13;-25;-374;
521823652;-9;0;-260;-464;-361;-4;-126;-430;
521824752;-6;-34;-284;-466;-362;-14;-146;-452;
521825846;-6;-4;-290;-448;-371;-14;-162;-455;
521826951;-7;-16;-272;-391;-353;0;-139;-438;
521828063;2;-5;-257;-449;-344;7;-138;-425;
521829172;-3;5;-274;-455;-356;13;-146;-438;
521830282;-47;-2;-273;-452;-343;-38;-140;-468;
521831384;-8;-3;-285;-461;-363;-4;-147;-432;
521832508;-5;-10;-283;-444;-357;1;-144;-438;
521833611;-15;-16;-277;-470;-369;-5;-155;-452;
521834644;-8;-13;-236;-455;-349;13;-163;-440;
521835677;-5;11;-236;-469;-390;3;-142;-444;
521836762;1;1;-272;-444;-347;1;-151;-438;
521837825;-13;48;-278;-479;-376;-17;-169;-449;
521838861;-1;-3;-266;-452;-358;-3;-142;-438;
521839883;-3;-4;-267;-457;-352;-4;-162;-432;
521840915;-6;-109;-259;-498;-406;-13;-36;-374;
521841992;-2;-3;-153;-543;-475;7;-41;-369;
521843020;5;-9;-178;-572;-481;9;290;-257;
521844051;9;-15;-95;-635;-533;28;281;-248;
521845086;-4;-4;-105;-649;-527;9;285;-180;
521846110;0;-9;-97;-623;-535;6;274;-238;
521847136;14;-11;-108;-633;-528;10;284;-248;
521848198;-1;-14;-104;-620;-534;-1;269;-245;
521849284;-9;-22;-129;-573;-439;-4;-129;-403;
521850396;2;0;-252;-468;-356;14;-146;-406;
521851525;-4;1;-256;-466;-361;31;-153;-411;
521852644;1;-7;-253;-452;-361;7;-154;-432;
521853751;-7;16;-262;-468;-357;8;-175;-421;
521854867;-4;-8;-264;-467;-368;0;-152;-427;
521855981;-5;-17;-273;-443;-358;1;-175;-430;
521857112;-30;-115;-290;-495;-385;-29;-206;-450;
521858180;-35;1;-256;-476;-368;-6;-173;-423;
521859209;2;-1;-258;-473;-356;-1;-163;-415;
521860239;-5;-12;-257;-463;-368;9;-162;-424;
521861280;-3;-9;-290;-445;-378;-5;-179;-415;
521862341;-17;-17;-272;-471;-365;-9;-183;-435;
521863372;1;-2;-257;-475;-357;4;-172;-413;
521864417;-9;-5;-254;-476;-372;7;-169;-412;
521865452;16;-2;-247;-467;-368;6;-125;-421;
521866482;34;26;-268;-433;-328;36;-135;-390;
521867524;1;1;-258;-462;-369;2;-169;-403;
521868623;-7;-19;-251;-479;-383;-6;-190;-422;
521869718;0;-6;-242;-491;-380;-8;-187;-414;
521870808;-2;-3;-242;-467;-380;9;-191;-411;
521871941;-17;-10;-243;-470;-368;-3;-182;-401;
521873034;-5;-20;-248;-475;-377;-5;-204;-405;
521874152;-1;-20;-248;-493;-375;-9;-199;-412;
521875213;2;-16;-233;-477;-384;-8;-199;-394;
521876243;-5;-19;-250;-495;-386;-5;-197;-395;
521877326;-2;72;-230;-505;-384;1;-185;-384;
521878379;-5;-1;-158;-556;-469;3;-100;-347;
521879473;6;-3;-246;-489;-390;-109;-199;-393;
521880499;0;1;-227;-488;-390;12;-226;-365;
521881547;3;-10;-240;-494;-381;8;-195;-407;
521882597;-1;-4;-225;-490;-386;5;-196;-387;
521883631;6;25;-231;-484;-395;69;-201;-391;
521884735;1;-7;-227;-488;-380;6;-219;-398;
521885830;-17;-29;-245;-494;-380;10;-214;-396;
521886935;-23;-22;-285;-518;-387;-9;-234;-401;
521888036;-25;-27;-250;-506;-409;-5;-237;-396;
521889145;-14;-3;-244;-541;-389;7;-222;-381;
521890197;4;-11;-231;-492;-388;4;-225;-385;
521891224;18;-12;-223;-493;-390;-9;-225;-391;
521892258;-19;-22;-245;-500;-388;-5;-231;-399;
521893293;0;-11;-232;-494;-386;2;-220;-385;
521894322;-6;-6;-235;-497;-400;-2;-226;-392;
521895352;0;-2;-231;-518;-403;-4;-228;-382;
521896395;19;-11;-227;-500;-385;-79;-218;-381;
521897435;-8;-36;-247;-507;-418;-2;-234;-385;
521898471;-5;-2;-224;-500;-404;3;-229;-276;
521899502;-1;-8;-220;-498;-373;5;-220;-381;
521900530;-4;-18;-223;-498;-398;6;-232;-361;
521901559;4;-7;-219;-512;-398;4;-219;-378;
521902586;-15;-21;-235;-511;-418;-8;-232;-377;
521903613;-3;-6;-220;-513;-409;4;-220;-360;
521904652;7;-26;-222;-512;-414;12;-229;-378;
521905690;-1;-13;-219;-513;-479;16;-218;-360;
521906715;0;-9;-228;-510;-403;6;-220;-375;
521907757;-24;-23;-338;-523;-428;-52;-236;-387;
521908812;-11;-29;-243;-518;-417;-5;-231;-373;
521909893;-1;-15;-221;-516;-404;-1;-221;-370;
521910928;3;-50;-221;-511;-403;12;-217;-368;
521911968;-10;-20;-220;-510;-414;-8;-220;-358;
521912992;-15;-18;-238;-528;-422;8;-225;-361;
521914019;-5;-17;-225;-513;-410;4;-236;-368;
521915050;-3;-16;-223;-522;-415;-9;-223;-351;
521916084;2;0;-219;-522;-410;-2;-230;-364;
521917148;0;-68;-220;-526;-420;0;-232;-359;
521918217;-2;-24;-223;-521;-420;-3;-242;-365;
521919316;-4;-4;-219;-496;-411;1;-233;-363;
521920420;-9;-25;-225;-524;-421;-5;-247;-366;
521921519;-10;-20;-220;-534;-412;0;-232;-365;
521922609;-1;-25;-253;-532;-424;0;-265;-356;
521923716;-11;-19;-208;-527;-424;2;-242;-363;
521924812;-2;-22;-222;-529;-406;-1;-228;-362;
521925911;-13;-33;-233;-544;-423;-7;-260;-379;
521927004;-5;-12;-206;-533;-429;1;-249;-366;
521928056;-13;-18;-226;-529;-420;-10;-253;-368;
521929100;-4;-24;-220;-528;-410;-8;-233;-368;
521930160;12;3;-214;-511;-394;10;-228;-348;
521931189;-3;-8;-216;-511;-407;4;-236;-357;
521932298;2;-19;-221;-528;-416;5;-241;-367;
521933446;-1;-9;-221;-532;-416;-3;-254;-366;
521934556;-2;-8;-187;-532;-409;1;-241;-372;
521935647;4;-12;-216;-531;-416;9;-240;-362;
521936763;-24;-25;-224;-538;-423;9;-249;-386;
521937797;-9;-10;-216;-532;-403;18;-236;-359;
521938832;-26;-22;-200;-541;-409;-7;-263;-378;
521939865;-21;-9;-225;-544;-421;-5;-257;-381;
521940898;-128;-31;-231;-545;-425;-16;-276;-397;
521941993;-12;-12;-220;-533;-412;39;-257;-361;
521943040;49;-46;-229;-540;-427;1;-266;-375;
521944076;-16;-14;-233;-533;-424;-6;-262;-364;
521945107;-15;-6;-219;-520;-411;14;-278;-372;
521946147;-35;-21;-229;-529;-417;-8;-267;-390;
521947178;-26;-15;-223;-526;-413;-1;-273;-374;
521948209;-9;-15;-229;-532;-415;-5;-277;-370;
521949243;-23;-15;-223;-529;-416;-1;-283;-369;
521950277;-20;-19;-226;-521;-407;-6;-288;-390;
521951312;-16;-30;-230;-542;-420;-8;-282;-379;
521952366;-11;-14;-220;-529;-415;5;-280;-373;
521953390;-8;-19;-219;-525;-406;4;-280;-382;
521954491;-8;-9;-230;-529;-398;-2;-283;-367;
521955524;-4;-3;-216;-523;-405;9;-282;-382;
521956576;-26;-15;-223;-516;-397;5;-293;-375;
521957657;-45;-12;-220;-518;-386;32;-283;-381;
521958737;-12;-8;-228;-527;-393;-3;-291;-402;
521959837;-27;-18;-237;-560;-415;-17;-312;-523;
521960953;-17;-5;-96;-524;-401;-5;-295;-395;
521962047;-6;-16;-220;-527;-398;0;-298;-394;
521963133;-4;-16;-216;-510;-387;18;-283;-380;
521964238;-12;-18;-228;-531;-412;-7;-286;-405;
521965342;0;-4;-220;-520;-386;6;-290;-389;
521966390;-7;-13;-220;-514;-388;-8;-288;-386;
521967442;0;-17;-225;-521;-403;-2;-299;-393;
521968511;-11;-65;-200;-510;-386;6;-284;-401;
521969545;-20;-32;-235;-531;-411;-16;-302;-398;
521970625;-19;-31;-239;-543;-394;-22;-308;-401;
521971743;-10;-13;-228;-527;-385;-3;-293;-387;
521972849;-1;-9;-237;-535;-390;-5;-273;-388;
521973946;-6;-10;-201;-533;-392;-6;-279;-401;
521975028;0;-12;-220;-527;-386;11;-278;-383;
521976125;-19;-12;-223;-523;-386;2;-290;-400;
521977232;-18;-16;-239;-534;-409;-5;-299;-409;
521978336;4;44;-222;-510;-382;10;-293;-398;
521979454;10;-3;-219;-508;-393;20;-276;-393;
521980538;-10;-12;-226;-530;-395;0;-290;-399;
521981587;0;-16;-207;-522;-391;-4;-285;-404;
521982700;-3;-5;-220;-518;-391;-17;-283;-410;
521983800;-3;-7;-239;-526;-435;8;-283;-387;
521984911;-11;-39;-232;-537;-396;-1;-296;-420;
521985997;-4;-12;-224;-522;-385;5;-287;-408;
521987089;-25;-57;-233;-533;-407;-11;-305;-421;
521988138;4;-9;-224;-524;-382;-112;-282;-387;
521989165;-11;-25;-233;-527;-399;-4;-287;-423;
521990198;-13;-23;-232;-539;-396;-15;-304;-414;
521991214;11;-18;-225;-578;-396;7;-271;-404;
521992254;-6;-12;-241;-526;-393;5;-279;-411;
521993285;-5;-9;-224;-530;-394;20;-282;-416;
521994316;-4;-25;-232;-533;-391;-6;-267;-413;
521995350;-7;-8;-219;-522;-380;-6;-282;-397;
521996380;-19;-37;-232;-535;-390;3;-280;-417;
521997421;-13;-18;-228;-526;-380;-7;-289;-405;
521998454;-14;-9;-239;-529;-390;-8;-287;-415;
521999495;7;-13;-222;-525;-383;-2;-262;-392;
522000528;2;1;-223;-501;-386;3;-259;-397;
522001558;0;-4;-224;-523;-376;5;-264;-412;
522002601;-5;-2;-212;-516;-378;23;-261;-403;
522003688;-19;-12;-238;-526;-389;-4;-208;-402;
522004744;9;-12;-223;-527;-373;0;-261;-399;
522005815;0;-36;-222;-518;-381;-4;-250;-386;
522006847;-26;-6;-226;-521;-393;-6;-263;-409;
522007880;-28;-27;-233;-539;-397;-13;-270;-416;
522008911;-14;-19;-232;-534;-387;-6;-272;-407;
522009948;-11;-8;-221;-504;-379;13;-271;-399;
522011045;-14;-5;-221;-594;-465;2;-221;-370;
522012134;-5;-2;-106;-659;-527;3;127;-230;
522013223;0;4;-95;-655;-513;14;138;-220;
522014324;-15;-28;-98;-666;-517;-4;124;-219;
522015455;-12;-13;-127;-617;-420;1;115;-270;
522016555;-7;-18;-298;-449;-310;-8;122;-373;
522017664;0;-20;-303;-435;-287;5;-115;-394;
522018774;-13;-16;-307;-535;-296;-4;-503;-484;
522019890;13;-5;-297;-425;-284;9;-506;-490;
522021001;-15;-22;-319;-411;-276;3;-530;-504;
522022108;-2;-4;-306;-414;-285;2;-524;-492;
522023214;-29;-44;-320;-422;-288;3;-542;-519;
522024312;-32;-14;-321;-425;-283;16;-507;-523;
522025410;-22;-23;-316;-419;-321;-9;-522;-511;
522026446;-27;-19;-316;-407;-314;-2;-548;-513;
522027472;-35;-5;-292;-424;-272;-5;141;-374;
522028501;-28;-4;-103;-618;-500;6;137;-232;
522029535;-20;-14;-101;-678;-524;-13;126;-232;
522030563;-20;-19;-98;-656;-525;-4;141;-229;
522031618;-19;-14;-96;-659;-521;-5;144;-201;
522032716;-30;-18;-103;-659;-525;-14;125;-234;
522033753;-53;-45;-129;-671;-530;-23;117;-226;
522034785;-5;-13;-90;-656;-522;-3;180;-221;
522035858;-5;-7;-92;-636;-511;8;136;-217;
522036898;-13;-29;-93;-660;-511;-33;131;-228;
522037964;-14;-6;-88;-650;-514;10;129;-223;
522039006;-26;-11;-98;-705;-521;-9;120;-229;
522040048;-10;-18;-93;-645;-495;0;131;-222;
522041109;-21;-17;-100;-652;-513;-5;128;-225;
522042142;-11;-19;-105;-653;-518;-11;118;-251;
522043176;-34;-17;-108;-688;-517;-4;125;-224;
522044206;-5;-6;-124;-644;-508;3;-193;-285;
522045237;0;-16;-287;-449;-331;-4;-461;-452;
522046265;-14;-3;-279;-428;-279;37;-470;-470;
522047294;-15;-28;-343;-423;-291;1;-501;-494;
522048324;-12;-30;-312;-424;-292;1;-516;-494;
522049350;-13;-18;-316;-416;-279;-7;-516;-487;
522050438;-14;-18;-315;-423;-280;1;-502;-500;
522051560;-8;-7;-311;-427;-281;-45;-522;-501;
522052673;1;-2;-308;-420;-269;9;-514;-501;
522053775;-7;-21;-304;-422;-269;-8;-515;-510;
522054879;-13;-20;-309;-408;-274;1;-531;-494;
522055970;-14;-24;-316;-527;-285;5;-529;-490;
522057031;-36;-26;-318;-427;-290;-11;-542;-526;
522058060;-19;-15;-315;-409;-330;-11;-529;-510;
522059099;-22;-20;-307;-416;-276;-6;-547;-514;
522060150;1;-3;-304;-403;-280;1;-530;-502;
522061217;-10;-9;-325;-412;-270;-4;-520;-510;
522062244;-6;-3;-307;-403;-269;5;-521;-495;
522063320;-16;-28;-322;-416;-314;0;-546;-519;
522064347;-29;-11;-309;-423;-288;-1;-547;-495;
522065407;-24;-17;-95;-644;-475;9;126;-266;
522066518;-25;-34;-111;-546;-377;12;-450;-430;
522067627;-28;-9;-150;-581;-417;1;-403;-401;
522068731;108;-20;-272;-568;-460;4;144;-249;
522069853;-91;-84;-160;-634;-460;-70;55;-400;
522070946;-12;-13;-252;-461;-324;-5;-477;-470;
522071977;-6;-10;-310;-424;-275;-5;-512;-499;
522072994;13;12;-282;-377;-262;26;-490;-475;
522074033;-17;-7;-322;-409;-266;-30;-525;-507;
522075140;-13;-1;-307;-404;-274;21;-371;-493;
522076175;-16;-18;-319;-435;-272;2;-527;-503;
522077219;1;-2;-314;-410;-281;18;-526;-520;
522078280;-12;-1;-326;-405;-284;-1;-542;-503;
522079344;-18;-23;-318;-420;-270;1;-540;-465;
522080400;-12;-19;-310;-414;-306;0;-537;-510;
522081445;-20;-25;-319;-403;-278;8;-542;-516;
522082522;-28;-11;-313;-410;-269;-10;-542;-505;
522083553;-10;-5;-297;-404;-250;8;-537;-497;
522084583;-4;-17;-315;-417;-279;-3;-545;-505;
522085608;-21;-4;-314;-427;-274;-8;-529;-498;
522086658;-8;0;-309;-405;-301;4;-535;-515;
522087774;-4;-18;-319;-400;-265;11;-533;-519;
522088887;-1;-4;-320;-423;-275;-2;-543;-515;
522089989;-8;-7;-320;-415;-269;2;-534;-529;
522091110;-17;-8;-322;-420;-281;-6;-550;-517;
522092234;-22;-14;-320;-404;-270;16;-542;-526;
522093298;-4;35;-314;-401;-261;-3;-542;-471;
522094322;-13;-16;-312;-407;-267;-51;-541;-515;
522095360;-7;-20;-307;-400;-282;0;-538;-528;
522096415;-45;-2;-320;-412;-285;-8;-545;-519;
522097501;-12;-12;-324;-399;-286;-7;-512;-533;
522098575;-18;-12;-298;-404;-267;-8;-539;-514;
522099610;-9;-13;-302;-415;-260;7;-525;-512;
522100641;-17;-25;-356;-429;-447;-14;-546;-528;
522101681;-4;-9;-313;-407;-273;0;-536;-510;
522102748;-22;-27;-326;-422;-291;6;-547;-513;
522103844;-30;-5;-320;-421;-289;-10;-537;-531;
522104946;-4;-11;-321;-404;-281;-10;-534;-513;
522106065;16;7;-295;-387;-241;33;-513;-490;
522107162;-18;-15;-315;-409;-266;-1;-530;-516;
522108263;9;-6;-287;-389;-262;15;-519;-510;
522109369;-23;-11;-309;-418;-269;1;-526;-514;
522110444;-16;-8;-309;-399;-268;1;-536;-498;
522111483;-7;14;-326;-414;-268;13;-531;-513;
522112568;-24;-20;-315;-420;-285;8;-539;-522;
522113607;-15;-14;-309;-410;-270;10;-519;-490;
522114689;-12;-1;-224;-540;-390;-3;-447;-449;
522115720;-21;-21;-289;-464;-330;-21;-346;-444;
522116777;-31;-9;-98;-660;-519;-5;133;-226;
522117891;-15;-19;-88;-654;-509;-13;132;-246;
522119009;-5;-8;-236;-484;-329;-4;-349;-391;
522120130;-15;-7;-190;-497;-415;3;143;-274;
522121232;-17;-19;-106;-653;-508;5;146;-214;
522122319;-9;-7;-86;-643;-507;2;139;-229;
522123372;-16;-20;-135;-562;-444;4;-69;-246;
522124454;-9;-17;-108;-599;-487;-7;-353;-368;
522125512;-7;0;-295;-430;-305;0;-447;-465;
522126578;-11;-14;-295;-432;-294;0;-464;-474;
522127610;-16;1;-296;-423;-297;3;-467;-492;
522128704;-11;-16;-301;-423;-278;10;-502;-491;
522129810;-10;-18;-303;-418;-291;27;8;-350;
522130914;-1;-13;-233;-463;-315;1;-465;-472;
522132019;-15;-4;-268;-406;-290;-1;-481;-493;
522133132;-10;-6;-307;-417;-424;4;140;-256;
522134232;5;-7;-78;-639;-510;17;147;-223;
522135330;-7;-4;-232;-469;-326;0;-438;-440;
522136365;-6;-13;-291;-423;-288;8;-484;-484;
522137477;-9;-11;-291;-420;-268;7;-488;-474;
522138514;-33;-18;-257;-594;-484;-2;124;-265;
522139585;-31;-37;-110;-663;-522;-13;123;-239;
522140638;-22;-1;-92;-644;-505;8;133;-221;
522141681;-21;-14;-88;-650;-508;-7;134;-226;
522142745;-18;-7;-97;-652;-508;-1;125;-225;
522143769;-13;-8;-100;-640;-551;-4;135;-242;
522144865;-13;-24;-98;-642;-505;6;132;-223;
522145981;-11;-11;-101;-643;-487;0;137;-218;
522147082;-17;-17;-108;-647;-497;4;145;-209;
522148194;0;-13;-94;-639;-507;9;142;-223;
522149307;6;5;-81;-633;-493;17;198;-215;
522150409;-17;-12;-98;-632;-505;-10;133;-220;
522151453;-19;-3;-105;-649;-498;6;135;-223;
522152478;-20;-14;-103;-651;-516;-2;133;-207;
522153560;-15;-12;-108;-649;-511;-3;139;-225;
522154637;-8;-8;-117;-643;-505;-1;125;-224;
522155678;-8;-17;-111;-645;-508;-1;134;-233;
522156728;-7;-5;-110;-649;-510;4;82;-225;
522157779;-5;2;-99;-629;-499;-1;132;-217;
522158805;-3;-8;-108;-645;-514;-1;128;-222;
522159923;-66;-2;-113;-641;-495;7;144;-195;
522161027;-7;-16;-101;-644;-503;6;145;-223;
522162120;-7;0;-98;-643;-510;0;146;-220;
522163213;-10;-14;-121;-647;-495;4;136;-226;
522164306;-42;-21;-135;-652;-531;-16;104;-233;
522165413;-1;0;-100;-614;-489;4;154;-191;
522166445;-13;-5;-108;-645;-482;8;137;-225;
522167472;-16;-9;-101;-641;-503;-9;120;-87;
522168575;-12;-12;-106;-617;-499;2;135;-258;
522169662;0;-16;-102;-651;-491;6;141;-220;
522170706;-20;-22;-113;-642;-514;6;120;-229;
522171771;-19;-7;-109;-634;-497;9;132;-201;
522172810;-14;-14;-113;-655;-498;-2;132;-223;
522173937;-20;-14;-105;-622;-505;5;137;-220;
522175049;-23;-19;-112;-652;-513;0;125;-229;
522176150;-29;-22;-113;-649;-498;-17;133;-229;
522177238;-20;-7;-110;-633;-502;-2;144;-220;
522178350;-20;-18;-119;-637;-513;8;120;-196;
522179458;-5;-20;-108;-635;-492;13;126;-223;
522180552;-11;-8;-106;-635;-500;11;135;-206;
522181658;-16;-11;-102;-644;-518;-1;126;-190;
522182714;-18;-6;-114;-633;-496;5;133;-193;
522183741;-31;-2;-111;-639;-495;0;130;-220;
522184765;-27;-20;-116;-631;-500;-9;120;-205;
522185874;-24;-12;-115;-647;-497;-16;117;-210;
522186989;-8;-15;-110;-637;-503;12;130;-223;
522188100;-4;-15;-115;-635;-487;0;127;-203;
522189212;-72;-64;-164;-698;-567;-61;65;-287;
522190312;-26;-4;-102;-639;-497;5;130;-224;
522191411;-16;1;-104;-635;-490;0;141;-220;
522192532;-16;-18;-112;-620;-507;1;121;-200;
522193636;-8;-10;-124;-618;-489;0;135;-220;
522194741;-3;-16;-110;-632;-498;10;140;-203;
522195835;-16;-14;-134;-658;-502;0;145;-220;
522196946;-6;-13;-135;-653;-498;-4;128;-229;
522198037;-20;-17;-104;-637;-505;8;132;-200;
522199145;-15;-17;-161;-543;-384;-13;-357;-386;
522200260;-59;-27;-285;-486;-322;-5;-424;-455;
522201380;-1;-13;-272;-421;-297;-1;-420;-447;
522202500;-2;-10;-279;-421;-305;-8;-440;-461;
522203613;-14;-19;-287;-439;-302;-2;-448;-479;
522204723;45;-10;-286;-423;-287;7;-444;-462;
522205838;-24;-8;-293;-440;-310;14;-463;-465;
522206951;-25;-21;-327;-437;-300;4;-450;-480;
522208039;-8;-9;-288;-434;-300;-2;-459;-478;
522209136;-16;-23;-289;-439;-281;-5;-464;-486;
522210250;-15;-11;-289;-430;-289;12;-462;-473;
522211297;-10;0;-292;-419;-283;5;-463;-481;
522212336;-15;0;-292;-423;-278;4;-464;-469;
522213364;-25;-21;-308;-440;-292;-9;-474;-486;
522214410;-28;-7;-283;-435;-294;0;-483;-489;
522215472;-20;-4;-337;-428;-285;12;-466;-486;
522216573;-18;-10;-364;-417;-280;6;-474;-483;
522217647;28;0;-300;-431;-292;-6;-479;-488;
522218678;-23;0;-294;-416;-285;13;-473;-487;
522219758;-17;-9;-281;-424;-283;5;-478;-486;
522220799;-12;-7;-298;-435;-291;0;-480;-485;
522221870;-11;-23;-306;-428;-299;-4;-463;-496;
522222925;-19;-7;-299;-411;-266;-2;-425;-492;
522224026;-20;-12;-287;-431;-277;-8;-469;-476;
522225133;-39;-30;-315;-427;-297;-14;-487;-498;
522226252;-8;4;-291;-419;-289;4;-460;-485;
522227344;-19;-17;-304;-415;-292;14;-485;-489;
522228478;-34;-14;-314;-442;-286;-18;-492;-504;
522229598;-13;-16;-310;-429;-270;-17;-483;-500;
522230699;-7;-8;-301;-379;-263;14;-481;-453;
522231806;-30;-5;-300;-436;-292;-3;-470;-493;
522232931;-13;-7;-284;-424;-283;0;-476;-421;
522234039;-4;-8;-292;-415;-250;7;-484;-484;
522235138;-28;-12;-301;-428;-294;0;-499;-501;
522236265;-5;-12;-296;-428;-286;0;-486;-489;
522237362;-40;-10;-311;-435;-290;-12;-500;-506;
522238437;-33;-16;-311;-520;-293;-4;-496;-494;
522239467;-14;-12;-305;-426;-288;1;-489;-489;
522240492;-4;-9;-306;-428;-280;-3;-444;-501;
522241554;-9;-7;-296;-427;-288;2;-488;-498;
522242621;-22;-42;-310;-445;-289;4;-480;-483;
522243722;-30;-10;-300;-421;-296;-5;-490;-446;
522244827;-9;-1;-289;-419;-276;3;-472;-493;
522245936;-12;4;-287;-415;-280;2;-478;-497;
522247025;-22;-8;-291;-432;-289;-5;-498;-499;
522248132;0;-4;-297;-415;-267;4;-494;-486;
522249233;-54;-57;-340;-447;-313;-35;-534;-493;
522250339;-16;-23;-298;-417;-282;-4;-503;-499;
522251447;-20;-29;-304;-421;-287;0;-497;-505;
522252526;-26;-19;-300;-432;-279;-10;-487;-497;
522253618;-10;1;-301;-424;-279;12;-492;-484;
522254653;-4;-16;-294;-415;-278;-10;-485;-500;
522255731;-24;-11;-285;-414;-284;8;-540;-498;
522256836;99;7;-287;-417;-276;8;-491;-482;
522257944;-14;-21;-310;-426;-285;3;-491;-493;
522259032;-9;-19;-311;-421;-280;3;-494;-517;
522260132;-21;-9;-304;-413;-287;1;-486;-568;
522261228;-17;-24;-288;-418;-271;-4;-497;-506;
522262316;-12;-13;-298;-420;-275;1;-499;-490;
522263360;-30;-28;-321;-440;-292;8;-505;-512;
522264452;-4;-9;-302;-417;-280;13;-493;-492;
522265483;-13;31;-304;-413;-287;-6;-496;-508;
522266525;-16;-24;-307;-412;-292;3;-502;-506;
522267593;-38;3;-180;-586;-474;8;132;-247;
522268615;-3;-14;-94;-623;-442;9;92;-285;
522269705;-13;31;-103;-632;-489;4;125;-231;
522270801;-9;-17;-168;-539;-368;-4;-382;-425;
522271928;-10;-9;-268;-438;-296;7;-435;-475;
522273033;-13;-6;-276;-419;-286;12;-459;-468;
522274141;-4;-1;-283;-408;-279;4;-448;-485;
522275239;-18;-19;-291;-435;-290;6;-469;-492;
522276295;-10;0;-284;-415;-278;5;-520;-484;
522277320;-4;-13;-296;-416;-298;6;-469;-489;
522278353;-3;-7;-286;-409;-278;5;-474;-485;
522279378;3;-56;-301;-413;-284;-3;-474;-499;
522280444;-15;-10;-294;-401;-289;5;-477;-490;
522281546;-18;-13;-314;-417;-313;-6;-490;-497;
522282587;-18;-13;-303;-411;-285;-7;-477;-489;
522283656;-13;-17;-305;-405;-286;0;-480;-499;
522284738;-5;-11;-304;-409;-279;4;-488;-486;
522285776;-11;-15;-300;-409;-277;9;-484;-496;
522286847;-58;-51;-328;-457;-321;-40;-536;-537;
522287888;-29;-7;-299;-408;-278;-4;-490;-510;
522288974;-3;-3;-300;-414;-293;-3;-493;-509;
522290070;-26;-19;-307;-404;-295;-15;-495;-507;
522291168;-10;-10;-290;-398;-282;6;-493;-496;
522292263;-10;-8;-286;-413;-270;8;-483;-498;
522293366;-63;-66;-355;-456;-330;-34;-544;-559;
522294476;-12;-21;-317;-415;-339;68;-487;-506;
522295595;-16;-12;-307;-410;-283;6;-500;-491;
522296696;-11;0;-301;-390;-282;8;-482;-506;
522297825;0;12;-280;-398;-274;8;-478;-480;
522298910;-4;-5;-305;-405;-279;-2;-476;-489;
522300024;-6;-66;-311;-411;-275;13;-494;-501;
522301122;-12;-6;-302;-399;-269;1;-468;-514;
522302236;1;-5;-288;-390;-266;18;-485;-494;
522303351;-3;-9;-305;-398;-282;9;-498;-508;
522304480;-10;-9;-300;-418;-285;-2;-481;-482;
522305586;-23;-4;-299;-404;-281;-2;-502;-516;
522306698;-1;-13;-307;-405;-282;-1;-502;-490;
522307823;-22;-30;-306;-403;-281;-22;-483;-512;
522308911;-2;9;-282;-417;-266;-30;-477;-497;
522310025;-13;-15;-305;-412;-269;-8;-491;-498;
522311122;-11;4;-300;-394;-275;4;-485;-510;
522312245;-9;0;-309;-412;-269;0;-464;-490;
522313338;-29;-35;-329;-434;-303;-15;-517;-530;
522314379;-15;-13;-314;-417;-280;-7;-525;-514;
522315450;8;-4;-301;-391;-265;0;-481;-492;
522316555;0;5;-283;-398;-283;5;-487;-493;
522317678;-17;-17;-314;-411;-276;-1;-490;-496;
522318785;-12;-22;-305;-399;-287;0;-516;-502;
522319906;-17;-17;-313;-409;-286;-2;-507;-495;
522321015;-8;8;-299;-402;-253;9;-482;-505;
522322113;-1;0;-308;-405;-278;0;-490;-500;
522323193;-9;-8;-293;-396;-277;8;-486;-510;
522324241;-16;-21;-310;-413;-281;0;-504;-505;
522325323;-16;-22;-315;-419;-291;-15;-521;-510;
522326357;-9;-2;-305;-412;-276;3;-503;-520;
522327399;-15;-5;-303;-410;-283;13;-502;-506;
522328438;-3;-15;-297;-414;-282;-2;-501;-508;
522329506;-11;-19;-315;-423;-293;-18;-512;-512;
522330553;-15;-1;-295;-407;-283;-1;-499;-476;
522331599;-34;-32;-313;-421;-289;-3;-515;-529;
522332656;-12;-13;-289;-402;-281;2;-498;-513;
522333695;-29;-27;-298;-405;-278;-3;-502;-509;
522334813;-3;-8;-298;-401;-271;1;-505;-506;
522335912;-11;-6;-291;-411;-285;3;-508;-507;
522337036;-25;-1;-298;-394;-271;-7;-491;-511;
522338142;-13;-14;-318;-423;-293;-13;-518;-517;
522339249;-4;-6;-280;-381;-273;19;-506;-503;
522340339;0;-3;-232;-406;-262;-1;-496;-506;
522341440;1;-16;-297;-401;-283;12;-498;-502;
522342564;-16;-26;-416;-451;-290;1;-517;-511;
522343677;-17;-10;-301;-418;-278;-5;-501;-515;
522344786;-21;0;-309;-420;-283;0;-502;-508;
522345886;-9;-15;-299;-428;-283;-6;-494;-503;
522346981;18;6;-280;-380;-254;29;-468;-483;
522348077;-18;-10;-301;-416;-282;5;-502;-507;
522349183;-1;-11;-300;-403;-281;-8;-498;-507;
522350266;-10;-4;-296;-413;-223;-9;-495;-515;
522351304;-9;-5;-304;-403;-274;0;-502;-493;
522352330;-22;-17;-314;-416;-279;-6;-497;-545;
522353358;-23;-19;-289;-423;-288;1;-509;-513;
522354441;34;36;-247;-387;-219;51;-452;-454;
522355481;-17;-22;-296;-414;-279;-6;-503;-516;
522356514;-2;-5;-295;-414;-272;3;-499;-494;
522357555;-3;9;-283;-406;-270;5;-502;-490;
522358582;-12;6;-295;-397;-278;0;-490;-502;
522359609;0;2;-292;-396;-253;12;-485;-491;
522360641;-12;0;-298;-414;-283;0;-528;-498;
522361718;-26;-17;-306;-447;-296;-8;-493;-516;
522362832;-14;-2;-305;-417;-285;-6;-504;-499;
522363931;-18;-9;-309;-415;-270;-9;-507;-506;
522365043;-17;-29;-314;-421;-275;-13;-507;-513;
522366142;-3;-7;-287;-415;-278;-25;-489;-503;
522367256;-17;-14;-312;-420;-282;-10;-502;-501;
522368306;-5;-10;-289;-408;-276;-5;-489;-507;
522369340;-16;0;-287;-419;-278;15;-500;-503;
522370383;-4;-10;-292;-401;-263;11;-492;-499;
522371433;-11;-5;-303;-411;-279;1;-490;-501;
522372457;-2;-2;-295;-411;-265;6;-547;-505;
522373498;-32;-18;-317;-437;-295;-13;-503;-522;
522374535;-21;-5;-312;-420;-288;-31;-495;-505;
522375597;-10;-6;-305;-429;-284;-20;-497;-512;
522376646;-9;0;-290;-437;-279;6;-501;-506;
522377699;-27;-29;-289;-419;-296;-2;-493;-505;
522378749;-5;-14;-285;-428;-291;-7;-531;-500;
522379832;4;-23;-296;-431;-402;5;-94;-361;
522380871;-20;-12;-91;-575;-389;-11;-412;-460;
522381950;1;-11;-290;-425;-283;0;-468;-487;
522383044;-8;-1;-276;-422;-278;7;-469;-494;
522384141;-16;-13;-291;-412;-269;-8;-473;-494;
522385238;-4;4;-273;-408;-267;11;-462;-482;
522386343;6;3;-290;-416;-266;6;-478;-486;
522387440;-25;-3;-292;-428;-281;-7;-494;-494;
522388552;-10;3;-293;-381;-279;10;-474;-484;
522389669;-4;-8;-272;-412;-271;12;-475;-491;
522390776;-17;-3;-303;-411;-279;-1;-491;-503;
522391835;-8;4;-290;-410;-283;6;-485;-487;
522392888;0;-3;-276;-396;-267;5;-485;-490;
522394000;-11;-2;-271;-398;-276;8;-505;-477;
522395115;-15;-13;-296;-415;-284;-7;-469;-489;
522396208;-81;-66;-343;-476;-355;-61;-553;-561;
522397323;-20;-7;-283;-404;-283;1;-477;-504;
522398448;0;-13;-282;-412;-292;3;-486;-500;
522399582;-1;0;-279;-406;-261;5;-481;-489;
522400686;-13;0;-289;-412;-283;-31;-490;-501;
522401775;-19;3;-293;-406;-282;8;-488;-490;
522402876;-26;-27;-320;-430;-297;-21;-508;-504;
522403991;-17;-1;-288;-422;-278;9;-489;-505;
522405097;-14;2;-284;-411;-293;10;-466;-503;
522406205;-28;-17;-305;-411;-293;-12;-490;-495;
522407309;-20;-16;-297;-415;-286;0;-481;-510;
522408445;-25;-6;-291;-415;-286;-9;-487;-494;
522409551;-39;-15;-311;-427;-297;-24;-485;-528;
522410652;-11;-8;-302;-423;-287;-6;-490;-504;
522411701;-26;-25;-300;-420;-302;-13;-495;-498;
522412779;-7;2;-294;-376;-289;-7;-492;-506;
522413817;-21;-14;-283;-428;-291;-9;-489;-507;
522414925;14;24;-258;-383;-260;37;-446;-463;
522416033;-12;-3;-283;-423;-287;6;-476;-492;
522417154;-14;12;-285;-394;-268;12;-477;-481;
522418261;-30;-24;-305;-421;-289;6;-498;-498;
522419357;0;-16;-286;-419;-278;2;-469;-502;
522420454;7;-17;-303;-405;-290;2;-494;-509;
522421559;-3;-12;-314;-424;-290;0;-486;-507;
522422656;4;-5;-296;-409;-287;-5;-494;-497;
522423769;-16;-13;-310;-413;-290;-6;-468;-511;
522424895;-3;-2;-294;-406;-290;5;-473;-485;
522426011;-11;-157;-306;-413;-284;11;-490;-492;
522427111;-14;-20;-313;-420;-293;3;-496;-499;
522428223;-25;-25;-308;-421;-297;-12;-487;-506;
